CustomerID,FirstName,LastName,Gender,Email,City,State,Country,JoinDate
C000001,Danielle,Johnson,,john21@example.net,New Roberttown,Colorado,Cuba,2022-09-24
C000002,Carolyn,Hoffman,Male,lrobinson@example.com,Port Lindachester,Michigan,Fiji,2022-05-06
C000003,Susan,Rogers,Male,jamesmichael@example.com,Lindsaymouth,Ohio,British Virgin Islands,2026-06-07
C000004,Nicholas,Arnold,,barbara10@example.net,Port Keith,Colorado,Timor-Leste,2022-09-24
C000005,Craig,Ramirez,Female,francisco53@example.net,Jacquelineland,Rhode Island,North Macedonia,2022-06-03
C000006,Jessica,Martin,Male,onelson@example.net,Lake Mark,Wyoming,Singapore,2021-11-05
C000007,Lydia,Trujillo,Male,nadams@example.net,Jasonfort,Montana,Turks and Caicos Islands,2026-02-20
C000008,Stephen,Baker,Male,julieryan@example.net,Hurstfurt,Mississippi,Cyprus,2026-07-22
C000009,Devon,Snyder,,callahaneric@example.org,Carlsonfurt,Missouri,Nepal,2026-07-19
C000010,Allison,Maddox,Male,frazierdanny@example.net,Kaylamouth,Delaware,French Polynesia,2023-09-28
C000011,Shawn,Mckay,,teresa28@example.org,Meaganhaven,Rhode Island,Congo,2022-05-01
C000012,Kathryn,Ryan,,georgetracy@example.org,Natashaport,Kansas,Azerbaijan,2022-10-09
C000013,Ashley,Miller,,wcabrera@example.net,East Donna,Oklahoma,Chad,2022-11-22
C000014,Monique,Henderson,Male,sarahcampos@example.net,Lake Larry,Texas,Pakistan,2023-06-08
C000015,Rachel,Hayes,,jeffreymorgan@example.net,New Jeffrey,California,Russian Federation,2024-09-21
C000016,Jeremy,Whitehead,Female,chad34@example.net,Lewisberg,Washington,Vietnam,2025-12-24
C000017,Barbara,Sanchez,Male,maguirre@example.org,Lake Ryanchester,Nebraska,Lao People's Democratic Republic,2025-11-20
C000018,Brian,Valdez,Male,brownjessica@example.org,East James,New Hampshire,Burundi,2023-09-04
C000019,Joshua,Wright,Male,ramosmichelle@example.net,North Deniseside,Alabama,Bermuda,2026-03-14
C000020,Melinda,Martin,Male,zolson@example.org,South Aaron,Missouri,Estonia,2026-03-14
C000021,Kristen,Mitchell,Male,smoore@example.org,New Jillton,West Virginia,Germany,2021-11-07
C000022,Breanna,Shaw,,brianromero@example.org,New Carlosbury,Montana,British Indian Ocean Territory (Chagos Archipelago),2026-04-11
C000023,Ashley,Riley,,harveyrobert@example.net,Sarahborough,Texas,Saint Barthelemy,2023-02-20
C000024,Joseph,Anderson,Male,stephen10@example.com,North Amandahaven,Kentucky,Bulgaria,2026-03-27
C000025,Nicole,Suarez,,justin78@example.net,Cherylhaven,Alabama,Papua New Guinea,2025-08-26
C000026,Kevin,Alvarado,Male,josephpreston@example.net,West Juan,Indiana,Saint Barthelemy,2023-04-13
C000027,Grace,Farrell,,dking@example.org,Calderonton,Alabama,Grenada,2025-06-03
C000028,Dana,Green,,barnold@example.net,North Charlesberg,Ohio,Argentina,2025-09-27
C000029,Brandi,Hernandez,,bobbydiaz@example.org,Jasonbury,Texas,Bosnia and Herzegovina,2023-05-03
C000030,Anita,Baxter,,sarayoung@example.org,South Angel,West Virginia,Uzbekistan,2023-03-24
C000031,Sarah,Pham,Female,josephcobb@example.org,Brennanfort,Iowa,Cook Islands,2025-08-25
C000032,Steven,Torres,Male,jeffreykeller@example.com,Joshualand,Wyoming,Fiji,2023-04-28
C000033,William,Frazier,Female,sheila14@example.org,Benjaminchester,Minnesota,Saint Lucia,2025-07-01
C000034,Samuel,Joyce,,cruzbarbara@example.com,Lake Ryanhaven,Ohio,Poland,2025-03-01
C000035,Judy,Lambert,Female,ryan59@example.com,Lake Rachelhaven,Maryland,Papua New Guinea,2023-08-11
C000036,Richard,Phillips,Male,jamesortega@example.com,New Ashley,Montana,Mexico,2025-09-26
C000037,Kevin,Clark,Male,steven73@example.net,Leonburgh,Texas,Belize,2022-12-26
C000038,Elizabeth,Harvey,,cardenaskaren@example.net,Jeffreyborough,Georgia,Anguilla,2021-10-18
C000039,Tracey,Carr,Female,gibsonolivia@example.net,Lake Heather,New York,Iran,2022-10-14
C000040,Diana,Smith,Female,osbornejeffery@example.net,Williamsbury,Delaware,Korea,2022-03-26
C000041,Steven,Schmidt,Female,stephanie79@example.net,Rivasside,New Hampshire,Ukraine,2022-05-12
C000042,Michelle,Cole,Male,maryramirez@example.net,Simsview,New Hampshire,Belarus,2025-02-18
C000043,Jimmy,Rogers,Male,taylorjesse@example.net,Lake Jason,Nebraska,Ireland,2023-03-22
C000044,Steven,Brown,Female,xprice@example.net,Port Nicoleshire,Missouri,Lesotho,2021-08-05
C000045,Michael,Molina,Male,vmedina@example.net,South Jeffrey,Nevada,Libyan Arab Jamahiriya,2021-09-17
C000046,Matthew,Shelton,Male,dramsey@example.org,South Brittanytown,Colorado,Norway,2023-09-17
C000047,Michelle,White,Female,nicholas37@example.com,Kathleenfurt,Louisiana,Sao Tome and Principe,2026-04-28
C000048,Robert,Conley,Male,ismith@example.org,Jeffreyland,Wyoming,Pakistan,2021-10-07
C000049,Anthony,Wright,Female,howelljohn@example.com,New Staciemouth,Vermont,Equatorial Guinea,2025-05-27
C000050,Gary,Lawson,Female,stricklandfrank@example.com,New Anthonyport,Oregon,Philippines,2026-02-08
C000051,Nicholas,David,,charlesvaughn@example.net,North Heidi,Maryland,Thailand,2024-12-27
C000052,Linda,Hogan,Female,reedross@example.com,New Deborahtown,Nebraska,Swaziland,2024-01-07
C000053,Ryan,Cox,Male,bzimmerman@example.org,Christinaside,Wyoming,Liberia,2023-11-22
C000054,Margaret,Vargas,,melissa14@example.com,Port Steven,South Carolina,Paraguay,2023-06-18
C000055,Anthony,Rosales,Female,tonykelly@example.com,Joshuaview,Oklahoma,Algeria,2024-02-24
C000056,James,Allen,,wfreeman@example.org,Brewerfort,New Hampshire,Somalia,2021-08-26
C000057,Kelly,Sullivan,Male,kevinperkins@example.com,Ronaldside,Michigan,Guinea,2025-01-30
C000058,Joseph,King,Female,griffithleslie@example.net,East Javier,New Mexico,Falkland Islands (Malvinas),2025-03-10
C000059,Tiffany,Warren,Male,tina34@example.org,Harrytown,Virginia,Martinique,2022-03-14
C000060,Brandon,Brown,,heidi27@example.org,New Justinfort,New Hampshire,Guam,2022-06-27
C000061,Brett,Everett,Female,ewilson@example.com,Joneston,Georgia,Canada,2025-08-15
C000062,Stacy,Miller,,davidduran@example.net,Port Alexandra,New Hampshire,United States of America,2023-10-12
C000063,Michelle,Branch,,ashley09@example.net,Port Jaredborough,Kentucky,Panama,2021-12-21
C000064,John,Arnold,Female,aaronhayes@example.net,Carterbury,Maine,Romania,2022-12-24
C000065,Michele,Jones,,sandrafrench@example.net,South Danny,Iowa,Oman,2022-04-24
C000066,Joseph,Thomas,Male,martinkyle@example.net,Scottmouth,Vermont,Gabon,2025-01-24
C000067,Sherri,Mason,,mkim@example.org,Navarroview,Alaska,Bermuda,2022-09-17
C000068,Emily,Valencia,Male,keyemily@example.com,Port Katelynfort,North Dakota,Pakistan,2023-10-11
C000069,Joshua,Shea,Male,fwalters@example.org,Baileymouth,Massachusetts,Paraguay,2022-02-02
C000070,Eugene,Jenkins,,zroberts@example.net,South Christopherview,Massachusetts,Brazil,2026-06-02
C000071,Richard,Robertson,Male,sandovalamy@example.com,East Aprilfort,South Dakota,Kenya,2025-05-14
C000072,James,Dunn,Female,samuel71@example.org,Lake Eric,Oklahoma,American Samoa,2024-04-29
C000073,Christopher,Gay,Male,murraydavid@example.org,Cantuport,North Carolina,Romania,2022-12-07
C000074,Mary,Baird,Male,stephenthomas@example.org,Port Chad,Wyoming,Somalia,2025-11-03
C000075,Matthew,French,Male,lori44@example.net,Grimesmouth,Ohio,Liberia,2023-04-17
C000076,Andrea,Daniels,Female,mcantu@example.net,New Patrick,Wyoming,Isle of Man,2021-10-13
C000077,Julie,Thornton,Female,qhughes@example.net,South Tammie,Florida,Macao,2026-05-24
C000078,Martin,Garcia,Female,dgarcia@example.org,South Monica,Georgia,Belarus,2023-11-30
C000079,Tanya,Morgan,,vsantos@example.net,Finleyfort,Ohio,Argentina,2024-08-27
C000080,Jimmy,Cohen,Female,wendy16@example.org,South Garrettport,Alaska,Aruba,2023-03-10
C000081,Brian,Howard,Male,hthomas@example.com,East Gregory,South Carolina,Trinidad and Tobago,2023-06-24
C000082,Felicia,Jimenez,Female,jesselittle@example.com,Elizabethmouth,Maine,Philippines,2024-04-19
C000083,Charles,Landry,Female,danielle64@example.com,Jamesfurt,New Mexico,Botswana,2022-10-02
C000084,Ashley,Andrews,Male,andrew64@example.org,New Julieport,Wyoming,South Georgia and the South Sandwich Islands,2022-09-19
C000085,Laurie,Robinson,,christinebyrd@example.net,Lake Colton,South Dakota,Oman,2021-10-06
C000086,Kristina,Johnson,Female,jessica14@example.com,Thompsonberg,Ohio,Turkey,2026-06-04
C000087,Alyssa,Mcintyre,,jonathansummers@example.com,Juliemouth,Delaware,Lao People's Democratic Republic,2026-05-20
C000088,Donald,Levy,,zcoffey@example.net,Christopherfurt,Alabama,Estonia,2024-04-01
C000089,Shawn,Chambers,,brenda51@example.net,South Angel,Oklahoma,Greece,2026-02-22
C000090,Jeffrey,Brown,Male,tblankenship@example.net,Wilsonton,Arizona,Gabon,2026-07-19
C000091,Darren,Young,,paulwatson@example.net,Matthewsberg,Nebraska,Palau,2022-01-22
C000092,Tracy,Russell,,antonio53@example.com,Sampsonstad,Connecticut,Poland,2023-05-28
C000093,Rachel,Newman,Male,sandersjames@example.org,Davisborough,Tennessee,Northern Mariana Islands,2024-07-20
C000094,Andrew,Buchanan,,vanessabuchanan@example.org,Port Kathyborough,Pennsylvania,Cuba,2025-08-19
C000095,Jesse,Schroeder,,ramireztracey@example.org,Laurenville,Texas,Tonga,2021-09-11
C000096,Alexis,Tyler,Male,briannasmith@example.com,East Judyhaven,Delaware,Samoa,2021-11-19
C000097,Shane,Cox,Male,hayesjeffrey@example.net,Lake Kristahaven,Maryland,Kuwait,2024-10-13
C000098,Anthony,Lutz,Female,gsimmons@example.com,Jonesland,Massachusetts,New Caledonia,2022-04-23
C000099,David,Weber,Female,oscar98@example.com,Wagnerchester,Connecticut,South Africa,2025-01-28
C000100,Melissa,Curtis,Female,russellbeasley@example.com,Mariafurt,Nebraska,Saint Lucia,2022-01-15
C000101,Ronald,Ortega,,stephanie71@example.org,North Ryanstad,Florida,Moldova,2021-11-12
C000102,Sue,Hoffman,,jenkinsmorgan@example.com,West Carolinestad,Connecticut,Morocco,2024-02-08
C000103,Eric,Olson,,bellangela@example.org,Audreychester,Oklahoma,Seychelles,2025-08-29
C000104,Christina,Day,Male,lynchdiane@example.net,Anthonyview,Vermont,Serbia,2023-02-10
C000105,Matthew,Smith,,ashleymorales@example.org,North Julieborough,Missouri,Italy,2023-11-01
C000106,Eric,Collins,Female,kimberly99@example.org,East Ericton,Utah,Belgium,2022-12-05
C000107,Ebony,Tucker,Male,nperry@example.net,West Russellport,Utah,Philippines,2024-07-13
C000108,Alison,Parker,Male,randallgreene@example.org,West Sierra,Wyoming,Burundi,2025-05-22
C000109,Keith,Wilson,Male,lburgess@example.org,Patelbury,North Carolina,Monaco,2025-09-25
C000110,Linda,Jones,Female,grahamsteve@example.org,Barbarashire,Montana,Russian Federation,2024-10-07
C000111,Keith,Sullivan,Female,george97@example.net,Christopherville,Kansas,Jordan,2024-07-05
C000112,Alexandria,Foster,Female,julie35@example.org,New Cynthiahaven,North Carolina,Congo,2026-02-05
C000113,Michael,Luna,Male,joelthomas@example.org,New Eric,Wisconsin,Palau,2021-12-10
C000114,Stephanie,Burton,Male,wwebster@example.net,Maldonadoshire,Tennessee,North Macedonia,2026-07-02
C000115,Marcus,Maddox,,edward17@example.com,Laurashire,Arkansas,Guinea,2024-02-07
C000116,Lance,Hayes,,woodjustin@example.net,New Brookefurt,New Jersey,Mozambique,2024-05-03
C000117,Latoya,Huang,Female,kstout@example.net,West Cassidy,North Carolina,Canada,2026-05-10
C000118,Shannon,Shepherd,Male,toni18@example.net,North John,New Hampshire,Kazakhstan,2024-03-09
C000119,Chelsea,Cox,,paul59@example.org,Cameronville,Oklahoma,Philippines,2023-07-02
C000120,Johnathan,York,Female,mathewaguilar@example.org,Kylefurt,Florida,Nepal,2025-02-10
C000121,Christopher,Hansen,Female,lisa81@example.net,Romerotown,Mississippi,Georgia,2022-06-20
C000122,Jason,Meza,,ilee@example.org,West Meganville,North Carolina,Sierra Leone,2024-04-07
C000123,Joanna,Rose,Female,nancy92@example.net,Mooreburgh,Vermont,Sierra Leone,2024-09-09
C000124,Raven,Griffith,Male,jenkinserica@example.org,Bishopmouth,Iowa,Martinique,2022-10-05
C000125,Tammy,Mueller,Female,michealvalentine@example.com,Hammondfurt,North Carolina,Marshall Islands,2023-08-29
C000126,Fernando,Gonzalez,Male,moniquewilliams@example.com,Angelaville,Virginia,Tanzania,2024-02-23
C000127,David,Miller,Male,joshuawhitehead@example.org,Davisbury,New Hampshire,Turks and Caicos Islands,2023-04-25
C000128,Anthony,Brown,,joe15@example.org,West Sarahmouth,Georgia,Burundi,2021-10-03
C000129,Samantha,Kennedy,,katherineharrison@example.net,North Andrewborough,Georgia,Mexico,2026-04-08
C000130,Chelsea,Henderson,,john10@example.org,Fowlermouth,California,Bouvet Island (Bouvetoya),2025-10-01
C000131,Vincent,Herrera,Female,jennifercarter@example.org,Johnchester,Idaho,Papua New Guinea,2024-11-27
C000132,Alexandra,Ward,,myerstheodore@example.net,Zavalaview,West Virginia,Andorra,2023-05-09
C000133,Carlos,Allen,,ingramjill@example.com,North Michael,Michigan,Suriname,2024-10-12
C000134,Maria,Cohen,Female,zwelch@example.org,Lake Kimberlymouth,Arizona,French Polynesia,2022-07-29
C000135,Kylie,Blackwell,,sarah86@example.net,Kingborough,Maine,Guinea-Bissau,2025-11-17
C000136,Brandon,Rios,Female,david56@example.com,Klinefurt,Michigan,Colombia,2024-01-18
C000137,Tyler,Glass,Female,laurie61@example.com,New Kelly,Connecticut,Belgium,2023-03-17
C000138,Kenneth,Griffin,Male,cjackson@example.com,Williamsstad,South Carolina,Jordan,2022-12-09
C000139,Tina,Gould,Male,lambertrichard@example.net,North Douglas,Rhode Island,Philippines,2025-06-22
C000140,Austin,Jones,,michael90@example.net,Lake Shannon,Mississippi,Holy See (Vatican City State),2023-10-15
C000141,Chase,Taylor,Female,raymond43@example.org,Lake Jacobhaven,Missouri,United States Minor Outlying Islands,2024-05-17
C000142,Jose,Green,Male,nlewis@example.com,Gonzalezberg,California,Korea,2022-06-06
C000143,Jennifer,Osborn,Male,elizabeth18@example.net,Patriciaburgh,Virginia,Russian Federation,2026-03-16
C000144,Dana,Leon,Male,davidharris@example.org,Port Troy,Mississippi,Micronesia,2024-06-05
C000145,Tanner,Bird,Male,cherylmiller@example.com,Keyfort,North Dakota,Isle of Man,2025-05-31
C000146,Madeline,Jones,,dawn77@example.net,Davidside,South Dakota,Namibia,2022-06-23
C000147,Tammy,Reynolds,Male,guerraapril@example.com,East Marcus,Virginia,Czech Republic,2023-04-19
C000148,Shelley,Jacobson,,kingcynthia@example.net,Davidport,South Carolina,Martinique,2022-01-12
C000149,Danielle,Vargas,Female,georgeweber@example.net,Meganshire,Arizona,Sweden,2025-11-20
C000150,Christopher,Fry,,debra96@example.net,South Pamelaside,Maine,Norway,2026-05-08
C000151,Timothy,Ballard,Male,eevans@example.net,East Scottfort,New Jersey,Costa Rica,2023-04-08
C000152,Douglas,Hensley,Female,jessica56@example.org,Zacharyville,Massachusetts,Dominican Republic,2023-11-25
C000153,Joseph,Wright,Female,williamssonia@example.net,Wrightburgh,Massachusetts,Vietnam,2024-06-15
C000154,Larry,Hines,,dferrell@example.com,Tylerland,Montana,Madagascar,2023-11-08
C000155,John,Aguilar,Female,williamstroy@example.net,Mitchelltown,Connecticut,Jersey,2022-03-27
C000156,Joseph,Diaz,,zdiaz@example.org,West Angela,California,Hungary,2024-02-02
C000157,Kathy,Ramirez,Female,andersoncolin@example.com,Angelastad,Wisconsin,Cambodia,2022-07-24
C000158,William,Porter,,williamsjennifer@example.com,Hernandezhaven,Florida,Greece,2026-03-23
C000159,Lucas,Long,Male,brittney88@example.net,Ericksonport,New Mexico,Suriname,2021-08-25
C000160,Mark,Rodriguez,,ysilva@example.net,New Thomasshire,Oregon,Denmark,2025-03-04
C000161,Brandy,Jackson,,rhernandez@example.org,New Stacyville,Illinois,Andorra,2023-10-09
C000162,Robert,Gutierrez,Male,roberthampton@example.com,Lake Devinborough,Oklahoma,Greece,2026-07-23
C000163,Timothy,Bennett,,stevepatel@example.net,Ericaview,South Carolina,Liberia,2022-07-12
C000164,John,Grant,,shellyhendrix@example.com,Lake Janet,Massachusetts,Lesotho,2023-04-24
C000165,Sarah,Pope,Female,keith98@example.com,Cardenasberg,Maine,Armenia,2023-01-02
C000166,Jennifer,Reed,,vdouglas@example.com,East Maria,Louisiana,Venezuela,2024-05-17
C000167,Joseph,Rodriguez,Female,johnsantiago@example.net,Lake Jesse,Connecticut,Isle of Man,2023-03-21
C000168,Thomas,Maldonado,Male,adampierce@example.org,Delgadofort,New Mexico,Pakistan,2022-07-25
C000169,Tamara,Morris,Female,velezchristopher@example.net,New Joanne,Arizona,United States Minor Outlying Islands,2026-03-05
C000170,Robert,Monroe,Female,osbornrandy@example.com,Lake Suzanne,Maine,Turkey,2021-10-02
C000171,Kenneth,Morrison,Male,justin88@example.com,Port William,Louisiana,Congo,2025-08-11
C000172,Mark,Simon,Female,jennifer05@example.com,East Cheryl,South Dakota,Ukraine,2023-08-05
C000173,Ronald,Murphy,Male,lcaldwell@example.org,Morrisbury,Alabama,Eritrea,2023-06-26
C000174,Sean,Adams,,kevin90@example.com,Heatherton,Texas,British Indian Ocean Territory (Chagos Archipelago),2023-11-23
C000175,Erik,Parks,,hannah45@example.net,East Susan,New Mexico,Cape Verde,2023-11-04
C000176,Vanessa,Brooks,Female,ztodd@example.net,Port John,Wisconsin,Nepal,2025-12-07
C000177,Christopher,Griffin,,christian91@example.org,New Amanda,Hawaii,Greece,2025-11-03
C000178,Scott,Frazier,Male,gdavis@example.com,South Davidchester,New Jersey,Mongolia,2021-11-08
C000179,Steven,Roman,,fosterlisa@example.net,New Charles,Nevada,Guatemala,2025-01-25
C000180,Amber,Brown,Male,andersenthomas@example.com,Whiteberg,Wyoming,Norway,2026-06-17
C000181,Debbie,Fisher,,ywest@example.com,Lake Tamaraside,Florida,Palau,2025-11-13
C000182,David,Haney,Female,urice@example.org,Port Andrewport,New Jersey,Peru,2025-02-28
C000183,Roger,Gray,,johnreed@example.com,Lake Kathy,Arizona,Sudan,2024-11-13
C000184,Christina,Mayer,,allencarlos@example.net,South Carlaton,Kansas,Saint Vincent and the Grenadines,2021-10-14
C000185,Scott,Fernandez,,taylorvictoria@example.org,Barbaramouth,Kansas,Gabon,2025-12-12
C000186,Valerie,Boyd,Male,dturner@example.net,Lake Erika,Oklahoma,Lithuania,2021-10-19
C000187,Maxwell,Schneider,Male,ufloyd@example.net,Russellport,Missouri,Colombia,2025-05-04
C000188,Thomas,Atkinson,Female,meredith27@example.org,Faulknerside,North Dakota,Burkina Faso,2023-07-05
C000189,Jonathan,Rivera,Male,nielsenmelanie@example.org,North Joseph,Utah,Netherlands,2024-07-31
C000190,Morgan,Lopez,,timothybooth@example.com,Susantown,Indiana,Vietnam,2022-07-08
C000191,Judith,Burgess,,srocha@example.net,South Rose,Oklahoma,Gibraltar,2025-06-11
C000192,Oscar,Ferguson,Male,kyle58@example.com,Garciafort,Wisconsin,Taiwan,2023-03-03
C000193,James,Edwards,,hartjeffrey@example.org,West Angelashire,Pennsylvania,Saint Helena,2023-08-27
C000194,Elijah,Rivera,Female,phudson@example.com,Jonathanfort,Washington,Norway,2025-04-07
C000195,Steven,Oconnor,Female,gary87@example.org,New Arthurland,Texas,Australia,2025-05-22
C000196,Robert,Kirby,Male,carloshernandez@example.org,Brooksfort,Texas,Libyan Arab Jamahiriya,2021-08-23
C000197,Amanda,Jenkins,Male,morenojoshua@example.com,New Lisachester,Idaho,Botswana,2026-02-27
C000198,Alice,Allen,Female,lisa46@example.org,Susanmouth,Oregon,Ecuador,2026-07-09
C000199,Jeremiah,Sutton,Female,valdezmichele@example.org,South Nicholasside,New Mexico,Azerbaijan,2024-10-01
C000200,Jacqueline,Miller,Male,vnewman@example.net,New Samanthabury,Indiana,United Arab Emirates,2025-11-28
C000201,Paige,Alvarez,Male,glassgabrielle@example.com,East Sarahmouth,Alaska,Cote d'Ivoire,2024-07-02
C000202,Karen,Marquez,Male,thickman@example.org,New Mary,Missouri,Philippines,2026-01-18
C000203,Martin,Campos,,krystalnorris@example.org,Brianchester,Iowa,Taiwan,2021-12-11
C000204,Cassie,Austin,Male,unovak@example.org,Kristenmouth,New York,Denmark,2023-05-07
C000205,Shelley,Reynolds,Male,nmiller@example.com,Lake Charles,Louisiana,Cape Verde,2023-06-20
C000206,Kristen,Moore,,gstewart@example.org,West Seanview,Connecticut,Bulgaria,2022-01-01
C000207,Ryan,Hawkins,Female,fgarcia@example.com,New Carlymouth,Missouri,American Samoa,2023-01-10
C000208,Paul,Miller,Male,ashleyjackson@example.com,East Joseph,Louisiana,Lithuania,2022-04-18
C000209,Gary,Hill,,todd15@example.com,Lake Colleen,Rhode Island,Nicaragua,2022-07-18
C000210,Daniel,Torres,Male,ncook@example.com,Scottchester,Tennessee,Nepal,2022-03-31
C000211,Malik,Valentine,Male,timothythompson@example.com,Kellyfort,Oregon,Slovenia,2022-10-11
C000212,Nicholas,Velasquez,,kdiaz@example.org,Lake Katrina,Alaska,Zambia,2025-03-15
C000213,Sherry,Clark,Female,marie16@example.net,Taylorport,Kansas,El Salvador,2024-11-10
C000214,Jennifer,Mccormick,,colecarla@example.net,Fergusonchester,Ohio,Argentina,2025-07-09
C000215,Michael,Woodard,Male,rodriguezjohn@example.net,Gabrielton,Oregon,Oman,2024-12-14
C000216,Reginald,Goodwin,Female,grodriguez@example.com,New Julie,Oklahoma,Mozambique,2025-01-02
C000217,Jeffrey,Brooks,,lbarton@example.net,West Whitney,New Mexico,Bosnia and Herzegovina,2023-01-16
C000218,Samantha,Miller,,michaelcooper@example.org,Baileyville,New Hampshire,Saint Helena,2025-01-18
C000219,Luis,Evans,Female,johnsonmatthew@example.org,Lake John,Idaho,Micronesia,2022-05-14
C000220,Anita,Mullen,Male,laurensoto@example.org,Fosterborough,New Hampshire,Nauru,2023-09-18
C000221,Adam,Lewis,,karen19@example.org,West Mark,New Jersey,Brazil,2022-11-17
C000222,Michelle,Rose,,candice96@example.net,West Michaelmouth,South Carolina,China,2025-08-20
C000223,Janice,Evans,,powerslawrence@example.org,Darylstad,Vermont,Cambodia,2024-02-14
C000224,Robert,Taylor,Male,fhenderson@example.net,New Garrett,Maine,Burundi,2022-07-02
C000225,Megan,Harvey,,stephanie72@example.org,Maynardhaven,Tennessee,Lithuania,2023-08-12
C000226,Travis,Mckinney,Female,fburns@example.net,Port Kathleenport,Arizona,Falkland Islands (Malvinas),2022-09-09
C000227,Keith,Norman,Female,hdunn@example.net,West Kimberlystad,Ohio,Swaziland,2025-05-08
C000228,Kathleen,Alexander,,veronicagarcia@example.net,West Nancy,Arizona,Korea,2022-11-18
C000229,Michelle,Miller,,rowejoel@example.net,Michellechester,Hawaii,Nicaragua,2022-04-06
C000230,Jamie,Clark,Female,hudsonamanda@example.net,West Tiffany,Maine,French Guiana,2024-06-06
C000231,Stephanie,Robertson,Female,taylorkaren@example.com,West Michelleberg,Vermont,Tonga,2022-03-25
C000232,Dustin,Morris,,kathleenlowe@example.com,New Cynthia,South Dakota,Israel,2023-06-11
C000233,Charles,Norton,Female,powellkara@example.net,Shawnfort,Massachusetts,Mozambique,2021-07-30
C000234,Kim,Oconnor,Male,sreid@example.com,Port Amandaborough,Nevada,Sweden,2022-08-17
C000235,Joseph,Clayton,Male,amy29@example.com,Patriciaton,Arizona,Bolivia,2024-09-12
C000236,Mary,Smith,Male,scottsmith@example.com,Lake Regina,Tennessee,Gabon,2022-05-12
C000237,Sarah,Hill,Male,john52@example.org,Garrettbury,Nevada,Palau,2022-01-08
C000238,Cody,Lewis,Female,andersonjeremy@example.net,Smithmouth,Delaware,Tokelau,2023-09-05
C000239,David,Jones,Male,zdavis@example.org,West Michaelport,Florida,Hong Kong,2025-06-08
C000240,Karen,Anderson,,caseyelliott@example.net,South Michael,Indiana,Niue,2025-04-23
C000241,Samantha,Jensen,,fheath@example.org,Port David,Washington,Hungary,2023-04-29
C000242,Ruben,Moody,Male,joshuamiller@example.net,Kimberlytown,Texas,Turkey,2023-01-28
C000243,April,Hicks,,dphillips@example.org,Cruzbury,New York,Northern Mariana Islands,2024-07-15
C000244,Allison,Levine,Male,sarah26@example.net,Diazburgh,Wisconsin,Latvia,2026-05-04
C000245,Kaylee,Smith,Male,smithjason@example.org,Hunterhaven,Wyoming,Israel,2023-09-07
C000246,Richard,Davidson,Male,joshuacollins@example.net,Port Eric,Massachusetts,India,2024-07-01
C000247,Kathryn,Santos,,collinssamuel@example.org,East Christopherchester,Delaware,Korea,2024-08-17
C000248,Brian,Wade,,davidzimmerman@example.net,East Tylerstad,North Dakota,Maldives,2025-06-25
C000249,Jennifer,Jackson,Male,karamarks@example.net,Port Rachelmouth,Nevada,Faroe Islands,2024-03-09
C000250,Jose,Proctor,Male,crawfordwilliam@example.org,Villarrealburgh,Mississippi,Cayman Islands,2022-11-04
C000251,Dakota,Berry,Male,perezwilliam@example.org,East Brandonstad,Missouri,Uruguay,2022-04-26
C000252,Sarah,Mathews,Male,pwalker@example.com,Josephland,Oregon,Holy See (Vatican City State),2022-03-01
C000253,Emily,Williams,Female,lindajarvis@example.com,South Michelleport,Massachusetts,Benin,2024-05-01
C000254,Alan,Gonzalez,Male,jodi37@example.com,Cuevasborough,Washington,United Arab Emirates,2024-04-19
C000255,Laura,Hernandez,,ijohnson@example.com,West Aaronfurt,West Virginia,Saint Lucia,2023-02-07
C000256,Jamie,Bird,Male,dvasquez@example.org,Christopherbury,North Dakota,Isle of Man,2025-01-26
C000257,Nathan,Villegas,Female,carpenterwilliam@example.net,Jonesshire,Arkansas,Jordan,2024-11-17
C000258,David,Carter,,sara65@example.com,Nelsonland,Illinois,Burkina Faso,2025-06-19
C000259,Brenda,Moore,Female,shannonedwards@example.org,Tamiborough,New Hampshire,Gambia,2023-11-19
C000260,Melissa,Davis,Male,margaret90@example.org,Eddiebury,Minnesota,Indonesia,2024-02-19
C000261,Erica,Green,,anthonysullivan@example.com,North Steven,Florida,British Virgin Islands,2021-08-16
C000262,Maria,Haas,Male,jamesmorales@example.net,New Brendaland,Alaska,Bahrain,2022-07-22
C000263,Debbie,Lamb,,steinmaria@example.com,North Sheriton,Hawaii,Uzbekistan,2024-06-08
C000264,Lorraine,Foster,,reyesronald@example.com,East Joshua,New Hampshire,Turks and Caicos Islands,2022-04-23
C000265,Christina,Jensen,,victor87@example.org,West Patrickchester,Illinois,Norway,2025-12-28
C000266,Alicia,Mccoy,Female,mayokimberly@example.com,Stephensfort,Minnesota,United States Minor Outlying Islands,2024-05-24
C000267,Marc,Nelson,Male,floresjeffery@example.com,Port Victoriahaven,Minnesota,Seychelles,2024-06-26
C000268,Jesse,Moore,Female,dianeadams@example.net,Port Wendybury,Oregon,Tanzania,2026-06-25
C000269,Paul,Mcconnell,Female,gregorywatkins@example.net,Robintown,Virginia,Reunion,2023-04-29
C000270,Ashley,Thomas,Male,marycochran@example.com,Gregoryton,Colorado,Azerbaijan,2022-09-24
C000271,Jeffery,Fox,Male,riverachristina@example.org,Jennifermouth,Arkansas,Angola,2022-04-21
C000272,Janet,Thomas,Male,mathismichelle@example.org,Janetfurt,Pennsylvania,Bolivia,2023-04-01
C000273,Marcus,Daugherty,,fconner@example.net,Grantside,Vermont,Tuvalu,2026-03-19
C000274,Kristin,Walker,Female,nicholasgross@example.com,East Jessica,Vermont,Yemen,2024-06-06
C000275,Melissa,Townsend,Female,whitelucas@example.net,Lake Ariana,New York,Cambodia,2023-03-23
C000276,Christian,Reed,Female,gary15@example.com,West Jasonland,Minnesota,Equatorial Guinea,2025-07-02
C000277,Jennifer,Williams,Female,koconnor@example.com,Maciasstad,Ohio,Honduras,2022-01-27
C000278,Timothy,Shields,Female,franciscojones@example.org,Andrewview,Connecticut,Barbados,2023-04-11
C000279,Pamela,Martin,,paynerachael@example.org,Brookefort,Virginia,Antarctica (the territory South of 60 deg S),2023-09-22
C000280,Desiree,Lawson,Male,gmoore@example.com,East Robert,Oklahoma,Saint Helena,2026-03-13
C000281,Amber,Guerrero,,john06@example.net,Hernandezstad,Alabama,Japan,2022-01-02
C000282,Madison,Weber,,bgonzalez@example.org,Lake Kelly,Colorado,Lebanon,2025-10-14
C000283,Kyle,Sanders,,qjacobson@example.org,Lopezfurt,Mississippi,Colombia,2023-10-18
C000284,Jose,Marshall,Male,maryelliott@example.org,North Elizabethside,Nebraska,Saudi Arabia,2024-07-07
C000285,Angela,Randall,Male,rsheppard@example.com,South Kent,Montana,United Kingdom,2025-11-02
C000286,Austin,Duncan,Female,davidtodd@example.org,East Lindsey,Florida,Armenia,2023-09-07
C000287,Vanessa,Graham,,maryscott@example.net,North Paulfurt,Oklahoma,Greece,2025-11-07
C000288,April,Stark,Female,buchanancindy@example.net,Rodriguezberg,Georgia,Montenegro,2024-07-04
C000289,Katherine,Ayers,Male,hartcraig@example.com,Natalieview,Missouri,Palau,2023-12-30
C000290,Chelsea,Johnson,Male,richard99@example.net,Williamsmouth,Vermont,Dominica,2021-10-24
C000291,Thomas,Adams,Male,andrew44@example.com,Garrisonville,Iowa,Burkina Faso,2023-01-25
C000292,Julia,Schroeder,Male,joseph69@example.net,East Scottchester,West Virginia,Libyan Arab Jamahiriya,2025-05-13
C000293,Michelle,Nicholson,,cameronmckinney@example.com,Port Melissa,Oregon,Antarctica (the territory South of 60 deg S),2022-06-08
C000294,Nancy,Gonzalez,Female,wrightstephen@example.com,West Micheal,New Jersey,Madagascar,2023-07-21
C000295,Sandra,Maldonado,Male,nathanwheeler@example.org,Matthewsstad,Minnesota,Central African Republic,2025-10-03
C000296,Jonathan,Rivas,Female,mitchellpaul@example.org,Port Jeffrey,Iowa,Philippines,2022-08-07
C000297,Denise,Palmer,Male,wellsdavid@example.org,East Johnnyport,Virginia,Russian Federation,2024-10-12
C000298,Rodney,Bennett,Female,stephen37@example.com,Silvatown,North Carolina,Panama,2026-05-26
C000299,Mary,Hoffman,Female,kenneth17@example.org,Vanessamouth,Louisiana,Eritrea,2024-11-05
C000300,Stephanie,Curtis,Male,edwardcannon@example.org,Guerreroberg,Washington,Anguilla,2024-11-04
C000301,Whitney,Green,Male,vsullivan@example.org,West Jessica,Iowa,Poland,2024-03-28
C000302,Kristen,Knox,Female,william28@example.org,Connorberg,West Virginia,Eritrea,2025-03-11
C000303,Angelica,Gaines,,destiny35@example.org,Robertmouth,Mississippi,Eritrea,2024-06-29
C000304,Steven,Wilson,Male,delacruzbrandy@example.net,South Pamelahaven,Delaware,Trinidad and Tobago,2024-12-20
C000305,Alyssa,Gutierrez,Male,derrickgonzalez@example.com,Thomasburgh,Wyoming,Belgium,2024-01-02
C000306,Crystal,Thompson,,smithjoshua@example.org,South Kristen,Wyoming,Benin,2022-03-19
C000307,Ryan,Jordan,,ysanford@example.org,New Jamesstad,Alabama,Uganda,2023-03-06
C000308,Martha,Lee,Male,simsjohn@example.net,Larryville,Missouri,Macao,2024-07-05
C000309,Gary,Colon,Male,stacy78@example.net,Ryanberg,Michigan,United Arab Emirates,2024-01-07
C000310,Karen,Martin,Male,osmith@example.net,East Jessica,Pennsylvania,Madagascar,2022-05-30
C000311,Michael,Santos,Male,brooksdanielle@example.net,New Virginiaville,Tennessee,Taiwan,2021-08-31
C000312,Hannah,Butler,Female,qmartinez@example.com,East Heather,South Dakota,Algeria,2023-01-27
C000313,Dorothy,Bates,Female,cindy26@example.org,West Danielville,New York,Congo,2024-08-11
C000314,Kimberly,Decker,Female,michaelortiz@example.org,New Tylerborough,Vermont,Venezuela,2023-12-21
C000315,Jimmy,Smith,Male,meadowsmary@example.net,Hernandezland,Wyoming,Malawi,2021-12-10
C000316,Jennifer,Conway,Female,stephenmadden@example.com,Williamsburgh,Arizona,Timor-Leste,2023-01-07
C000317,Laurie,Edwards,Male,daviskatherine@example.org,Port Devonburgh,Michigan,Guinea-Bissau,2026-01-15
C000318,Stephanie,Adams,Male,watsonmatthew@example.org,Rossmouth,Louisiana,Syrian Arab Republic,2023-06-30
C000319,Melissa,Marsh,Female,danielhorton@example.org,North Robert,Pennsylvania,Liberia,2025-07-30
C000320,Erika,White,Male,nmaxwell@example.org,South Samantha,Delaware,Tuvalu,2023-08-16
C000321,Brandon,Green,Female,alexander89@example.net,Lake Morgan,North Dakota,Mali,2025-01-03
C000322,Christine,Reynolds,Female,timothyalvarado@example.net,Hernandezside,South Carolina,Austria,2021-08-16
C000323,Sarah,Wagner,Female,kchristian@example.org,Floresmouth,Louisiana,Australia,2024-02-07
C000324,Andrea,Gray,Female,christianwallace@example.net,Millerfort,New Hampshire,Germany,2022-02-27
C000325,Tyler,Valdez,Female,powellbarry@example.net,Port Christopherport,North Carolina,Monaco,2022-08-07
C000326,Emily,Clements,,marcia37@example.com,Moranstad,Virginia,Korea,2022-02-19
C000327,Katherine,Walker,,michael48@example.net,Jacquelineton,Hawaii,Lithuania,2022-04-08
C000328,Jennifer,Griffith,,kingjames@example.org,Lewisborough,Virginia,Guadeloupe,2022-02-07
C000329,Robert,House,,bartonshannon@example.net,South Adam,West Virginia,Australia,2024-05-01
C000330,Ryan,Richards,,heatherthompson@example.org,South Dianemouth,North Carolina,Turkmenistan,2023-06-28
C000331,Tiffany,Moon,Female,joshuastuart@example.com,Ballardberg,Nebraska,Netherlands,2025-01-24
C000332,Kaitlyn,Evans,Male,jennifer83@example.org,New Jennifer,Utah,Guatemala,2026-03-05
C000333,David,Page,Male,williambenson@example.com,Port Michaelfort,Pennsylvania,Montserrat,2026-04-13
C000334,Jennifer,Craig,Female,natalie60@example.net,North Oscarton,Texas,Azerbaijan,2022-07-26
C000335,Karen,Martin,Male,frances20@example.net,Jamesside,Arizona,Guinea-Bissau,2025-08-21
C000336,Curtis,Parrish,Male,juliahoffman@example.org,Heatherton,Missouri,Iceland,2023-08-26
C000337,Kristin,Jennings,,smithjohn@example.net,Greerstad,Wisconsin,Namibia,2024-04-19
C000338,Carrie,Parsons,,kellythompson@example.net,East Sydneyhaven,Delaware,Honduras,2021-10-08
C000339,Joshua,Baker,,brandyscott@example.com,Mckinneyberg,Arizona,Cape Verde,2026-03-18
C000340,Candice,Ayala,Male,tracy98@example.com,Port Jasminehaven,Iowa,Zimbabwe,2022-06-26
C000341,Carlos,Wagner,,zdaniels@example.org,Jeffreyborough,Texas,Greenland,2023-03-22
C000342,Kelly,Clements,Female,wbarajas@example.net,North Elizabethmouth,Kansas,United Kingdom,2024-10-11
C000343,Samantha,Sanchez,Male,flemingmanuel@example.org,Scottport,Alaska,United States Minor Outlying Islands,2024-02-25
C000344,Kaylee,Robertson,Male,stucker@example.net,West Willie,Connecticut,Chad,2026-06-05
C000345,Kerri,Ferguson,,clarkcrystal@example.org,Houstonborough,Ohio,Switzerland,2025-01-29
C000346,Theresa,Rowe,Female,burgesseric@example.com,Benjaminland,Arkansas,Christmas Island,2025-07-16
C000347,Angela,Andrews,,rhondarussell@example.com,Hamiltontown,Missouri,Peru,2022-02-27
C000348,Adam,Cortez,,avilabrenda@example.net,West Sarahville,Maine,Solomon Islands,2024-12-30
C000349,Catherine,Campbell,Male,qjames@example.org,Moorebury,Florida,San Marino,2023-07-10
C000350,Lauren,Gardner,Male,kennetheaton@example.net,Susantown,Oklahoma,Tunisia,2024-05-05
C000351,David,Smith,,fmedina@example.com,Lake Judith,Washington,Guatemala,2022-08-16
C000352,Rebecca,York,Male,eugenewalker@example.com,North Howard,Oregon,Timor-Leste,2021-11-02
C000353,Karen,Branch,Male,enewman@example.com,West Coreyshire,New York,Zambia,2023-03-22
C000354,David,Rios,Male,mitchellchad@example.org,Toddmouth,South Carolina,Palestinian Territory,2023-02-04
C000355,Breanna,Cunningham,,lindsey62@example.org,Johnbury,Virginia,Saint Vincent and the Grenadines,2024-10-08
C000356,Joshua,Ward,Male,natalie77@example.com,Tonyville,Idaho,Oman,2024-08-07
C000357,Meagan,Trevino,,patriciagonzalez@example.net,Lake Charlestown,North Carolina,Norfolk Island,2021-09-20
C000358,Bonnie,Sullivan,Male,rebeccaarnold@example.net,Valdezberg,Mississippi,India,2022-09-06
C000359,Kelsey,Quinn,Female,dennis88@example.org,Coxtown,Texas,Dominican Republic,2025-10-22
C000360,Lindsay,Mendez,Male,katherinetaylor@example.org,New Stacy,Texas,Tunisia,2026-05-29
C000361,Jill,Webb,,billy73@example.org,Miketon,Texas,Costa Rica,2024-02-27
C000362,Lacey,Hughes,Male,ckeith@example.net,Dakotahaven,South Dakota,Switzerland,2022-12-07
C000363,Judy,Lane,,nicholasgray@example.net,New Johnbury,North Dakota,Iraq,2023-05-01
C000364,Mindy,Tucker,,aeaton@example.net,South Gabriel,California,Malaysia,2024-10-13
C000365,Jason,Lopez,Male,carolyn13@example.com,Jenniferfort,Utah,Lesotho,2023-12-18
C000366,Brittany,Holland,,cjohnson@example.org,East Crystal,Arizona,Uganda,2024-06-05
C000367,Brian,Scott,Male,zacharysullivan@example.net,Lake Jessicaport,Colorado,Cuba,2023-10-24
C000368,Victoria,Dillon,Female,jeffreyjenkins@example.org,New Donna,Kentucky,Chad,2025-03-10
C000369,Matthew,Chavez,,hallpaul@example.org,East Alexandrahaven,Utah,Italy,2025-09-13
C000370,Catherine,Thompson,,richamanda@example.org,South Donnaside,Alabama,Ukraine,2026-04-04
C000371,Erika,Reynolds,,cwood@example.net,Perezfort,Wyoming,Hong Kong,2023-04-27
C000372,Linda,Velez,,colemanjonathan@example.org,West Carmenside,Nebraska,Equatorial Guinea,2022-07-06
C000373,Jenna,Clarke,Female,meyernicholas@example.org,Robertville,Georgia,Japan,2024-10-28
C000374,Jon,Wyatt,Female,ncunningham@example.com,Fischerchester,Oklahoma,Slovenia,2024-05-09
C000375,Guy,Hansen,Male,tking@example.net,Kimfurt,West Virginia,Burundi,2025-11-04
C000376,Donna,Adkins,,klogan@example.org,New Richard,Michigan,Spain,2024-04-26
C000377,Heidi,Mann,,paulfields@example.org,South Sara,Nevada,Benin,2021-11-20
C000378,Jeffrey,Miller,Female,ramseysarah@example.com,Jenniferton,Wyoming,Svalbard & Jan Mayen Islands,2022-06-11
C000379,Troy,Smith,Male,james98@example.net,New Gavin,Arizona,Guyana,2022-10-06
C000380,Aaron,Moore,Female,kimberly56@example.com,New Alexis,Virginia,Bangladesh,2026-03-01
C000381,Andrea,Barber,Female,michael43@example.net,South Sarah,Oregon,Albania,2022-11-15
C000382,Richard,Rodriguez,Male,gordonmatthew@example.org,Nancyshire,Kentucky,Puerto Rico,2023-10-12
C000383,Nicholas,Webb,,katherineali@example.com,Mosleytown,New Mexico,Brazil,2022-11-09
C000384,Patrick,Kramer,,ericahall@example.com,Moseshaven,Ohio,Algeria,2025-01-26
C000385,Jose,Mitchell,Female,vnunez@example.org,South Lee,Indiana,Uganda,2024-06-08
C000386,Ian,Reese,Female,victorgonzalez@example.net,Port Joseph,Iowa,Cook Islands,2025-09-28
C000387,Mary,Kelly,Female,wilsonchristian@example.net,Austinside,Arizona,Thailand,2023-12-24
C000388,Christine,Vasquez,Male,travis84@example.com,Port Barbara,Arkansas,Malta,2025-07-25
C000389,Timothy,Fernandez,Male,phillip27@example.org,Stewarttown,Alabama,Peru,2022-08-15
C000390,Bianca,Nguyen,Female,jacob43@example.com,Mullenmouth,Mississippi,Colombia,2024-01-23
C000391,Jason,Haynes,,michael64@example.com,New David,Oregon,Poland,2022-09-16
C000392,Cory,Nelson,,angelachase@example.org,Port Susan,Georgia,Lebanon,2025-08-05
C000393,Gregory,Porter,Male,kristen44@example.net,South Coreyburgh,Arkansas,Cuba,2025-08-20
C000394,Thomas,Soto,Male,qgarner@example.com,Annview,Minnesota,Angola,2023-08-17
C000395,Michael,Frazier,,barbarasantos@example.net,Port Justin,Massachusetts,Peru,2024-02-13
C000396,Kim,Griffin,Male,jamesjustin@example.net,Port Gary,Michigan,Italy,2024-09-21
C000397,Ashley,Sweeney,,millermatthew@example.com,Deniseview,Rhode Island,Oman,2023-07-18
C000398,Pam,Norman,Female,julie87@example.com,East Melissa,Florida,Saint Lucia,2022-09-27
C000399,Johnathan,Manning,Male,clarkrandy@example.org,South Amytown,Wyoming,Indonesia,2024-03-09
C000400,Wendy,Garcia,Female,christopherhuynh@example.com,Jeromeport,New Hampshire,Niue,2022-03-13
C000401,Alison,Jackson,Male,alvaradomichelle@example.com,Mcdonaldside,Louisiana,Mexico,2023-10-16
C000402,Tara,Wolfe,Male,brittanybryant@example.net,Millsside,Maryland,United States of America,2023-04-21
C000403,Amber,Ballard,Female,aparker@example.com,West Alex,North Dakota,Suriname,2025-05-11
C000404,Derek,Mitchell,Female,wattstravis@example.com,Albertchester,Maine,Nepal,2022-09-21
C000405,Adrian,Brooks,Male,bkhan@example.com,East Jennifer,Tennessee,Iceland,2025-09-16
C000406,Jeffrey,Miller,Female,zacharymarsh@example.net,Justinside,Louisiana,Isle of Man,2022-07-04
C000407,Casey,Taylor,,walshchristine@example.com,Lopeztown,Georgia,Australia,2026-06-01
C000408,Andrew,Compton,,joseph70@example.org,East Alexisborough,Michigan,Italy,2023-02-15
C000409,Lauren,Bolton,Female,cterry@example.com,Port Karenberg,Arkansas,Ethiopia,2025-06-12
C000410,Charles,Harrison,,paulawright@example.com,North Theresabury,Missouri,Sierra Leone,2026-06-11
C000411,John,Vang,,stevenwise@example.net,South Paul,Maryland,Vietnam,2023-03-08
C000412,Crystal,Williams,,kingdanielle@example.org,Paigeborough,Delaware,Dominica,2024-09-24
C000413,Mark,Jackson,Male,brenda63@example.org,New Kristenfort,Vermont,Nepal,2022-05-05
C000414,Kelli,Wright,,ndavis@example.com,North Michaelberg,Vermont,Mauritania,2025-07-11
C000415,David,Hall,,linda73@example.org,Howardberg,Kentucky,United Arab Emirates,2021-10-06
C000416,Jasmine,Hansen,Female,llopez@example.net,Mariomouth,Louisiana,Trinidad and Tobago,2025-09-21
C000417,Robin,Spencer,,schmidtshannon@example.com,Shawnhaven,Missouri,Saint Martin,2022-06-29
C000418,Andrew,Vincent,Male,malikbrown@example.net,Leefort,Wyoming,Micronesia,2022-05-03
C000419,Justin,Ortiz,Male,daniel81@example.org,East Morgan,Illinois,Botswana,2023-12-29
C000420,Corey,Duncan,Female,hbarrett@example.net,Brandonbury,Rhode Island,Saint Barthelemy,2021-12-02
C000421,Sarah,Clark,Male,fhebert@example.com,West Angelachester,Mississippi,South Africa,2025-02-09
C000422,Madison,Baker,Male,navarromary@example.org,New Colton,Washington,Djibouti,2024-03-23
C000423,Jake,Fox,,ashleymeza@example.net,Reeseshire,Minnesota,Peru,2023-11-11
C000424,Elizabeth,Andrade,,laurapierce@example.net,Dianeside,Rhode Island,Kenya,2026-03-27
C000425,Rachel,Pierce,Male,megan66@example.net,Charleneshire,Ohio,Croatia,2023-06-11
C000426,Andrea,Garner,Female,suzanne76@example.org,West Caitlinhaven,Florida,Tuvalu,2023-01-28
C000427,Kevin,Walker,Female,andrew48@example.net,North Benjamin,Minnesota,Cape Verde,2022-04-04
C000428,Michael,Perkins,,jonathanevans@example.net,Carrollborough,Washington,Belarus,2025-03-08
C000429,Laura,Thompson,Male,larsonkevin@example.net,Millerton,Wyoming,Grenada,2023-04-22
C000430,Lisa,Butler,,kanejeremy@example.net,Lake Kimberlyfurt,Arkansas,Gambia,2024-03-10
C000431,Luis,Cunningham,Female,wayne32@example.org,Maddoxshire,North Carolina,Bermuda,2022-09-04
C000432,Keith,Foster,Male,matthewalvarez@example.net,New Raymondland,Montana,Macao,2023-09-27
C000433,Heidi,Gill,,fhansen@example.com,New Christina,West Virginia,Malta,2022-10-18
C000434,Charles,Frank,,gail91@example.org,Hendersonstad,Illinois,Gibraltar,2023-04-16
C000435,Diana,Carrillo,Female,vanessajensen@example.com,South Brady,Iowa,Cook Islands,2024-12-29
C000436,Eric,Chandler,,rodriguezbrian@example.net,Port Marissa,Maine,American Samoa,2023-04-14
C000437,Linda,Torres,Female,njohnson@example.net,East Amy,Wisconsin,Eritrea,2024-04-23
C000438,Cindy,Gay,Female,bennettrebecca@example.net,West Georgeport,Illinois,Somalia,2025-01-18
C000439,Joseph,Marshall,Male,jonesdonna@example.net,Michelletown,Maine,Trinidad and Tobago,2025-12-25
C000440,Paul,Whitney,Male,mckeetodd@example.net,East Jamesmouth,Oklahoma,Vanuatu,2025-02-16
C000441,Bernard,Nielsen,,matthew62@example.org,Gabriellestad,South Dakota,Gabon,2022-09-30
C000442,Tiffany,Mason,Female,garrettnatasha@example.org,Jeremiahmouth,Montana,Palestinian Territory,2022-04-02
C000443,Jessica,Meyer,Female,robertberry@example.com,Reneemouth,New Hampshire,Mauritius,2022-03-23
C000444,Denise,Carpenter,Male,michelleparker@example.net,South Wendy,Wyoming,Cameroon,2024-11-05
C000445,Annette,Moore,Male,grantstacy@example.org,West Mary,Georgia,Saint Lucia,2021-09-17
C000446,Lucas,Dudley,Female,vturner@example.net,Edwinborough,Connecticut,Bulgaria,2022-06-28
C000447,Kathryn,Salazar,Male,catherine93@example.net,East Grace,Minnesota,Belgium,2025-01-03
C000448,Thomas,Shaw,,xjoseph@example.org,Henryberg,Hawaii,Congo,2022-09-12
C000449,Ricky,Novak,Female,stephanie33@example.org,East Saramouth,South Carolina,Liechtenstein,2025-01-02
C000450,Michelle,Clay,Male,csullivan@example.net,Cortezfurt,South Carolina,Wallis and Futuna,2025-04-12
C000451,Brittney,Fox,,meyershannon@example.org,New Amanda,West Virginia,Armenia,2024-05-09
C000452,Zachary,Mccoy,Female,leescott@example.com,Stevenchester,Maine,New Zealand,2026-03-01
C000453,Hannah,Mckee,,cgallegos@example.org,East Kimberlyside,Florida,India,2023-08-20
C000454,Shannon,White,,nicoledavis@example.com,Lake Jessica,Colorado,Brazil,2025-02-05
C000455,Cynthia,Miller,Female,gacosta@example.net,South Andrea,Arizona,Seychelles,2022-06-03
C000456,Matthew,Savage,,fernandothomas@example.net,South Kylemouth,Maine,Niue,2022-06-21
C000457,Rachel,Horne,Male,deanjohnny@example.com,Foleyside,Alabama,New Caledonia,2025-12-24
C000458,John,Chapman,Male,cchavez@example.org,East Nicoleview,South Carolina,Niue,2024-05-09
C000459,Marcia,Williams,Male,brianbailey@example.org,Lake Belindaport,Michigan,Uruguay,2022-01-02
C000460,Daniel,Chaney,,emilycarr@example.net,South Kara,Mississippi,Venezuela,2021-09-29
C000461,Kayla,Morris,Male,wwilkins@example.com,West Thomasville,Vermont,Tokelau,2022-12-09
C000462,Alison,Warren,,cherylrodriguez@example.net,South Jenniferport,Nevada,New Caledonia,2025-10-21
C000463,Jordan,Andrews,Male,sara99@example.com,Vasquezburgh,South Carolina,Djibouti,2025-02-09
C000464,Tiffany,Smith,Female,marshalllaura@example.net,Port Christina,Nebraska,Isle of Man,2021-10-17
C000465,Michael,Shaffer,,alexharris@example.com,Kristyport,Maryland,Madagascar,2024-04-25
C000466,Katie,Wilson,,matthew99@example.org,East Mark,Michigan,Uzbekistan,2024-12-05
C000467,Sabrina,Robles,Male,timothyburton@example.net,Stevenchester,West Virginia,Azerbaijan,2025-09-28
C000468,Kevin,Hardy,Female,angela03@example.net,Laurenstad,California,Canada,2022-12-20
C000469,Anthony,Terrell,Male,ashleyprice@example.net,Port Kimberlyport,Virginia,Togo,2023-02-20
C000470,Anthony,Gutierrez,Male,xwiley@example.com,Javierport,Idaho,Bouvet Island (Bouvetoya),2023-06-09
C000471,Benjamin,Harris,Female,wallaceangel@example.com,East Matthew,New Mexico,Saint Martin,2025-12-08
C000472,Lance,Murphy,Female,shortsharon@example.net,East Jenny,New Jersey,Iceland,2025-02-18
C000473,Alexandra,Smith,Male,mcdanielbrooke@example.org,Steventon,Connecticut,Mali,2025-05-25
C000474,Julie,Johnson,Female,danielle35@example.org,West Joshua,Massachusetts,Sierra Leone,2023-10-09
C000475,David,Hernandez,Male,danny98@example.net,East Amyside,Massachusetts,Faroe Islands,2022-04-10
C000476,Janet,Campbell,,georgecollins@example.com,Williamstown,New Mexico,United Kingdom,2024-12-11
C000477,Daniel,Brown,Male,tmyers@example.net,Jensenport,Michigan,Svalbard & Jan Mayen Islands,2022-07-23
C000478,Katherine,Lamb,,beltrankatelyn@example.com,North Lisa,Vermont,Lao People's Democratic Republic,2022-01-19
C000479,Lance,Newman,Male,oruiz@example.org,Robertafurt,Idaho,Reunion,2026-02-25
C000480,Mark,Valencia,Female,shawn01@example.com,West Timothyburgh,Maine,Seychelles,2023-04-23
C000481,Autumn,Romero,,yroth@example.org,Angelaland,Maryland,Martinique,2023-11-15
C000482,Brittany,Allen,Female,amydickson@example.com,West Jaredshire,Nevada,Slovenia,2026-06-20
C000483,Ashley,Peterson,,gilbertcaldwell@example.net,Wilsonmouth,Massachusetts,Moldova,2022-01-20
C000484,Sean,Parker,,gjones@example.net,Murphyton,Colorado,Cuba,2025-08-26
C000485,Paige,Berger,Male,shermandonna@example.com,Petershire,New Hampshire,Congo,2022-08-05
C000486,Natalie,Evans,Male,samantha65@example.org,New Valeriefurt,Florida,Timor-Leste,2023-01-14
C000487,Mike,Dunn,Male,smithann@example.com,Port Juliantown,Kansas,Jersey,2025-01-28
C000488,Phillip,Flores,Male,bsullivan@example.net,Lake Glenn,Florida,Comoros,2024-05-05
C000489,Megan,Ward,Female,qmoore@example.org,North Charles,Alaska,Cambodia,2025-03-04
C000490,Tommy,Kim,Male,christophermay@example.com,Englishchester,South Carolina,Cocos (Keeling) Islands,2023-11-03
C000491,Roger,Wilkins,Male,lkelly@example.com,New Tyronebury,Virginia,Macao,2022-11-29
C000492,Sara,Johnston,,goodashley@example.net,Danielfort,Vermont,Belgium,2022-04-11
C000493,Jessica,Terrell,Female,steven18@example.net,East Thomasland,Utah,North Macedonia,2024-04-06
C000494,Bethany,Austin,Female,amanda07@example.com,Berrymouth,Nebraska,Guinea,2026-05-15
C000495,Lauren,Roberts,,nealcarla@example.com,Bryanfort,Pennsylvania,Chile,2024-06-06
C000496,Diana,Carter,,mitchellchristopher@example.net,Port Kristenview,Florida,Nicaragua,2022-12-21
C000497,Michaela,Smith,Male,munozrenee@example.net,Lake Sean,Idaho,Eritrea,2025-06-24
C000498,Joel,White,Female,cooperchristopher@example.org,Port Tyler,Nebraska,Sierra Leone,2023-06-26
C000499,Donna,Barber,Male,jasonnavarro@example.com,Lake Josephville,Arkansas,Chad,2023-11-20
C000500,Thomas,Alvarez,,noahthornton@example.com,Dustinchester,Alabama,France,2026-03-16
C000501,Shane,Gregory,Male,davisamanda@example.com,Bishopview,Michigan,Faroe Islands,2022-11-25
C000502,Corey,Pena,Female,rmurray@example.net,Lake Emily,Wyoming,Congo,2024-03-01
C000503,Erica,Kaiser,Male,amy01@example.org,Davisville,Utah,Kiribati,2023-04-29
C000504,Jessica,King,Female,johnsonchristopher@example.net,New Danielle,Virginia,British Indian Ocean Territory (Chagos Archipelago),2021-12-30
C000505,Cassandra,Bennett,Male,pauladominguez@example.com,Stevenland,South Dakota,Korea,2026-03-07
C000506,Joshua,Simmons,Male,jonathan14@example.org,Priceton,Kentucky,Zimbabwe,2025-08-18
C000507,Gregory,Jones,Female,chelseywhite@example.com,East Amberchester,Indiana,Nicaragua,2024-10-13
C000508,Rita,Baldwin,Female,johnsonchad@example.net,Kimberlytown,New York,Canada,2024-10-30
C000509,Aaron,Johnson,Female,sadams@example.com,Andrewshaven,Virginia,Wallis and Futuna,2025-06-03
C000510,Timothy,Powell,Male,fernandezaaron@example.net,Martinezside,Minnesota,Grenada,2024-12-22
C000511,Richard,Chen,Male,diazmelissa@example.com,Port Steveport,Tennessee,Cook Islands,2022-06-13
C000512,Benjamin,Cruz,Male,kentprice@example.org,Tommouth,West Virginia,Comoros,2022-04-07
C000513,James,Cortez,,tracybrown@example.net,Victormouth,Alaska,Argentina,2023-04-06
C000514,Matthew,Le,Male,zwilson@example.net,Bentleyside,Georgia,Saint Vincent and the Grenadines,2024-06-18
C000515,Sandy,Johnson,Female,tracysmith@example.net,East Jacquelineberg,Alabama,China,2024-09-23
C000516,Rebecca,Hoover,Female,bryantgeorge@example.net,Port Lisaville,New York,Nepal,2025-07-25
C000517,Jeffrey,Brock,Female,vrogers@example.net,Nguyenshire,Ohio,Burundi,2023-03-05
C000518,Tami,Lewis,Male,watkinsmatthew@example.org,Donaldchester,Hawaii,Qatar,2023-06-01
C000519,Frederick,Sanchez,Female,andersonkylie@example.net,Stricklandtown,New York,Belgium,2021-08-06
C000520,Harry,Davis,Female,robert72@example.org,Lake Joseph,New Hampshire,Isle of Man,2022-10-06
C000521,Greg,Holt,,jennifersalazar@example.org,Michaeltown,Oklahoma,Dominica,2022-07-11
C000522,Valerie,Davila,,michelle88@example.org,Townsendborough,Louisiana,Austria,2022-07-14
C000523,Laura,Jennings,Female,kjimenez@example.net,North Deannaport,Indiana,Jordan,2022-10-28
C000524,Christina,Wu,,vwilliams@example.org,East Kristen,New York,Malaysia,2022-02-23
C000525,Patty,Griffith,,robert53@example.org,Jeremybury,West Virginia,Isle of Man,2025-12-01
C000526,Nicholas,Walker,Female,drichards@example.com,East Sarah,New Jersey,Christmas Island,2023-07-03
C000527,Derek,Cortez,Male,theresa35@example.org,Lake Ashleyview,Florida,Bouvet Island (Bouvetoya),2025-10-28
C000528,Stephen,Jackson,Male,jeffrey49@example.org,New Tara,Iowa,Benin,2023-08-17
C000529,Aimee,Atkins,Female,brittanyhood@example.com,Lake Ronniebury,Kansas,Greece,2023-09-27
C000530,Jeffrey,Pennington,Male,robinvillanueva@example.com,North Vickiehaven,Arizona,Jamaica,2024-03-22
C000531,Timothy,Yates,,chavezjohn@example.net,Lake Jessicaborough,Florida,Guinea-Bissau,2023-01-17
C000532,Deborah,Davis,Female,kcaldwell@example.net,Hodgeshire,Alaska,Korea,2023-11-20
C000533,Dillon,Warner,Male,kristywood@example.com,Port Courtneyfurt,Vermont,Grenada,2024-03-21
C000534,Kenneth,Mullins,Male,kristinmiller@example.com,New Sierrastad,Arkansas,Bouvet Island (Bouvetoya),2023-06-25
C000535,Steven,Williams,,gregory81@example.net,East Tina,Kansas,Mauritius,2022-02-18
C000536,Timothy,Crosby,Female,karenhodges@example.com,Rachaelhaven,Utah,Jamaica,2022-12-14
C000537,Bryan,Reed,Female,hmason@example.com,Shannonstad,Utah,Yemen,2025-01-12
C000538,Tiffany,Ware,,patriciaellis@example.org,Hurstport,California,Botswana,2022-05-23
C000539,Daniel,Hernandez,Female,nancymeyer@example.net,West Robertside,Florida,Lebanon,2023-04-20
C000540,Scott,Newman,Female,jaime03@example.net,Robertmouth,Tennessee,Oman,2025-07-02
C000541,Todd,Wade,,kellis@example.org,Georgeview,Iowa,Liberia,2023-06-05
C000542,Keith,Bruce,,michaelbryant@example.org,Lake Amanda,Idaho,China,2025-10-06
C000543,Heather,Estrada,Male,evanwilson@example.com,South Jorge,Idaho,Costa Rica,2024-05-18
C000544,Austin,Stewart,Female,earl78@example.org,Davidtown,Montana,Venezuela,2024-01-24
C000545,Dustin,Ellis,,eric88@example.com,Thomasport,Wisconsin,Montserrat,2024-11-25
C000546,Lauren,Chandler,Male,hmorgan@example.net,Mcculloughberg,Utah,Micronesia,2022-02-24
C000547,Angel,Williamson,Female,seandavis@example.org,New Alicia,Wyoming,Fiji,2022-07-18
C000548,Christopher,Atkinson,Male,daughertypreston@example.com,Carriehaven,Arkansas,United States of America,2024-11-25
C000549,Raymond,Baldwin,,xwood@example.org,Michaelport,New Hampshire,Tunisia,2024-05-16
C000550,Jason,Barron,Female,slara@example.org,Chandlerchester,Florida,Syrian Arab Republic,2024-07-02
C000551,Christopher,Clark,Male,hmcneil@example.com,New Katelynland,Alabama,Ireland,2024-10-05
C000552,Joshua,Thompson,,wpage@example.org,East Marisa,Maine,Micronesia,2024-01-08
C000553,Mackenzie,Turner,,troy73@example.org,East Josefort,Delaware,Palau,2024-11-23
C000554,Keith,White,,anthonyhubbard@example.com,New Julieshire,New Mexico,Mongolia,2023-09-30
C000555,Jonathan,Jennings,,brooksjessica@example.org,Franciscoton,Georgia,Ghana,2023-11-15
C000556,Heather,Howard,,nelsonrobert@example.com,West Kellyland,North Carolina,Congo,2025-05-26
C000557,Isaac,Davis,,amybrennan@example.net,Josephstad,Connecticut,Martinique,2024-06-19
C000558,Madeline,Smith,,nathan76@example.com,North Jeffery,North Carolina,Cyprus,2025-09-22
C000559,Laura,Hansen,Male,butlersabrina@example.org,North Timothy,Maryland,Portugal,2023-05-19
C000560,Lisa,Preston,Female,gerald40@example.net,East Davidberg,Vermont,Denmark,2023-02-07
C000561,Jason,Zavala,Female,yvazquez@example.org,North Kimchester,Arizona,Congo,2022-02-07
C000562,Laura,Palmer,Male,harrisonrebekah@example.org,West Elizabethville,Delaware,Uruguay,2024-07-29
C000563,Briana,Gonzalez,,anthony24@example.net,Michaelhaven,Wyoming,Saint Lucia,2024-08-18
C000564,William,Jones,Female,ricejennifer@example.com,Port Amanda,Washington,Bolivia,2026-03-10
C000565,Samantha,York,,lrichardson@example.org,Nunezville,Idaho,Syrian Arab Republic,2023-05-05
C000566,Noah,Lewis,Female,rickjuarez@example.com,South Danielberg,New York,Serbia,2023-05-17
C000567,Keith,Bowen,,murphydarrell@example.com,Burkeport,Utah,Tajikistan,2023-10-15
C000568,Angela,Roberts,Male,elopez@example.com,Harryfort,Utah,Bosnia and Herzegovina,2023-07-20
C000569,Alexandra,Rhodes,,thomasrichard@example.net,Lake Saraburgh,California,Haiti,2026-06-11
C000570,Matthew,Larson,Female,bmartinez@example.net,Ramirezshire,Pennsylvania,Faroe Islands,2025-05-07
C000571,Laurie,Harding,,thomas96@example.com,Dylanmouth,Connecticut,British Virgin Islands,2022-10-27
C000572,Tyler,Fuller,Female,anthonyrojas@example.org,Gregoryburgh,Missouri,Netherlands,2024-12-17
C000573,Eric,Howell,,wolfdonna@example.net,Sparksborough,Maine,Panama,2024-01-21
C000574,William,Daniels,Female,cisnerosanthony@example.com,South Shannonfurt,New Hampshire,Kuwait,2021-09-29
C000575,Gregory,Hopkins,Female,nicole27@example.com,West Jennifer,New York,Serbia,2022-02-10
C000576,Emily,Keller,Female,kalvarez@example.net,South Joseshire,Missouri,Nicaragua,2024-12-12
C000577,Katie,Mitchell,,johnsonbrandon@example.com,Lisashire,Alaska,Serbia,2026-01-09
C000578,Matthew,Davis,Female,victoria65@example.org,East Jimmy,Maryland,Nauru,2021-12-28
C000579,Hailey,Melton,,morganandrew@example.com,South Dianechester,Oregon,Malaysia,2026-01-27
C000580,Joseph,Dominguez,Male,odomnicholas@example.com,Ashleyfort,Connecticut,Portugal,2024-12-10
C000581,Matthew,Shaw,Male,garrett45@example.com,South Cynthia,California,Tajikistan,2025-10-26
C000582,Jason,Baker,Female,wendy63@example.net,Lake Meganville,Pennsylvania,Guadeloupe,2022-12-07
C000583,Ashley,Schmidt,,yclark@example.org,Williamport,Nevada,Panama,2024-04-07
C000584,James,Morales,Female,jpowers@example.org,Lake Jacquelineburgh,Oregon,Luxembourg,2022-08-19
C000585,Suzanne,Harmon,,oadams@example.net,Michaelton,North Dakota,Cook Islands,2023-05-22
C000586,Dylan,Hernandez,,megan65@example.org,Port Robert,Maine,Oman,2022-05-15
C000587,Gloria,Young,Male,daniellee@example.org,Stevenside,Nevada,Jamaica,2024-10-19
C000588,Benjamin,Moore,,anthonyclarke@example.com,Lake Melissa,Washington,Libyan Arab Jamahiriya,2025-06-24
C000589,Brian,Mosley,,carolyn16@example.com,South Sherryberg,Kansas,Bouvet Island (Bouvetoya),2024-06-03
C000590,Vincent,Martinez,Female,tyler13@example.net,Port Lindsaymouth,Pennsylvania,Saint Pierre and Miquelon,2023-07-08
C000591,Kaitlin,Young,Female,grobinson@example.org,West Scott,Kentucky,Tokelau,2024-07-06
C000592,Tracy,Brooks,,stewartrodney@example.net,West Natasha,Georgia,Guyana,2023-12-11
C000593,Michael,Parker,Male,skinnereileen@example.org,West Angela,Maryland,Northern Mariana Islands,2026-05-12
C000594,Michael,Burnett,Female,nicholsjoel@example.com,Smithfurt,Kentucky,Gabon,2022-01-06
C000595,Mackenzie,Young,Female,michelemartin@example.com,Natashachester,Arizona,Falkland Islands (Malvinas),2025-11-24
C000596,Madeline,Shepard,Male,vmclaughlin@example.net,Mcdowellville,Hawaii,Qatar,2022-11-14
C000597,Carl,Fisher,Female,shawn00@example.net,Lake Scott,Tennessee,Burkina Faso,2021-07-31
C000598,James,Torres,,rodriguezjohn@example.net,Port Brooke,Nebraska,Somalia,2026-04-07
C000599,Shannon,Russo,,jorgemcdaniel@example.com,Jameschester,Mississippi,Cocos (Keeling) Islands,2023-07-14
C000600,Nicholas,Davenport,,andrewjohnson@example.net,North Terri,Illinois,Estonia,2025-01-27
C000601,Gary,Morales,Female,jburke@example.org,Georgeshire,Delaware,American Samoa,2025-02-27
C000602,Ryan,Mora,Female,fwilcox@example.org,Lake James,Louisiana,France,2025-04-19
C000603,Patrick,Reynolds,Female,carolcarney@example.com,South Henry,Georgia,Antarctica (the territory South of 60 deg S),2023-01-07
C000604,Jose,Williamson,Female,mikesutton@example.com,North Taylormouth,Vermont,Indonesia,2024-12-31
C000605,Jennifer,Erickson,,charles80@example.org,Sarahfort,Minnesota,New Caledonia,2026-04-07
C000606,Tammy,George,Male,smithwilliam@example.com,Tiffanystad,Florida,Uganda,2024-05-13
C000607,Beverly,Green,,dconrad@example.org,West Jenniferchester,Georgia,Eritrea,2022-02-24
C000608,Bradley,Anderson,Female,julie64@example.com,Zacharychester,Hawaii,Germany,2025-04-02
C000609,Travis,Dodson,,jbrown@example.org,East Barry,Kentucky,Central African Republic,2025-02-04
C000610,Samuel,Carney,Male,wwilliams@example.net,Ellisville,Washington,Tonga,2022-04-22
C000611,Michael,Harris,,henry28@example.com,New Whitney,Alabama,Malta,2025-05-27
C000612,Henry,Knapp,Male,kaylarhodes@example.com,West Erinville,Montana,Holy See (Vatican City State),2024-07-08
C000613,Stephanie,Hood,Female,anthonystevens@example.net,Gibsonview,Rhode Island,Palestinian Territory,2021-08-05
C000614,Tara,Douglas,,unguyen@example.net,East Michelle,Tennessee,Finland,2023-03-08
C000615,Brian,Jones,,qdavis@example.org,Port Michelle,Colorado,Angola,2025-10-30
C000616,Frank,Chan,,deborah21@example.com,Owenport,Utah,Netherlands,2022-03-22
C000617,Elizabeth,Collier,,tracymcclure@example.com,Annachester,Colorado,Saudi Arabia,2023-09-05
C000618,Micheal,Lopez,Female,gdavis@example.com,Rhodesberg,New York,Malta,2024-09-18
C000619,Alicia,Roberts,Male,zmiller@example.com,Edgarberg,Utah,United Kingdom,2023-01-25
C000620,John,Patterson,Male,arnoldsamantha@example.net,New Rogerville,New Jersey,Panama,2025-03-03
C000621,Lisa,Kelly,,mackallen@example.net,Whiteburgh,Montana,Aruba,2021-12-25
C000622,Nancy,Evans,Female,ctodd@example.net,Matthewburgh,Indiana,Colombia,2021-12-15
C000623,Tina,Green,Male,hamiltonandrew@example.com,North Georgefort,New Jersey,Puerto Rico,2023-08-05
C000624,Diane,Garner,Male,nturner@example.com,Ballardland,Florida,Burkina Faso,2021-08-20
C000625,Daniel,Smith,Male,micheleclark@example.net,Lake John,South Dakota,Togo,2025-07-08
C000626,James,Turner,Male,bhernandez@example.org,East Rachelmouth,New York,Latvia,2021-08-30
C000627,Shannon,Sanchez,Male,ashley60@example.com,North Crystalchester,Nebraska,Thailand,2024-01-17
C000628,Beth,Simon,Male,benjamin67@example.net,Hallton,North Dakota,Andorra,2023-09-05
C000629,Leslie,Brown,Female,hsmall@example.com,Shanechester,Alaska,Central African Republic,2023-01-03
C000630,James,Cooper,,williammatthews@example.net,Sandramouth,Florida,Turks and Caicos Islands,2023-01-13
C000631,Jennifer,Moyer,Male,laura29@example.org,Hannahland,Texas,Liberia,2022-03-18
C000632,James,Obrien,Female,leonsherry@example.com,Jimmyside,Arkansas,Andorra,2023-05-12
C000633,Jose,Rhodes,Female,mariakline@example.org,West Ryanbury,Delaware,Monaco,2022-09-08
C000634,Jonathan,Peterson,,kayla84@example.org,Lake Brentmouth,New Jersey,Tajikistan,2025-05-06
C000635,Theresa,Harrington,,colonbobby@example.org,Lake David,Indiana,United States Minor Outlying Islands,2023-05-17
C000636,Jessica,Erickson,Male,goconnor@example.org,Matthewberg,Delaware,Thailand,2022-07-29
C000637,Tara,Hammond,,sanchezlisa@example.com,Williamland,Louisiana,Holy See (Vatican City State),2025-02-21
C000638,Robert,Soto,,edwardmolina@example.com,East Laurie,Nebraska,Uruguay,2023-08-12
C000639,Stephen,Phelps,Female,sherry72@example.org,North Matthewfurt,Wyoming,Chad,2023-09-27
C000640,Phillip,Johnson,Female,rachelbrown@example.net,Robertside,Maryland,Saint Helena,2025-04-12
C000641,Regina,Smith,Female,rachel92@example.net,Griffinborough,Ohio,Nigeria,2025-07-05
C000642,Denise,Terry,Male,trowe@example.org,New Matthewberg,North Dakota,Mauritius,2022-12-26
C000643,Christopher,Arnold,Male,katherine20@example.org,Johnport,Washington,Jamaica,2026-07-03
C000644,Daniel,Brown,,jordan85@example.org,Port Debraville,New Hampshire,French Southern Territories,2024-06-05
C000645,Adam,Morgan,,lindazhang@example.net,West Kevin,Texas,Slovenia,2025-08-23
C000646,Ashley,Taylor,Male,pstone@example.org,Zacharyborough,Wyoming,Guyana,2023-11-03
C000647,Dwayne,Simmons,Male,dmiller@example.com,South Jason,California,Heard Island and McDonald Islands,2024-12-13
C000648,Richard,Hansen,Female,lwiggins@example.com,Barajasfort,Washington,Israel,2025-09-08
C000649,Drew,Martinez,Male,tanderson@example.net,Lake Jasonfort,Arizona,San Marino,2022-05-08
C000650,Angelica,Dorsey,Male,guzmanricky@example.org,Ashleyton,North Dakota,Cape Verde,2022-02-26
C000651,Kevin,Brooks,,todd22@example.net,Williamsport,Maine,Cuba,2022-06-25
C000652,Jodi,Smith,,carlos06@example.com,Arielmouth,Missouri,Lebanon,2025-09-27
C000653,Martha,Anderson,Female,williammurray@example.com,Hernandezmouth,Colorado,South Georgia and the South Sandwich Islands,2024-09-09
C000654,Cindy,Hughes,Male,cmorgan@example.net,Fitzgeraldland,Hawaii,Russian Federation,2021-09-09
C000655,Crystal,Ingram,,ann18@example.org,New Amber,Wisconsin,Austria,2026-05-09
C000656,Aimee,Christensen,Male,martinezsharon@example.org,West Kristinbury,Virginia,Taiwan,2026-01-02
C000657,Sean,Roman,Male,richard07@example.org,Samuelchester,Alaska,Tokelau,2024-03-16
C000658,Patrick,Davis,Female,weaverjustin@example.org,Kaylaberg,Maryland,Zambia,2023-08-09
C000659,Gary,Mendez,Male,howard04@example.com,West Douglasmouth,Kentucky,Honduras,2026-04-11
C000660,Rachel,Williams,Female,karenwillis@example.com,Averyview,Arkansas,Ghana,2023-11-22
C000661,Richard,Washington,,bschultz@example.com,East Kathrynberg,Maryland,Montenegro,2023-08-08
C000662,Christopher,Fields,,kristathomas@example.net,Port John,Nevada,United States Minor Outlying Islands,2024-05-05
C000663,Bobby,Hess,,denise20@example.org,Nelsonview,Utah,Hong Kong,2026-07-25
C000664,Megan,Lewis,,brandon89@example.org,Christopherville,Florida,Saint Kitts and Nevis,2024-05-07
C000665,Joshua,Reynolds,Female,nicole54@example.net,Nelsonmouth,Michigan,Cote d'Ivoire,2023-11-13
C000666,Carol,Smith,Female,deborahsmith@example.com,North Emilychester,Oklahoma,Ukraine,2025-01-18
C000667,Tracy,Long,,cobbdebra@example.org,Port Lisamouth,Utah,British Virgin Islands,2023-05-01
C000668,Lisa,Carey,,paul01@example.com,Sharonmouth,Alabama,Cyprus,2025-04-13
C000669,Katherine,Becker,,james94@example.net,East Tina,Mississippi,Argentina,2022-12-20
C000670,Rebecca,Mann,Female,adrianjoyce@example.net,Rodriguezview,Oregon,Macao,2024-01-14
C000671,Andrea,Keller,,cameronanderson@example.org,West Sarah,Iowa,Turkmenistan,2024-03-07
C000672,Kimberly,Lee,Female,braunheather@example.net,Erinmouth,Alabama,Wallis and Futuna,2023-09-14
C000673,Emily,Santos,Male,ryan64@example.org,Simpsonhaven,Wisconsin,Aruba,2025-12-26
C000674,Jeffrey,Ramirez,,upatel@example.org,Leeland,Oregon,Sri Lanka,2021-09-10
C000675,Joan,Spence,Female,prosario@example.org,West Lance,South Dakota,Niue,2022-01-18
C000676,Timothy,Morton,Female,mary31@example.com,West Marissa,Michigan,Mali,2025-07-15
C000677,Sherry,Parsons,Female,oduran@example.com,North Territon,Missouri,Germany,2026-01-07
C000678,Heather,Patton,Male,ellisonscott@example.com,Joneston,Oklahoma,Austria,2023-01-15
C000679,Patrick,Davis,,mhall@example.net,South Patrickchester,South Carolina,Niger,2022-01-27
C000680,Debra,Lowe,Female,gibsonmark@example.org,North Alexanderland,Pennsylvania,Somalia,2025-10-09
C000681,Rebecca,Martinez,,michael79@example.com,East Devin,Arizona,Bahamas,2022-03-16
C000682,Breanna,Palmer,Female,larry82@example.org,Parkermouth,Maine,Heard Island and McDonald Islands,2026-06-02
C000683,Zachary,Sandoval,,brianhunter@example.net,South Mauriceborough,South Dakota,United States of America,2022-07-28
C000684,Casey,Lopez,Male,dneal@example.net,Melissashire,Michigan,Nicaragua,2023-01-24
C000685,Mark,Garcia,Female,crawfordsamantha@example.net,Lake Jerry,South Carolina,Croatia,2022-10-05
C000686,Jessica,Cisneros,Female,lindsay63@example.com,Port Veronica,Mississippi,Algeria,2021-12-07
C000687,Anthony,Wilson,Male,scott95@example.org,East Jamesburgh,Iowa,Turks and Caicos Islands,2022-11-16
C000688,Grant,Abbott,,gregorysmith@example.com,North Marieberg,Missouri,Palau,2025-07-03
C000689,Daniel,Boyle,Female,stephen55@example.net,New Tiffany,South Carolina,Turkmenistan,2023-09-26
C000690,Jennifer,Wilson,Male,lauralee@example.com,Louischester,South Dakota,Ecuador,2026-03-04
C000691,Kathryn,Matthews,Female,kristine53@example.org,Moniquehaven,Pennsylvania,Turks and Caicos Islands,2024-01-05
C000692,Jessica,Mueller,Female,jacksonpaul@example.net,Victormouth,Idaho,Gibraltar,2025-02-16
C000693,Alicia,Webb,Female,lwells@example.com,East Jeffreyborough,New Hampshire,Tokelau,2022-09-27
C000694,Jeffery,Coleman,,xduncan@example.com,East Karenport,New Hampshire,Maldives,2023-04-29
C000695,Brandy,Marshall,Male,ronald76@example.com,Lindamouth,Louisiana,Hong Kong,2021-09-09
C000696,Scott,Baker,Male,howardchristopher@example.net,Port Joshuabury,Connecticut,British Indian Ocean Territory (Chagos Archipelago),2021-12-03
C000697,Benjamin,Gonzalez,Male,emilywright@example.net,Jamesberg,Wisconsin,Saint Barthelemy,2025-04-07
C000698,Rita,Smith,Male,juan56@example.com,South Destinyberg,Montana,Denmark,2022-09-13
C000699,Kara,Wells,Female,dsharp@example.com,West Meganchester,Wyoming,Western Sahara,2025-01-21
C000700,Jason,Cole,,brooksbarbara@example.org,Sherrytown,New York,Sudan,2024-11-10
C000701,Michael,Perez,Male,zjennings@example.net,Marktown,Oregon,Solomon Islands,2021-09-22
C000702,Donald,Rowland,,ashley99@example.net,Bairdborough,Montana,Bahrain,2024-03-28
C000703,Jacob,Rodriguez,Male,tfowler@example.org,North Emily,Idaho,Antigua and Barbuda,2025-09-12
C000704,Carrie,Johnson,Male,chadmccarty@example.com,East Kelly,North Dakota,Bangladesh,2023-11-03
C000705,Miguel,Smith,Female,michele66@example.org,East Amandafort,West Virginia,Bangladesh,2023-07-06
C000706,Rebecca,Clark,Female,kylemeyers@example.net,Mooreshire,Maryland,Namibia,2022-07-31
C000707,Jennifer,Stevens,Female,adrianthomas@example.org,Jacobsbury,North Dakota,Greenland,2026-02-13
C000708,Natasha,Stevens,,mclaughlinkeith@example.com,Isabellaport,Montana,New Zealand,2025-09-07
C000709,Melissa,Perry,Female,rachelquinn@example.com,Bartlettburgh,Vermont,Montenegro,2022-01-16
C000710,Holly,Williams,Female,joshuafuller@example.com,Lake Jessicaborough,New York,Isle of Man,2026-07-13
C000711,Angela,Carney,Male,camposwilliam@example.com,Hayesview,Indiana,Madagascar,2021-10-15
C000712,Anthony,Fowler,Male,vjames@example.com,South Benjamin,Kentucky,Brazil,2025-02-10
C000713,Derek,Santiago,Female,ewashington@example.org,Lake Stephanie,Florida,Latvia,2025-09-01
C000714,Mckenzie,Jackson,Female,lawsongregory@example.org,Jacksontown,Utah,Faroe Islands,2022-05-02
C000715,Michael,Robinson,,staffordamanda@example.com,Port Cynthiahaven,Tennessee,Panama,2025-02-23
C000716,Penny,Myers,,scott90@example.org,Wangbury,Mississippi,United States of America,2022-10-04
C000717,Christopher,Fisher,Male,rogersjames@example.net,East Susanville,Texas,Chad,2025-03-09
C000718,Bradley,Hunt,,marcus39@example.org,Mcmillanville,Iowa,Croatia,2022-02-04
C000719,Marcus,Smith,Female,alexander37@example.org,Lake Lisastad,Arizona,Bangladesh,2025-12-29
C000720,Robert,Saunders,Female,gbird@example.net,West Susan,Rhode Island,Greece,2026-06-23
C000721,Heather,Gregory,Male,martinreid@example.net,Tiffanyfort,California,Grenada,2021-08-27
C000722,Rhonda,Cole,Female,wesleybush@example.org,North Christina,Delaware,Georgia,2022-09-30
C000723,Roy,Sanchez,Female,brownnicholas@example.com,East Nicholas,Tennessee,Argentina,2022-10-03
C000724,Jessica,Hinton,Female,vstevenson@example.org,Lonnieton,North Dakota,Somalia,2026-06-16
C000725,Deborah,Roberts,Female,perezjessica@example.com,East Amber,Texas,Egypt,2025-07-29
C000726,Heather,Walker,,lboyd@example.com,North Mollyland,Illinois,Austria,2024-09-26
C000727,Donald,Harris,,thompsonana@example.org,New Christian,Washington,Lao People's Democratic Republic,2023-02-15
C000728,Jennifer,Sanchez,,catherineturner@example.net,Faulknerborough,Louisiana,Tokelau,2025-06-22
C000729,Christopher,Kaufman,,egray@example.com,Wagnerchester,Wisconsin,Cape Verde,2025-08-31
C000730,Laura,Smith,,fsimmons@example.com,New Jessica,Kentucky,Hong Kong,2023-11-20
C000731,Shawn,Brooks,Male,ijones@example.net,Gonzalezborough,Alabama,American Samoa,2025-11-16
C000732,Jessica,Brooks,Female,zfrost@example.net,Patrickport,Tennessee,Namibia,2021-12-03
C000733,Nicole,Riddle,Male,cruzariel@example.org,Kruegerstad,North Carolina,Russian Federation,2024-01-04
C000734,Haley,Horton,Female,vhouse@example.org,South Austin,Mississippi,Norfolk Island,2025-02-05
C000735,Anthony,Wade,Female,josegibson@example.net,West John,Pennsylvania,Zambia,2024-11-17
C000736,Evan,Wilson,Female,newmansabrina@example.com,New Reneechester,Hawaii,Switzerland,2023-09-13
C000737,Heather,Mason,Male,uwillis@example.com,North Daisystad,Georgia,Ethiopia,2025-04-23
C000738,Sarah,Sanders,Female,adam27@example.org,North Kimchester,North Dakota,Israel,2024-11-02
C000739,Jessica,Jackson,Female,jacob23@example.com,New Stacy,New Hampshire,Montenegro,2025-08-21
C000740,Jacob,Brown,,lisalee@example.com,Simsville,South Dakota,Chad,2021-12-18
C000741,Christopher,Martinez,,petersonbrenda@example.com,Chambersville,Alabama,Bahamas,2022-11-24
C000742,Stephanie,Ortega,Female,davisalexa@example.org,Morrisonview,New York,Lebanon,2025-05-08
C000743,Cassandra,Rogers,,yvonne35@example.net,Grayton,Minnesota,Tunisia,2023-03-21
C000744,Craig,Bryant,Male,ihardy@example.org,Port Alyssabury,Mississippi,Korea,2024-08-28
C000745,Donna,Alvarez,Female,akeller@example.net,Allenstad,Arizona,Sri Lanka,2025-03-31
C000746,Erica,Hall,Male,nross@example.org,Ronniefort,Texas,Togo,2025-01-23
C000747,Craig,Cruz,,jenniferkane@example.net,East Tylerland,Maryland,Syrian Arab Republic,2024-12-06
C000748,Ana,Baxter,,peggyfriedman@example.com,East Jason,Wisconsin,Western Sahara,2024-11-12
C000749,Christopher,Graham,Male,martinsarah@example.com,Jeffreyview,Texas,Lebanon,2026-04-29
C000750,Ellen,Wade,Female,sdavis@example.com,New Katie,Rhode Island,Bahrain,2024-10-14
C000751,Nicholas,Love,,yvaldez@example.net,Stokesbury,Kentucky,Brazil,2023-01-08
C000752,Daniel,Peterson,,juliewilson@example.com,Port Lawrence,Missouri,Morocco,2025-04-02
C000753,Lance,Lawrence,,melaniewhitney@example.com,Laurenberg,North Dakota,Panama,2024-07-29
C000754,Jeffrey,Foster,Male,sstewart@example.org,Frazierberg,Rhode Island,Finland,2022-04-18
C000755,Elizabeth,Solis,Male,georgekyle@example.net,West Wendyshire,New Mexico,Norfolk Island,2025-09-17
C000756,Troy,Padilla,,zbrown@example.com,Port Jennifer,Washington,Vietnam,2025-08-14
C000757,Isabella,Williams,Female,melissaluna@example.com,North Amy,Michigan,Jamaica,2024-12-15
C000758,Veronica,Todd,Male,ujones@example.com,Heatherborough,Vermont,Togo,2024-04-22
C000759,Connor,Morris,Female,hornjenna@example.com,New Devin,Vermont,Liberia,2023-01-08
C000760,Duane,Robinson,Male,jillsmith@example.net,Lake Kristenberg,Missouri,Zambia,2026-06-25
C000761,Erin,Jackson,Male,davisterri@example.org,North Tinamouth,Pennsylvania,Jordan,2026-06-01
C000762,Courtney,Powell,Female,wilsonrandy@example.com,Lake Julie,Wyoming,Puerto Rico,2026-07-10
C000763,Emily,Davis,Female,phancock@example.com,Cynthiamouth,Mississippi,Algeria,2022-03-02
C000764,Christopher,Burns,Female,andrewberry@example.net,Hillville,Pennsylvania,Cocos (Keeling) Islands,2023-06-27
C000765,Zoe,Park,Male,ashley15@example.org,South Lisa,Alaska,India,2024-05-06
C000766,Amanda,Burnett,Female,lbrown@example.net,Port Karenville,Idaho,Tokelau,2024-07-24
C000767,Hector,Peters,Female,david29@example.org,North Anna,Wisconsin,Antigua and Barbuda,2021-12-27
C000768,David,Evans,Female,rodneylandry@example.org,West Brandon,North Dakota,United Kingdom,2025-06-25
C000769,Donna,Wallace,Female,hneal@example.com,Lake Corey,Arizona,Dominica,2021-10-01
C000770,Donald,Chase,Female,susanguzman@example.org,Joshuachester,California,Mexico,2022-11-03
C000771,Patrick,Mckee,Female,qbryant@example.net,Bentleyberg,Ohio,Costa Rica,2021-12-01
C000772,Jessica,Cowan,Female,jenniferelliott@example.net,South Lorraine,Massachusetts,Solomon Islands,2023-09-26
C000773,Anthony,Munoz,Male,nelsonamanda@example.net,Jonesland,Mississippi,United States of America,2023-03-27
C000774,Joshua,Melton,Female,joshuagarcia@example.org,Lynnville,Idaho,Malta,2025-03-17
C000775,Kristopher,Nicholson,Male,wdavis@example.net,Andreaville,Arkansas,Chile,2023-02-26
C000776,Karen,White,,iwoods@example.com,Lake Williamberg,Texas,Brunei Darussalam,2022-04-12
C000777,Ashley,Adams,,jasmine39@example.com,Whitestad,New Jersey,Macao,2023-01-01
C000778,Stephanie,Meyer,Male,kevinhodge@example.com,Townsendland,South Dakota,Belgium,2021-12-13
C000779,John,Davis,Female,millerjustin@example.com,South Ericaberg,New Mexico,Luxembourg,2024-02-21
C000780,Whitney,Barron,Male,sullivanchristina@example.net,Lake Ronaldside,West Virginia,Guatemala,2022-10-15
C000781,Joanne,Tapia,,lawsontami@example.net,East Charles,Florida,Malaysia,2023-05-02
C000782,Brent,Simpson,Male,nathanielwilson@example.net,Port Amber,Wyoming,Togo,2022-02-26
C000783,Kevin,Carter,,aaronwelch@example.com,West Sarah,Tennessee,Malaysia,2025-09-11
C000784,Austin,Ford,Male,abrown@example.net,Murphystad,Connecticut,Albania,2023-04-25
C000785,Jennifer,Morales,Male,garciatravis@example.org,South David,New York,Albania,2022-05-06
C000786,Diane,Perez,Male,xbrooks@example.com,New Lisa,Connecticut,Kazakhstan,2024-11-06
C000787,Scott,Taylor,Male,tsmith@example.org,East Justinberg,Montana,Italy,2025-04-15
C000788,Rachel,Martin,Male,stacymoyer@example.com,South Tracyfort,Utah,Rwanda,2022-03-15
C000789,Karen,Deleon,,vshaw@example.com,North Susan,Alaska,Brunei Darussalam,2022-05-06
C000790,Vincent,Saunders,Male,brettgallegos@example.com,South Timothyport,New York,Belize,2025-05-16
C000791,John,Hernandez,Male,johnwang@example.com,Lake Lori,Illinois,Lebanon,2025-02-05
C000792,Lisa,Haynes,Male,jacobbond@example.net,East David,Montana,Argentina,2022-12-08
C000793,James,Thomas,Female,jensenchristopher@example.org,Russellport,Vermont,North Macedonia,2026-06-20
C000794,Jeffrey,Simmons,,hicksdawn@example.com,West Michaelstad,Virginia,Italy,2022-10-20
C000795,Patty,White,Male,williamsjulie@example.org,Thomasville,Nevada,Colombia,2022-10-29
C000796,Travis,Cook,,davisalexander@example.net,West Michael,Mississippi,Samoa,2025-06-17
C000797,Allison,Watson,Male,jason61@example.org,Lake Julia,Delaware,Armenia,2024-07-01
C000798,Rhonda,Pena,Female,jamesgriffin@example.org,New Christineport,Washington,Lebanon,2026-07-08
C000799,James,Le,,andersonrobert@example.net,Patriciaside,Minnesota,Ukraine,2023-05-25
C000800,Crystal,Wilson,Female,ajones@example.net,East Carolberg,Maine,Aruba,2026-05-07
C000801,Bruce,Compton,Female,joysanders@example.net,East Samuelhaven,Missouri,Monaco,2025-06-18
C000802,Richard,Nelson,Male,adamarmstrong@example.net,Port Williamhaven,Virginia,Saint Helena,2024-03-11
C000803,Kevin,Robinson,,andrea23@example.org,West Benjamin,Georgia,Western Sahara,2025-12-26
C000804,Sara,Nelson,,dayjohn@example.org,North Deborahstad,Massachusetts,Belize,2026-04-20
C000805,Nicole,Baker,,rickycarr@example.com,Lake Lisastad,Iowa,Saint Martin,2026-05-24
C000806,Gregory,Bonilla,,sharphailey@example.net,Mollyside,Indiana,Svalbard & Jan Mayen Islands,2023-10-11
C000807,Mark,Harris,Male,omoore@example.net,Richardsonfort,Colorado,Lithuania,2022-06-22
C000808,Jackson,Huffman,Male,ashleyharding@example.org,Andrewburgh,Idaho,Svalbard & Jan Mayen Islands,2023-07-16
C000809,Cathy,Jones,Female,simmonsspencer@example.net,Garciahaven,Florida,Saint Lucia,2025-04-27
C000810,Alexander,Garcia,Male,asmith@example.net,East Johnland,Louisiana,Cambodia,2026-04-05
C000811,Carol,Sparks,,rosariodaniel@example.net,Melissaland,Illinois,Burundi,2023-12-20
C000812,Anna,Wallace,Male,kylemendoza@example.org,New Heatherside,Delaware,Angola,2025-09-10
C000813,Curtis,Phillips,Female,othomas@example.org,South Paul,Minnesota,Palau,2023-01-01
C000814,Sandra,Cohen,,vasquezvicki@example.org,West Michaelmouth,Delaware,Guyana,2026-03-08
C000815,Samantha,Huang,,gregorymoreno@example.net,Lake Ronald,Texas,Poland,2023-01-27
C000816,Lisa,Bailey,Female,nelsonvictor@example.com,Lisaland,Alabama,Tokelau,2026-03-26
C000817,Edgar,Rios,Female,dylan77@example.org,New Ronaldview,Georgia,Bermuda,2023-03-08
C000818,David,Saunders,,luis67@example.net,Guzmanmouth,Florida,Spain,2026-04-15
C000819,Sandra,Reyes,Male,fryan@example.net,South Christopher,Virginia,Italy,2024-03-14
C000820,Kimberly,Shepherd,Male,jacquelineyoung@example.org,Port Andre,Oklahoma,Lebanon,2026-05-10
C000821,Samantha,Brown,,michael24@example.com,Port Melissa,Nebraska,Ecuador,2022-08-15
C000822,Jeffrey,Burgess,,haydenjane@example.com,Lake Tammiestad,Arkansas,Reunion,2022-02-04
C000823,Bonnie,Woods,,anthonydiaz@example.org,North Alexander,Nebraska,Canada,2025-05-24
C000824,Terry,Taylor,Male,theodore57@example.net,West Danielton,Tennessee,Antigua and Barbuda,2024-08-02
C000825,Glenn,Martin,Male,rwall@example.com,Samanthahaven,Maryland,Russian Federation,2022-09-14
C000826,Sarah,Nelson,,boydtiffany@example.org,South Christine,Iowa,India,2022-06-26
C000827,Julie,Hansen,Female,velasqueztaylor@example.com,Wilcoxburgh,Arkansas,Spain,2023-06-04
C000828,Roger,Nelson,,millercarrie@example.com,East Julianside,Connecticut,Bahrain,2022-08-17
C000829,Alex,Browning,,andrealittle@example.org,West Christopher,Oregon,Mongolia,2021-10-15
C000830,Valerie,Webb,Male,edwardssherry@example.org,Karenfurt,North Carolina,Congo,2023-02-20
C000831,Peter,Kelly,,jacquelinedavis@example.com,New Lindseyberg,Alaska,Namibia,2025-07-19
C000832,Thomas,Melton,Male,robertsedward@example.com,Lake Christopherbury,Indiana,Sri Lanka,2024-12-22
C000833,Donald,Higgins,Female,seth25@example.com,Cindychester,Arizona,Uganda,2025-02-17
C000834,Felicia,Allen,,rubioashley@example.com,Port Alexisport,Oklahoma,Trinidad and Tobago,2026-05-31
C000835,Kimberly,Miller,Female,gibsongeoffrey@example.com,North Joshua,Mississippi,Guinea,2022-01-05
C000836,Harold,Ingram,,valerie47@example.net,North Teresa,New York,Armenia,2023-05-21
C000837,Justin,Ortiz,Female,scotthunt@example.net,Nathanielchester,North Carolina,Korea,2022-11-18
C000838,Nancy,Fleming,Male,figueroajohn@example.net,East Melissaport,Missouri,Cayman Islands,2024-06-01
C000839,Melissa,Walker,,wcaldwell@example.com,Daymouth,Connecticut,Belize,2022-06-20
C000840,Daniel,Moyer,,mtate@example.com,Calebmouth,Rhode Island,Libyan Arab Jamahiriya,2022-08-18
C000841,Judith,Wilson,Female,jjohnson@example.com,Lake Jason,Oregon,Antigua and Barbuda,2026-07-04
C000842,Kim,Brown,Male,kristine73@example.org,Port Andrew,Wisconsin,Poland,2023-09-06
C000843,Johnny,Thompson,Female,chadsullivan@example.com,Savagehaven,Indiana,Paraguay,2026-01-12
C000844,Jack,Brown,Female,wpeterson@example.com,East Michael,Nebraska,Liberia,2023-12-11
C000845,Haley,Martin,Male,sgomez@example.net,Morrowside,Rhode Island,Congo,2021-12-15
C000846,Elizabeth,Jensen,Female,elizabeth50@example.org,Peckfort,Massachusetts,Brazil,2025-07-12
C000847,Emily,Baker,Female,mcneilsherry@example.org,Fowlershire,Connecticut,Argentina,2022-08-29
C000848,Tiffany,Fisher,,carolynrobinson@example.org,Lake Barbara,Alabama,Heard Island and McDonald Islands,2025-08-20
C000849,Allen,Mosley,Female,lyonsdeborah@example.com,Jenkinsstad,Ohio,Japan,2024-03-07
C000850,Kathy,Wilson,,stephenbrooks@example.net,New Ryan,Maine,Tanzania,2024-11-12
C000851,Erin,Walters,Male,cowanlinda@example.org,Lake Allenchester,Connecticut,Luxembourg,2025-04-26
C000852,Cindy,Gardner,Female,zgordon@example.org,Melissaborough,Iowa,Singapore,2023-11-03
C000853,Patrick,Gonzalez,Male,wsampson@example.com,Odonnellfurt,Alabama,Wallis and Futuna,2023-06-10
C000854,Jeffrey,Campbell,,kyle63@example.org,Johnsontown,Georgia,Somalia,2023-06-10
C000855,Lisa,Wilkins,,matthew96@example.org,Leefurt,Arkansas,Spain,2026-03-24
C000856,Roy,Ayers,,lmadden@example.com,Zacharychester,Iowa,Bolivia,2025-02-12
C000857,David,Wilson,Female,ocameron@example.com,West James,Colorado,Anguilla,2023-10-03
C000858,Cristina,Watkins,,montgomeryamy@example.org,Johnsonberg,New Jersey,North Macedonia,2024-09-21
C000859,Michael,Allen,,kennethnichols@example.org,Townsendton,Louisiana,Belize,2026-03-30
C000860,Courtney,Little,Female,rodriguezsara@example.org,East Justinburgh,Colorado,Belarus,2024-01-14
C000861,Michael,Massey,Female,ygarcia@example.org,Jonesland,Indiana,Poland,2023-09-01
C000862,Pamela,Schultz,Female,lstokes@example.com,East Donnaton,Delaware,Guam,2026-07-15
C000863,Timothy,Mendez,,moorejudy@example.org,New Anthony,Alaska,Maldives,2024-02-15
C000864,Edwin,Camacho,,roachanthony@example.org,North Jessica,Florida,Ethiopia,2022-12-07
C000865,James,Davis,Female,stuart76@example.net,Nielsenview,Idaho,Congo,2025-01-01
C000866,Paige,Campbell,Female,ygarcia@example.net,Gabrielborough,Washington,Libyan Arab Jamahiriya,2023-09-25
C000867,Sean,Carlson,Male,lisa91@example.net,Pattersonshire,Minnesota,Holy See (Vatican City State),2026-01-21
C000868,Lori,Cole,Male,rubiojohnny@example.com,Cassandrahaven,Minnesota,Indonesia,2021-09-18
C000869,Hector,Morris,Female,michaeljones@example.net,Nathanmouth,Delaware,Algeria,2023-02-28
C000870,Alex,Murphy,Female,ubradley@example.org,South Justinborough,North Dakota,Cuba,2022-01-30
C000871,Joshua,Franklin,Male,berrydebbie@example.net,Stewartmouth,Illinois,Congo,2021-10-24
C000872,Troy,Williams,Female,robert17@example.org,Brittanybury,Oregon,Angola,2022-12-28
C000873,Dawn,Chase,,buckjustin@example.com,New Samanthaton,Michigan,Oman,2021-08-24
C000874,Terry,Gallegos,,rcummings@example.com,Richardside,Wyoming,Germany,2024-01-14
C000875,Brandon,Evans,,psnyder@example.org,Sharonville,Alaska,Czech Republic,2021-10-21
C000876,Alex,Garcia,Female,michelle63@example.org,East Jenniferstad,Ohio,Albania,2026-03-28
C000877,Miranda,Green,Female,rodriguezstacey@example.org,Markfurt,Louisiana,Qatar,2022-06-02
C000878,Devin,Murray,Male,luishernandez@example.net,Walshville,North Dakota,Marshall Islands,2022-10-08
C000879,Timothy,Henry,Female,marc73@example.org,Katieland,Minnesota,Moldova,2025-09-29
C000880,John,Holland,Female,heatherjones@example.com,East Alexanderborough,New Jersey,Svalbard & Jan Mayen Islands,2023-06-29
C000881,Tony,Peterson,Male,kathleen47@example.net,Port William,Florida,Cyprus,2026-02-24
C000882,Paul,Chavez,Female,kimberlylopez@example.com,Martinport,Oregon,Oman,2022-01-28
C000883,Steven,Rodriguez,Male,allenpatricia@example.org,Anthonyhaven,New Hampshire,Guinea,2022-11-23
C000884,Sara,Miller,Female,zlewis@example.net,Romeroton,New Hampshire,Faroe Islands,2023-06-01
C000885,Brandon,Reyes,Female,mlee@example.com,New Joshua,Rhode Island,Lithuania,2024-02-28
C000886,Daniel,Williams,Female,susanrobinson@example.org,New Josephland,Ohio,Bolivia,2022-12-11
C000887,Nicole,Lyons,Female,gmyers@example.org,Tylerburgh,Indiana,Guatemala,2024-10-01
C000888,Janice,Roberts,,daviswesley@example.net,Stevensonbury,Hawaii,Germany,2024-12-21
C000889,Garrett,Cook,,athomas@example.net,Pattersontown,Idaho,Estonia,2025-12-22
C000890,George,Wolf,Female,wheelertara@example.net,South Morganfort,Delaware,Aruba,2025-08-30
C000891,Ashley,Mooney,,aliciajackson@example.org,North Kevinmouth,New Hampshire,Liechtenstein,2025-03-29
C000892,Veronica,Scott,Male,dking@example.org,Kevinmouth,North Dakota,Singapore,2024-11-20
C000893,Michelle,Anthony,,rrodriguez@example.net,East Tiffanybury,Texas,Cambodia,2023-05-09
C000894,Anthony,Lane,Male,vhoward@example.org,South Danielle,Louisiana,Turkey,2024-09-13
C000895,Amy,Gaines,Male,josephshelton@example.com,Lawrenceview,Maryland,Comoros,2021-10-09
C000896,Abigail,Cooper,Male,hamiltonspencer@example.com,Danieltown,New York,Vanuatu,2024-12-29
C000897,Steven,Hernandez,,cindy24@example.com,Calvinport,Alabama,Korea,2021-10-08
C000898,Justin,Watkins,Female,freemanadam@example.com,North Johnstad,Maine,Solomon Islands,2025-11-11
C000899,Elizabeth,Mack,Female,stephaniereeves@example.org,South Brenda,Colorado,French Guiana,2022-08-29
C000900,Thomas,Gomez,,ghenderson@example.com,Carlaburgh,Oregon,Jordan,2024-12-17
C000901,Marcus,Lane,Male,johnbutler@example.org,Kevinport,Oregon,Vanuatu,2024-09-15
C000902,Amy,Bennett,,hdavis@example.com,Williamstad,New Jersey,Guinea,2023-09-15
C000903,Robert,Jenkins,Female,gainesanthony@example.com,Port Donaldport,Kansas,Mozambique,2024-02-16
C000904,David,Daniels,,brian62@example.com,South Lindseyhaven,New Jersey,Taiwan,2021-11-02
C000905,Brian,Gallegos,,cookconnor@example.com,Vaughnton,Delaware,Saint Vincent and the Grenadines,2024-06-28
C000906,William,Love,Female,zacharyhart@example.com,East Patty,South Dakota,Timor-Leste,2022-05-04
C000907,Courtney,Ball,Female,shaffercindy@example.org,North Aaronville,North Dakota,Bhutan,2022-10-20
C000908,Dale,Johnson,Male,hmyers@example.com,Webbburgh,Kansas,Tajikistan,2025-10-21
C000909,Jorge,Salazar,Male,nvillarreal@example.org,Thomastown,Idaho,Cambodia,2025-08-29
C000910,Diane,Jackson,Female,thomasroberts@example.net,New Trevorview,Montana,Hungary,2025-01-20
C000911,Daniel,Butler,Male,shernandez@example.com,New Pedroshire,Maryland,Antigua and Barbuda,2024-10-16
C000912,Patricia,Harvey,Female,odonnellmichael@example.org,Khanmouth,Louisiana,Algeria,2026-06-23
C000913,Michael,Foley,,michaelmccarthy@example.com,East Dianastad,Tennessee,Saint Helena,2024-05-19
C000914,Stephen,Trevino,Male,joshuafarmer@example.com,Jonesfort,Missouri,Latvia,2024-08-05
C000915,Henry,Erickson,Female,david59@example.net,Breannafurt,California,Aruba,2021-09-17
C000916,Jessica,Hall,,portererin@example.com,Port Lindsey,Washington,South Africa,2022-10-01
C000917,Rachel,Thompson,,acampos@example.org,New Johnton,West Virginia,Barbados,2023-10-10
C000918,Nicholas,Welch,Female,mcleanmanuel@example.net,Grayshire,Oklahoma,Cook Islands,2022-07-18
C000919,Travis,Shelton,Female,jamesmartin@example.net,North Brandi,South Dakota,Paraguay,2022-01-17
C000920,Arthur,Taylor,,wardricky@example.net,West Jacobhaven,New York,Comoros,2025-09-23
C000921,Ashley,Wells,,michael82@example.org,Pattersonfurt,California,Montenegro,2021-12-15
C000922,Kimberly,Evans,Female,jimenezbrett@example.net,Andrewport,Kentucky,Iceland,2025-01-30
C000923,Carlos,Savage,Female,charles93@example.net,Reginaldton,Ohio,Qatar,2026-01-10
C000924,Brandi,Giles,,denise05@example.com,Jameston,Florida,Costa Rica,2024-04-20
C000925,Jessica,Glass,,youngcharles@example.net,West Tinachester,Rhode Island,Saint Vincent and the Grenadines,2024-08-17
C000926,Christopher,Arnold,Female,josephwilliams@example.org,Romerostad,Nevada,Lesotho,2023-01-31
C000927,Melissa,Mata,Female,velazquezanthony@example.org,Flemingtown,Oklahoma,Liberia,2021-10-29
C000928,Katie,Dominguez,,jmiles@example.org,South Davidstad,Minnesota,Congo,2023-04-13
C000929,Samantha,Allen,Female,chapmanjeremy@example.net,Port Alexisbury,Arkansas,Belarus,2021-11-06
C000930,Samuel,Campbell,Female,michael34@example.org,Mendozaville,Texas,Belarus,2021-12-12
C000931,Shawna,Harris,Female,priscilla37@example.net,Shellyside,Maine,Trinidad and Tobago,2024-11-01
C000932,Alison,Adams,Female,brownrachel@example.net,Ramirezborough,Florida,Tajikistan,2026-06-13
C000933,Jerry,Harmon,Male,davidhardy@example.org,East Hollymouth,Delaware,Angola,2024-01-23
C000934,Arthur,Ramirez,Male,fevans@example.org,Melissafurt,New York,Andorra,2025-11-18
C000935,Patrick,Williams,,nicolaskeller@example.net,Lake Kevinside,Wisconsin,Guernsey,2026-04-03
C000936,Renee,Webster,Male,sandra49@example.org,West Jessicachester,Nevada,Slovenia,2025-03-19
C000937,Jill,Brown,Female,transtephanie@example.net,Micheleside,New Jersey,Jamaica,2024-06-06
C000938,Ashley,Stone,Male,susanmcdonald@example.org,North Juan,Utah,Zambia,2022-12-09
C000939,Yolanda,Wise,,matthew60@example.net,Michaelview,Tennessee,Sudan,2025-06-04
C000940,Alexander,Parker,,mary27@example.com,South Alanton,Minnesota,Lesotho,2024-10-03
C000941,Angela,Ortiz,,hillcheryl@example.com,South Hectorview,Kentucky,Trinidad and Tobago,2024-01-16
C000942,Jeremy,Thompson,Male,halldiamond@example.org,Rileyton,Oklahoma,Saint Barthelemy,2022-09-15
C000943,Stephanie,Braun,Male,allen58@example.net,New Jimmyville,California,Madagascar,2023-10-14
C000944,William,Young,Male,ashley61@example.net,Liuberg,Alaska,Greece,2024-08-07
C000945,Michael,Hester,,thomas49@example.org,West Bradley,Georgia,United States Minor Outlying Islands,2024-07-10
C000946,Daniel,Lewis,Female,william89@example.net,Shelbyfurt,Pennsylvania,Antigua and Barbuda,2024-11-07
C000947,Edward,Farmer,Female,friedmansusan@example.org,Ryanville,North Dakota,South Georgia and the South Sandwich Islands,2021-10-27
C000948,Thomas,Warren,,mstewart@example.net,Rhondamouth,Kansas,South Georgia and the South Sandwich Islands,2025-05-28
C000949,Michael,Bryant,,steelesean@example.com,Christopherside,North Carolina,Belarus,2026-02-21
C000950,Denise,Jacobs,,ohartman@example.net,New John,Nebraska,Peru,2024-06-28
C000951,Devin,Green,,matthew11@example.com,Wagnerberg,Oregon,Lithuania,2024-09-23
C000952,Kendra,Yoder,Female,hsmith@example.com,Kathyfort,West Virginia,Bolivia,2022-03-13
C000953,Austin,Reynolds,Male,veronicaanderson@example.net,Strongstad,Florida,Iran,2025-01-19
C000954,John,Carter,Male,phyllis59@example.net,Lake Brandonstad,New Hampshire,United States Minor Outlying Islands,2023-08-12
C000955,Shannon,Davenport,Female,katherine22@example.net,East Paulashire,Pennsylvania,Heard Island and McDonald Islands,2024-12-08
C000956,Shawn,Flores,Male,williamchapman@example.org,West Trevor,Arkansas,Mongolia,2024-02-26
C000957,Alicia,Romero,Female,ymitchell@example.com,East Bobby,West Virginia,Turkmenistan,2026-07-07
C000958,Jason,Stone,Male,cory42@example.org,Joshuamouth,Iowa,Turks and Caicos Islands,2022-05-31
C000959,Sheila,Green,Female,middletonelizabeth@example.org,East Andreahaven,Wisconsin,Chile,2021-09-13
C000960,Rachel,Moyer,Male,adamwall@example.org,Jamesshire,Nevada,Saint Martin,2023-10-16
C000961,David,Chavez,,moransamantha@example.org,Onealfort,Kentucky,Benin,2025-11-21
C000962,Victoria,Dennis,,schmittlinda@example.net,Lake Charles,Hawaii,Madagascar,2023-03-30
C000963,Shawn,Moss,Male,mannleroy@example.org,Garciahaven,Massachusetts,Comoros,2025-10-10
C000964,Donna,Rich,Female,averycourtney@example.org,New Nicholas,Iowa,Peru,2022-07-18
C000965,Theodore,Washington,Male,jessicacampbell@example.org,New Mercedesborough,Alabama,Jordan,2021-11-25
C000966,Angela,Clark,Male,benjaminwatts@example.net,Welchbury,South Dakota,Guernsey,2023-12-27
C000967,Diane,White,,mary47@example.com,Harperside,New Mexico,French Polynesia,2022-01-18
C000968,Daniel,Ibarra,Female,robert75@example.org,Wilsonmouth,Massachusetts,Panama,2022-02-18
C000969,Heidi,Bush,,flarsen@example.net,Mcdanieltown,Maine,Ethiopia,2024-02-08
C000970,Pamela,Patton,Male,hartmarcus@example.net,Robertmouth,Nevada,Iran,2022-11-14
C000971,Brian,Washington,,matthewcardenas@example.com,Ortizshire,Hawaii,Mauritania,2022-08-06
C000972,Colleen,Gould,Female,david80@example.net,Port Nicholasmouth,Minnesota,Seychelles,2025-05-25
C000973,Bryan,Williams,Male,michaelgonzalez@example.org,Heathbury,Maine,Spain,2022-05-16
C000974,Nathaniel,Gutierrez,Male,shelbyjohnson@example.org,New Raymondfort,Arizona,Cayman Islands,2022-12-25
C000975,Andrew,Welch,,arthurbrady@example.com,Andersonview,Colorado,Belarus,2021-12-07
C000976,Jennifer,Farmer,Female,vsmith@example.net,North Jill,Montana,Congo,2025-09-22
C000977,Michele,Glover,Female,bhunt@example.com,Stephenville,Kentucky,Palau,2024-06-12
C000978,Nicholas,Jordan,Female,tammyhoffman@example.com,Rebeccaside,North Carolina,Ecuador,2023-06-24
C000979,Victoria,Luna,Female,kathryn17@example.org,South Kelliemouth,Mississippi,Lesotho,2024-05-19
C000980,Dawn,Cook,Female,davisgary@example.com,North Donald,South Carolina,Taiwan,2023-12-08
C000981,Jennifer,Knight,Male,briansnyder@example.com,Joyberg,Arizona,Gibraltar,2025-01-04
C000982,Carol,Savage,Male,hannah87@example.net,Edwardsbury,Massachusetts,Kyrgyz Republic,2025-02-10
C000983,Wyatt,Trevino,Female,morseronald@example.org,Martineztown,Hawaii,Mali,2025-04-22
C000984,Gabriel,Kim,Female,williamsroger@example.org,Taylorside,Nebraska,Iran,2021-08-11
C000985,David,Forbes,Male,alexandra95@example.net,East Kelly,Utah,Costa Rica,2025-07-31
C000986,Stephanie,Watson,Male,thomas35@example.net,East Alice,New Mexico,Algeria,2023-02-26
C000987,Harold,Ruiz,Female,collinsjacob@example.net,New Stephenville,Arkansas,Nigeria,2023-11-29
C000988,Eric,Bell,Female,michaelsmith@example.org,Justinchester,Pennsylvania,Saint Lucia,2023-02-04
C000989,Claudia,Powell,Male,ann31@example.net,North Jessica,Louisiana,Christmas Island,2022-11-18
C000990,Curtis,Robles,,xrivera@example.net,Tammyfort,Indiana,Chile,2021-07-30
C000991,Jesse,Robinson,,douglasalvarez@example.org,Christianton,Florida,Malawi,2025-08-08
C000992,Ronald,Ruiz,,vincent13@example.net,Bennettfurt,Virginia,Lebanon,2023-05-05
C000993,Mary,Stewart,Male,waremegan@example.org,Jenniferchester,Oklahoma,Kenya,2024-01-07
C000994,Kristina,Jennings,Male,lpearson@example.org,Melissastad,Washington,Jamaica,2022-08-20
C000995,Anita,Cuevas,Male,patrickwhite@example.net,East Scotthaven,Illinois,Albania,2024-06-30
C000996,Mark,Bartlett,,wesley09@example.com,Lake Joshuafort,Montana,Aruba,2026-07-19
C000997,Janet,Hill,Female,maddoxmadeline@example.net,Osbornmouth,New York,China,2023-12-07
C000998,Nancy,Christensen,Male,johnsonanthony@example.net,Lake Jill,Florida,Belize,2023-08-31
C000999,Megan,Brown,Male,edwardsmichaela@example.com,Lake Christina,Alaska,Grenada,2025-10-02
C001000,Melanie,Stewart,Male,rebeccamatthews@example.com,Lake Richardton,California,Congo,2025-09-10
C001001,Walter,Daniel,,thompsonbradley@example.net,Lake William,Idaho,North Macedonia,2025-04-20
C001002,Mary,Smith,Female,ann15@example.com,New Sarahland,Delaware,Uruguay,2022-01-07
C001003,Jessica,Lopez,,wangkristina@example.org,Stevenbury,Maryland,Taiwan,2024-12-20
C001004,Sherri,Hancock,,lancegray@example.com,West Donald,Massachusetts,Isle of Man,2022-09-11
C001005,Jacob,Stephenson,,tiffanygreen@example.com,Christopherstad,Pennsylvania,Haiti,2023-04-24
C001006,Darlene,Cole,Male,benjamindavenport@example.com,New Ashley,Vermont,Jordan,2023-04-20
C001007,Lisa,Hogan,,matthewschmitt@example.net,Christopherborough,Kentucky,Cuba,2023-11-27
C001008,Anthony,Wilson,Female,thomasmcdonald@example.com,Anneshire,Arizona,Gibraltar,2025-01-27
C001009,Crystal,Booth,Female,moorethomas@example.com,East Robinport,Hawaii,Lao People's Democratic Republic,2024-04-19
C001010,Karen,Gonzales,Female,swatkins@example.com,Wellsbury,Kentucky,Saint Kitts and Nevis,2023-06-07
C001011,Matthew,Gregory,Female,billy38@example.org,Simmonsview,Oregon,Iran,2024-07-13
C001012,Frank,Jackson,,olivia83@example.net,East Elizabeth,Arkansas,Bermuda,2023-02-11
C001013,Katie,Solis,Female,dfoster@example.org,East Nicole,Maryland,Gambia,2021-12-19
C001014,Joel,Harris,Female,ramseyeric@example.net,Adamburgh,Minnesota,Bolivia,2023-12-03
C001015,Gloria,Hale,,dbarnett@example.net,Port Sabrina,Missouri,Brunei Darussalam,2023-02-27
C001016,Savannah,Ross,,rachael69@example.com,West Tracyshire,Alaska,Cyprus,2025-12-29
C001017,Gregory,Young,Male,matthew09@example.net,Melendezbury,Florida,Luxembourg,2022-07-04
C001018,Jason,Graham,,patrick26@example.org,Larryfort,Arizona,Eritrea,2026-05-12
C001019,Robert,Martin,,marshallchristopher@example.net,Lake Michelletown,Hawaii,Ghana,2022-03-18
C001020,William,Parks,Male,tuckersusan@example.com,Wiseport,Nevada,Eritrea,2025-04-11
C001021,Darren,Roman,Male,xshaw@example.com,Meganstad,Delaware,Solomon Islands,2022-06-17
C001022,Roger,Malone,,hernandezmatthew@example.net,Jamesmouth,Nevada,Australia,2023-11-22
C001023,Bill,Parrish,Male,mrichardson@example.net,Johnnymouth,Utah,French Polynesia,2025-05-27
C001024,Andrew,Adams,Female,michael07@example.com,Cynthiaville,Minnesota,Saint Martin,2021-09-30
C001025,Joanna,Wright,,nicholsdavid@example.org,Jordanview,Minnesota,Kuwait,2025-01-04
C001026,John,Petersen,Male,uwilliams@example.com,East Chelseaville,Missouri,Malaysia,2026-06-20
C001027,Christian,Pennington,Male,roberto02@example.net,Jenniferland,Nevada,Brazil,2025-07-14
C001028,Ashley,Cooley,Male,heatherwilliams@example.net,Lewischester,Louisiana,San Marino,2025-01-04
C001029,Jacob,Mason,Male,jacobsrenee@example.net,Josephchester,Indiana,Andorra,2025-06-23
C001030,Diane,Hill,,ogeorge@example.com,East Jeffreymouth,Iowa,Bahrain,2024-08-16
C001031,Jessica,Lynch,Male,omatthews@example.net,Amberfort,Oklahoma,American Samoa,2023-04-13
C001032,Luis,Carson,Male,stevennewton@example.org,Lake Peter,Montana,Antigua and Barbuda,2024-11-14
C001033,Ashley,Miller,Male,whoffman@example.org,Lake Traci,Mississippi,Gabon,2023-01-10
C001034,Leslie,Craig,Female,moorebrenda@example.net,Annettechester,Wisconsin,Angola,2025-04-28
C001035,Justin,Manning,Female,nicholasmedina@example.com,North Randyborough,Delaware,Montserrat,2023-01-05
C001036,Michelle,Wang,,wpierce@example.org,Lesterview,Massachusetts,Sierra Leone,2023-05-20
C001037,Daniel,Dyer,,wayne86@example.org,Simpsonmouth,Maine,Sweden,2026-03-11
C001038,Eric,Marks,Female,iroberts@example.com,Douglasville,Missouri,Mozambique,2024-10-31
C001039,Terri,Jenkins,Female,montgomerydillon@example.net,New Ashleychester,Alaska,Greece,2024-08-13
C001040,Garrett,Garrett,Male,craneandrew@example.net,Arnoldborough,Hawaii,Kuwait,2023-05-31
C001041,Nancy,Thompson,Male,marcuscarter@example.org,New Steven,Kansas,Poland,2024-08-01
C001042,Veronica,Robles,Female,hporter@example.net,Monicaburgh,Kansas,Kyrgyz Republic,2025-03-06
C001043,Chad,Goodman,,ecamacho@example.com,Port Robertview,Virginia,Mauritania,2022-03-04
C001044,Kimberly,Holland,Female,gonzalesmaria@example.org,Lisaton,Mississippi,Iran,2025-02-24
C001045,William,Banks,,gcobb@example.org,Katherineshire,Wisconsin,Somalia,2022-02-15
C001046,Gary,Gutierrez,Female,donald37@example.org,Coltonland,New Jersey,United Arab Emirates,2025-02-10
C001047,Karen,Sherman,Male,kenneth75@example.com,Ashleyton,Wisconsin,Burundi,2022-04-22
C001048,Keith,Walker,,anna44@example.net,New Cynthia,New Mexico,Rwanda,2023-10-07
C001049,Kenneth,Manning,Male,dwaynecarter@example.com,Danatown,Indiana,Myanmar,2023-01-30
C001050,Breanna,Green,Female,kwoods@example.com,New Melissa,Massachusetts,Mali,2023-06-09
C001051,Michelle,Washington,,monicaolson@example.com,Smithland,Michigan,Czech Republic,2023-02-11
C001052,Jeffrey,Ramirez,,santosmichael@example.com,Port Juliehaven,Iowa,Saint Vincent and the Grenadines,2022-07-31
C001053,Elizabeth,Ross,,cranewilliam@example.com,Port Brianshire,North Dakota,Egypt,2022-10-16
C001054,Laura,White,Male,jeremylove@example.org,New Josephview,Colorado,Samoa,2022-07-08
C001055,Mariah,Brown,Female,alexandrabrown@example.org,New Kathleen,New Mexico,Kyrgyz Republic,2022-01-21
C001056,Nicole,Williams,Male,gonzalezdarren@example.org,Gonzalezside,Pennsylvania,Cuba,2024-07-23
C001057,Kevin,Smith,,hcallahan@example.net,Watersborough,Pennsylvania,Sri Lanka,2024-09-28
C001058,Karla,Gay,Male,karen94@example.com,West William,North Carolina,Finland,2026-04-29
C001059,Kevin,Camacho,,matthewbyrd@example.net,Connieville,Wisconsin,Yemen,2022-06-23
C001060,Adam,Barry,Male,lsimpson@example.org,Chambersville,New Hampshire,Guam,2024-10-03
C001061,Amanda,White,Female,hinesjason@example.net,Lukehaven,New Mexico,Bosnia and Herzegovina,2024-12-28
C001062,Sara,Clark,Male,mariolee@example.com,Port Eric,Texas,Cayman Islands,2023-03-13
C001063,Zachary,Wells,Male,rchan@example.org,Thomasport,Mississippi,Cameroon,2023-02-05
C001064,Jessica,Calderon,Male,shannon69@example.com,Smithfurt,Arkansas,Ireland,2023-05-03
C001065,Linda,Proctor,Male,andrew33@example.net,Kennethstad,Alaska,Gibraltar,2023-09-15
C001066,Patrick,Grant,Female,laurenwilliamson@example.com,Danielbury,Hawaii,Greece,2025-03-07
C001067,Shelly,Watkins,,harringtonpeter@example.net,Wrightshire,Missouri,Bahamas,2022-01-27
C001068,Danielle,Hill,,samuel41@example.com,Lake Charles,Wyoming,Saint Martin,2023-08-20
C001069,Edward,Hernandez,,audrey81@example.com,West Ashley,Wisconsin,Panama,2022-11-14
C001070,Amanda,Carter,Female,taylorkayla@example.net,Susanstad,Wyoming,Kiribati,2025-04-21
C001071,Jason,Morris,Female,stevencook@example.net,Jonathantown,Florida,British Indian Ocean Territory (Chagos Archipelago),2024-10-11
C001072,Ronald,Shaffer,Male,deckerbrian@example.net,Allenchester,Arizona,Madagascar,2025-12-07
C001073,Mark,Ryan,Female,bailey11@example.net,New Kimberlyside,Hawaii,South Georgia and the South Sandwich Islands,2024-02-19
C001074,Melissa,Berry,,mbishop@example.org,Meyersmouth,New Hampshire,Tuvalu,2025-12-20
C001075,Joanne,Santos,Female,whitebarbara@example.com,Prestonfurt,Oregon,French Polynesia,2021-08-06
C001076,Maria,Smith,,marcushernandez@example.org,Amandaborough,Wyoming,Swaziland,2024-06-09
C001077,Michael,Beard,Female,jacobhernandez@example.com,North Anthony,Rhode Island,Western Sahara,2025-10-16
C001078,Kimberly,Fernandez,Female,murphyleslie@example.org,East Kevin,Nevada,Faroe Islands,2022-09-24
C001079,Samantha,Barton,,taylorrachel@example.com,Port Stacytown,New Hampshire,Trinidad and Tobago,2025-04-15
C001080,Jodi,James,,mgonzales@example.org,Lawrenceville,Colorado,China,2024-02-06
C001081,Beth,Black,Female,katherinemartinez@example.com,Karamouth,Nebraska,Comoros,2022-08-14
C001082,Christopher,Hunter,Female,hscott@example.com,North Normanchester,Montana,Togo,2022-01-24
C001083,Michael,Collins,Male,hamiltonmelanie@example.com,Lake Christopher,Tennessee,Sudan,2023-07-07
C001084,Thomas,Bean,,jessica50@example.org,East Anne,Florida,Maldives,2022-05-06
C001085,Heather,Farmer,Male,carlsonjason@example.net,Nathanchester,Hawaii,Italy,2022-06-06
C001086,Sharon,Sanford,Female,michaelbuckley@example.org,South Jamesfurt,South Dakota,Holy See (Vatican City State),2026-02-10
C001087,Joseph,Morris,,riverapamela@example.org,South Brandon,Missouri,Serbia,2024-07-23
C001088,Alicia,Moore,Female,baileyjeffrey@example.com,North Tanyamouth,Nebraska,Togo,2026-01-21
C001089,Scott,Vincent,,collinsterrance@example.com,West Diana,Mississippi,Zimbabwe,2024-08-20
C001090,Jennifer,Woods,Female,davidrobertson@example.org,Lake Christopher,Connecticut,Saint Barthelemy,2023-08-02
C001091,Olivia,Garcia,Male,johnblair@example.com,Jennifermouth,Texas,Nauru,2024-03-01
C001092,Barbara,Stephenson,Male,markbrooks@example.org,Lake Rebeccafurt,South Dakota,Australia,2025-07-15
C001093,Tiffany,Smith,Male,conleyjohn@example.com,Alexanderfort,New Mexico,Togo,2023-04-15
C001094,Courtney,Montoya,,nhayes@example.com,Amyville,West Virginia,Fiji,2024-11-04
C001095,Wyatt,Rogers,,jonathanroman@example.com,Alvaradomouth,Wisconsin,Maldives,2022-11-18
C001096,Kimberly,Simmons,,oconnelldavid@example.org,Greerville,Oklahoma,Rwanda,2023-01-17
C001097,Morgan,Parker,Male,ftran@example.net,South Lori,North Carolina,Congo,2022-04-10
C001098,Erin,Parsons,,jessicagomez@example.net,New Michelle,North Dakota,Australia,2025-07-27
C001099,Michael,Hall,Female,nicholasgarcia@example.org,Port Sarah,Virginia,Canada,2024-04-09
C001100,Stephanie,Coleman,,joshuahaley@example.com,Peterhaven,Nebraska,Uganda,2023-12-13
C001101,Marc,Griffith,Male,aaron48@example.net,Jasonland,Arkansas,Saudi Arabia,2023-08-14
C001102,Douglas,Carson,Male,petermoore@example.com,Vargasbury,Minnesota,Barbados,2022-09-12
C001103,Stacy,Taylor,Female,vmartinez@example.net,East Scott,Utah,Falkland Islands (Malvinas),2025-05-15
C001104,Alex,Wilson,,alexandria97@example.org,Evansville,Ohio,Samoa,2024-08-13
C001105,Eric,Beard,,nancy06@example.com,Lake Stevenshire,Hawaii,Turkey,2025-02-11
C001106,Michelle,Freeman,Female,jeffrey11@example.net,Johnfort,Vermont,Jersey,2023-09-04
C001107,Danielle,Grimes,Female,megan44@example.net,Robertview,Minnesota,Belize,2021-08-18
C001108,Jennifer,Washington,Male,bwalker@example.net,Daltonfort,Oklahoma,New Caledonia,2025-10-02
C001109,Nicholas,Stone,,gwilliams@example.net,New Codybury,Mississippi,Mozambique,2024-12-05
C001110,Rebecca,Fisher,Female,chiggins@example.com,Phelpsshire,North Dakota,Argentina,2026-04-08
C001111,Lisa,Fuller,,bcaldwell@example.org,North Crystal,Michigan,Bolivia,2023-01-10
C001112,Robert,Johnson,Female,qatkinson@example.com,Michaelbury,Louisiana,Kiribati,2025-06-26
C001113,Mark,Lyons,Male,kayla23@example.net,Joystad,Wyoming,Suriname,2022-06-05
C001114,Vincent,Davis,Female,christina35@example.com,Lake Christopherfurt,Massachusetts,Nigeria,2024-01-20
C001115,Jacob,Reyes,Female,melissa75@example.com,Huangburgh,Hawaii,Gibraltar,2021-08-24
C001116,James,Collins,Female,katherine82@example.com,East Clarencefurt,Kentucky,Cameroon,2025-02-22
C001117,Amanda,Sanders,Female,vgarcia@example.com,West Yvonnemouth,Arizona,Ecuador,2024-04-22
C001118,Elizabeth,Hill,Female,swalker@example.org,East Scott,Indiana,Cameroon,2021-08-17
C001119,John,Smith,,amassey@example.net,South Jacob,North Dakota,Mozambique,2023-07-26
C001120,Barbara,Barrera,Male,tfrancis@example.com,Ryanstad,Kansas,Ghana,2024-04-08
C001121,Chase,Steele,Male,michelle38@example.net,North Tina,North Carolina,Russian Federation,2023-12-12
C001122,Lawrence,Aguirre,Female,jenniferrobbins@example.net,South Joseph,Arkansas,Kuwait,2024-08-29
C001123,Tyler,Graham,Female,andrewwest@example.net,West Thomasberg,California,Pitcairn Islands,2023-05-04
C001124,Stephanie,Hill,,stacey09@example.com,Padillaberg,Montana,Cuba,2024-11-16
C001125,Kyle,Terry,Female,mark98@example.com,Port Amber,Utah,Namibia,2023-02-20
C001126,Adam,Lynch,Female,briana19@example.org,Crossborough,Kansas,Netherlands Antilles,2025-06-08
C001127,Veronica,Houston,,bankstroy@example.org,Christopherfurt,Oregon,Reunion,2026-04-24
C001128,Paul,Russell,Female,vtaylor@example.org,West Michaelchester,Kentucky,Luxembourg,2022-01-07
C001129,Jorge,Gonzalez,,valerie15@example.com,New Jonathanton,Oklahoma,Bahamas,2024-12-24
C001130,Cody,Smith,Male,smithpaul@example.org,Micheleburgh,Illinois,North Macedonia,2024-09-02
C001131,Hunter,Robinson,Female,collin29@example.com,South Jasmine,Wyoming,Christmas Island,2024-02-07
C001132,Lisa,Wallace,Male,mcconnellpamela@example.org,Savannahville,Minnesota,Pitcairn Islands,2022-06-20
C001133,April,Mccullough,Female,jlee@example.net,Sharonside,Missouri,Slovenia,2023-10-22
C001134,Darren,Spencer,Female,john23@example.com,Port Richard,Minnesota,Bahamas,2026-02-24
C001135,Samantha,Cochran,Female,abbottchristopher@example.net,Rhondashire,Oregon,Reunion,2024-03-23
C001136,Phillip,Payne,Male,justintaylor@example.org,Sherylchester,Montana,Jordan,2023-06-14
C001137,Tracy,Henry,Female,anna96@example.com,Gayport,Wyoming,Poland,2025-01-22
C001138,Allison,Williams,,parkerbriana@example.net,Lake Lee,Arkansas,Martinique,2021-09-15
C001139,Tammy,Cruz,Male,tamara06@example.net,New Nathan,Vermont,Aruba,2026-02-13
C001140,Corey,Dodson,,jenniferjones@example.org,Clarktown,Arizona,Uzbekistan,2023-06-22
C001141,Rachel,Wilson,,adam35@example.org,Serranostad,Montana,Aruba,2022-05-06
C001142,Carol,Howell,Female,nicole69@example.net,Jamieview,Nebraska,Portugal,2021-08-13
C001143,Madison,Bennett,Female,lisafreeman@example.net,Lake Heatherton,Vermont,Seychelles,2023-10-24
C001144,Elizabeth,Walker,Male,wilsonrachel@example.com,East Amandaburgh,West Virginia,Equatorial Guinea,2026-05-06
C001145,Jennifer,Neal,Male,amanda49@example.com,Port Davidborough,Colorado,Moldova,2025-10-19
C001146,James,Holmes,,harrisondaniel@example.org,Port Paulland,Wisconsin,Puerto Rico,2025-08-07
C001147,John,Gilbert,Female,crodgers@example.net,Lake Sarahborough,Wyoming,Cote d'Ivoire,2025-03-11
C001148,Bradley,Smith,,matthewclements@example.org,Steventon,Montana,Hong Kong,2022-05-01
C001149,Kelly,Brown,Female,courtneyrogers@example.net,Johnsonmouth,California,Tajikistan,2022-10-18
C001150,Allison,Hawkins,,amystewart@example.org,South Apriltown,South Carolina,Saint Helena,2022-06-01
C001151,Sarah,Wood,Female,rachelsutton@example.org,Smithton,Missouri,Seychelles,2024-05-26
C001152,Melody,Gill,Male,elliottcharles@example.net,Pinedafurt,Maine,Poland,2024-08-24
C001153,Shannon,Adkins,Male,wsalazar@example.net,Mendozaberg,New Jersey,Mauritania,2025-12-18
C001154,Jeffrey,Mitchell,Female,sylviaprice@example.com,West Jody,Nevada,Sri Lanka,2023-01-24
C001155,Brad,Jenkins,,vanessamartinez@example.net,Jaredfurt,Nebraska,Turks and Caicos Islands,2023-08-28
C001156,Jessica,Wallace,Male,vford@example.com,Andersonhaven,Indiana,Ecuador,2022-08-26
C001157,James,Lee,Female,rachel86@example.com,Jasonberg,New Mexico,Botswana,2024-04-12
C001158,Shaun,Conway,Female,nwilliams@example.com,Lake Patrick,North Dakota,Jersey,2022-06-20
C001159,Scott,Benson,,lbradley@example.com,Lake Richard,Illinois,Canada,2023-08-16
C001160,Taylor,Parrish,Female,kathryntucker@example.net,Lake Coltonland,Colorado,Angola,2021-08-10
C001161,Michelle,Brown,Male,edwardsrachel@example.org,East Kyle,California,Guyana,2024-09-06
C001162,Leslie,Conway,Male,talvarez@example.org,Kevinside,Hawaii,United Arab Emirates,2025-12-20
C001163,Frank,Wilson,,jmoore@example.net,Gravesview,Vermont,Thailand,2026-01-31
C001164,Theresa,Beck,,reginadavis@example.org,South Thomas,New Mexico,Chile,2025-05-27
C001165,Brenda,Huerta,Male,sarah99@example.org,Shannonfort,Texas,Montenegro,2023-04-15
C001166,Matthew,Miller,,casey29@example.com,Rangelville,Texas,Congo,2026-05-17
C001167,Malik,Dawson,Male,gomeztonya@example.com,New Patriciachester,Hawaii,Haiti,2025-10-28
C001168,James,Ramirez,Female,burnsrebecca@example.org,Lake Kristopher,New Hampshire,Jersey,2023-04-03
C001169,Joshua,Carney,,vhopkins@example.net,East Monicatown,West Virginia,Montserrat,2021-08-30
C001170,Oscar,Conway,Male,sprice@example.net,Heidimouth,Mississippi,Spain,2024-02-17
C001171,Victoria,Coleman,,david54@example.net,South Juan,Colorado,United States Minor Outlying Islands,2023-10-25
C001172,Emily,Trujillo,Female,michelle10@example.org,East Charlesstad,California,Cape Verde,2024-06-04
C001173,Joel,Miller,Male,smithalexander@example.com,East Brandimouth,South Dakota,Tunisia,2023-03-22
C001174,Elizabeth,Salazar,Male,padillajames@example.net,East Christopherland,Alabama,Jersey,2025-07-11
C001175,Jesse,Williams,Male,hughescolleen@example.org,Rothfort,Rhode Island,Romania,2022-06-30
C001176,Keith,Lowe,Female,ramoswilliam@example.org,East Jose,Ohio,Morocco,2026-06-07
C001177,Holly,Warner,Male,lopezmelinda@example.org,South Cynthia,Pennsylvania,French Polynesia,2024-07-29
C001178,William,Mitchell,,wking@example.net,New Adrian,Utah,El Salvador,2022-12-22
C001179,Evan,Brown,Male,ucooper@example.org,Millermouth,Alabama,Samoa,2024-12-09
C001180,Lucas,Wise,Female,helen91@example.net,Jessicamouth,New Hampshire,Guinea-Bissau,2025-04-11
C001181,Timothy,Porter,,vedwards@example.org,New George,Vermont,Guinea,2023-08-13
C001182,Nichole,Nguyen,Female,dford@example.com,East Joann,Missouri,Italy,2026-04-25
C001183,Morgan,Kramer,,ofritz@example.org,Diazchester,Texas,United Kingdom,2022-06-06
C001184,Brittany,White,,smiththomas@example.com,Jamesfort,Montana,Cayman Islands,2023-01-31
C001185,Stephanie,Dunn,Female,jameslawson@example.com,Grahamburgh,New York,Papua New Guinea,2021-11-12
C001186,Suzanne,Jones,Female,janice94@example.org,New Sherry,Indiana,Israel,2024-01-08
C001187,Summer,Welch,Female,crystal96@example.net,New Davidport,Michigan,Saint Kitts and Nevis,2023-06-08
C001188,Haley,Anderson,Female,cbrown@example.com,Sanchezmouth,Vermont,Djibouti,2026-02-12
C001189,Rachel,Schultz,Male,jbuchanan@example.com,Hollyberg,Massachusetts,Slovenia,2024-09-23
C001190,Teresa,Perez,Female,lisawright@example.net,Zamoramouth,North Carolina,Turkmenistan,2022-01-16
C001191,Karen,Hanson,,morenosteven@example.net,Carlfurt,Wyoming,Congo,2025-07-10
C001192,Joshua,Thomas,Male,wellsjeffrey@example.org,Michaelfort,Oklahoma,Cameroon,2025-06-26
C001193,Sue,Washington,Female,cassandra83@example.net,New Cassie,Maine,Saint Martin,2021-11-13
C001194,Nicole,Mills,Male,john66@example.net,West Joseberg,Maine,Anguilla,2021-09-16
C001195,Dawn,Fisher,,steven27@example.net,Petersmouth,Wisconsin,Germany,2022-02-07
C001196,Joshua,Hill,,lmitchell@example.org,Stephanieville,Arkansas,Trinidad and Tobago,2023-03-14
C001197,Thomas,Thomas,,opierce@example.com,Randallmouth,South Carolina,Taiwan,2025-05-15
C001198,Dawn,Nguyen,Male,warebrian@example.net,South Caleb,California,Burundi,2022-04-28
C001199,Alexandra,Bentley,Male,christopherward@example.com,Christophermouth,Wisconsin,Bangladesh,2024-01-11
C001200,Amy,Warren,Female,jneal@example.org,South Erik,Wisconsin,United States Minor Outlying Islands,2025-11-29
C001201,Jeremy,Brown,Female,williamsmegan@example.org,Williamsbury,Wisconsin,Djibouti,2026-04-26
C001202,Stephanie,Taylor,Female,marcus60@example.net,Travischester,Oklahoma,Bangladesh,2021-10-07
C001203,Brittany,Clark,,ssmith@example.org,Williamburgh,Montana,Croatia,2022-04-30
C001204,Adrian,Burton,Female,joseph58@example.com,Port James,Rhode Island,Equatorial Guinea,2023-03-29
C001205,Mark,Green,Male,santosshannon@example.com,Harrisville,Arizona,Iceland,2025-08-04
C001206,Julia,Sawyer,Female,kathleenfitzgerald@example.com,New Lisa,Mississippi,Kyrgyz Republic,2021-11-02
C001207,Connie,Knight,,jay04@example.org,Port Henry,Michigan,Costa Rica,2024-01-24
C001208,Jennifer,Cortez,Female,mjoyce@example.org,Castilloport,Texas,Togo,2026-04-04
C001209,Chris,Rodriguez,,farrellchristine@example.org,Sarahport,New Hampshire,Hong Kong,2025-03-18
C001210,Susan,Davis,,jason36@example.net,Charleschester,Tennessee,Angola,2023-01-20
C001211,Austin,Wilson,,joseconrad@example.org,Lake Julietown,New Mexico,China,2021-08-21
C001212,Christopher,Young,Female,joseph97@example.org,East Cameron,Utah,Honduras,2021-09-18
C001213,Tyler,Rivas,Male,athompson@example.net,Lake Bryanview,Virginia,Finland,2025-02-28
C001214,James,Adams,Female,sylvia33@example.net,Patrickton,Oregon,Syrian Arab Republic,2025-11-07
C001215,Angelica,Warner,,jennifernewton@example.com,Christopherstad,New Jersey,Swaziland,2023-12-06
C001216,Frank,Hopkins,Female,jessica82@example.com,Richardshire,Montana,Holy See (Vatican City State),2023-11-27
C001217,Michael,Carter,Female,alowe@example.com,Millerview,Florida,Grenada,2026-03-11
C001218,Debbie,Hayes,Female,pamelacooper@example.net,New Matthew,South Dakota,Switzerland,2025-04-16
C001219,Melissa,Berry,,makaylasanders@example.com,New Amyhaven,Connecticut,Morocco,2021-08-02
C001220,Sarah,Ortega,,jodisutton@example.com,Wilsonstad,Oklahoma,Vietnam,2023-07-17
C001221,Diane,Long,Female,kara13@example.net,Mooreborough,Virginia,Afghanistan,2026-01-12
C001222,Tanya,Marsh,Female,ethomas@example.net,Johnfurt,Maryland,Sweden,2022-08-12
C001223,Danielle,Lynn,Female,andrewjohnson@example.org,East Maria,Utah,Barbados,2021-11-25
C001224,Shaun,Wilson,Male,dorothy09@example.com,Paulborough,Maryland,Japan,2024-08-30
C001225,Samantha,Reid,,sheltontiffany@example.com,Michaelview,Vermont,Lebanon,2025-11-15
C001226,Patrick,Ryan,Male,hendersonbrenda@example.com,Vangfurt,Arizona,Libyan Arab Jamahiriya,2025-05-12
C001227,Christopher,King,,millerjennifer@example.net,South Noahmouth,Kansas,Netherlands,2026-06-27
C001228,Austin,Collins,Female,arobinson@example.org,Lake Davidtown,North Carolina,Kenya,2021-11-29
C001229,Howard,Hill,Male,isolis@example.net,West Brendahaven,New York,China,2026-01-29
C001230,Kelly,Martin,Female,carolyn61@example.net,Port Chase,New Mexico,Libyan Arab Jamahiriya,2022-10-24
C001231,Paul,Garner,Male,kelseywilliams@example.org,West Michelle,Pennsylvania,Tanzania,2024-01-13
C001232,Jennifer,Stokes,Female,garciadonald@example.net,South Tylerchester,Alaska,Russian Federation,2024-03-11
C001233,Heather,Reid,,barnesarthur@example.com,Jonesland,Kentucky,Turkey,2026-04-24
C001234,Michael,Morales,Female,rebeccahutchinson@example.org,East Christopherburgh,Texas,Congo,2023-10-19
C001235,Wendy,Brooks,,timothy29@example.com,New Bernardborough,Georgia,French Southern Territories,2022-03-26
C001236,Jacqueline,Smith,Female,dixonalexander@example.net,Brendatown,Maryland,Turkmenistan,2025-08-16
C001237,Luis,Sanchez,Female,msolis@example.net,Mendozaborough,Connecticut,China,2023-07-04
C001238,Cynthia,Weaver,,thomasdavid@example.net,Port Kathleen,New Mexico,Malaysia,2026-07-08
C001239,Charles,Martin,,xfranco@example.org,Richardchester,Arizona,Trinidad and Tobago,2023-03-03
C001240,Ralph,Lee,Male,peter93@example.net,South Christina,North Carolina,Tuvalu,2023-08-07
C001241,Monica,Reid,Female,carolroberts@example.org,Greenechester,California,Monaco,2021-12-28
C001242,Patricia,Thomas,Male,woodphillip@example.com,Kevinside,Rhode Island,Greece,2026-03-01
C001243,Melissa,Harrison,Male,shughes@example.net,South Matthew,Vermont,Liechtenstein,2026-06-11
C001244,Amanda,Jensen,,kingjoseph@example.com,Brookebury,Massachusetts,Vanuatu,2026-02-04
C001245,Rebecca,Knight,,teresa35@example.net,Ramirezchester,Texas,Palestinian Territory,2022-07-05
C001246,Chloe,Buchanan,Female,james58@example.net,Jamesmouth,Pennsylvania,Mali,2022-06-07
C001247,Jenny,Walter,Male,jamietyler@example.com,Lake Lisa,Mississippi,Ecuador,2023-07-11
C001248,Jennifer,Randolph,Female,jmedina@example.com,West Davidfurt,Oklahoma,India,2021-07-31
C001249,Jacob,Villa,Male,jgibson@example.net,Williamchester,Illinois,Ethiopia,2021-10-27
C001250,Ronald,Holden,,alvarezpaul@example.org,East David,Wisconsin,Spain,2026-07-16
C001251,Blake,Jones,Female,dunnjoseph@example.org,Harrisshire,Arkansas,Algeria,2022-02-14
C001252,Tiffany,Ball,Male,russell33@example.net,Sarahstad,Kansas,Canada,2021-09-05
C001253,Breanna,Farmer,,lindabryan@example.org,East Christopherview,New York,British Virgin Islands,2022-01-16
C001254,Megan,Walker,Male,llynch@example.org,Danielbury,Texas,Gambia,2023-09-29
C001255,Michelle,Atkinson,Female,glewis@example.org,Marquezmouth,Georgia,Saint Vincent and the Grenadines,2026-01-03
C001256,Melissa,Christensen,,weaverjoseph@example.net,Kimhaven,Michigan,Gibraltar,2021-09-01
C001257,William,Hughes,Male,xobrien@example.org,New Maryfurt,Hawaii,Solomon Islands,2023-08-03
C001258,Jeffery,Gomez,Male,john43@example.com,Yushire,Kansas,Oman,2025-01-20
C001259,Shaun,Mcbride,Female,xarmstrong@example.com,South Samuelmouth,Nevada,Benin,2023-10-03
C001260,Michael,Adams,Female,timothy23@example.net,Port Barry,Missouri,Haiti,2021-10-21
C001261,Jeremy,Mann,Female,christopherdominguez@example.org,Christianview,New Hampshire,Canada,2023-01-12
C001262,Michele,Ramirez,,jeremycollins@example.net,East Monicaton,Oregon,Palau,2025-06-25
C001263,Monica,Delacruz,,keithharrison@example.com,East Andre,Illinois,Netherlands,2025-02-16
C001264,Carlos,Garcia,Female,amandamaxwell@example.net,Jenniferberg,Ohio,Venezuela,2022-07-02
C001265,Kristin,Nguyen,,katiepalmer@example.org,South Denniston,New Mexico,Cape Verde,2025-10-19
C001266,John,Lynch,Male,audrey47@example.org,Thompsonville,Virginia,Egypt,2022-05-18
C001267,Catherine,Williams,Female,staylor@example.com,Byrdfurt,Oklahoma,Mauritius,2025-03-13
C001268,Pamela,Owens,,kristin96@example.com,Jacksonfort,Florida,Sri Lanka,2021-09-30
C001269,Charles,Vang,,darrell66@example.com,Nathanielmouth,New York,Congo,2025-04-26
C001270,Jason,Hampton,Female,shannongarza@example.net,Lake Laura,Montana,Ecuador,2022-04-12
C001271,Rachel,Mckee,Female,tommy77@example.com,South David,Arkansas,Ecuador,2026-04-22
C001272,Penny,Livingston,,nathaniel57@example.com,Millerport,Minnesota,Swaziland,2024-02-17
C001273,Thomas,Villa,,vjones@example.org,Sandraburgh,Alabama,Bolivia,2022-04-18
C001274,Jennifer,Nelson,Female,hickscrystal@example.com,South Richardmouth,Minnesota,Nigeria,2023-03-14
C001275,Micheal,Solis,,stephensonkatherine@example.com,Lake Kimberlyshire,North Carolina,Bangladesh,2026-07-24
C001276,Eric,Summers,Male,donna74@example.org,Port Robyn,Colorado,Nicaragua,2023-06-27
C001277,Preston,Williams,,alexander23@example.com,South Lauren,Georgia,Japan,2024-04-20
C001278,Jonathan,Moon,Male,ritterfrank@example.org,Jessicaland,Iowa,Lao People's Democratic Republic,2026-02-21
C001279,Gabriel,Chambers,Male,millersteve@example.com,Melissaview,Oregon,Moldova,2024-04-22
C001280,Rachel,Harmon,,alison98@example.net,Lindabury,Iowa,Suriname,2021-09-04
C001281,Timothy,Murphy,,victor60@example.net,Laurieview,Connecticut,Swaziland,2022-04-22
C001282,Jeffrey,Logan,Female,stevenhernandez@example.org,Robertfurt,Nebraska,Montenegro,2023-03-23
C001283,Christopher,Martin,Male,qfry@example.org,Saraton,Nevada,Iraq,2025-08-23
C001284,Eric,Kennedy,,cookmitchell@example.com,South Natasha,New York,Vanuatu,2026-05-11
C001285,Brianna,Sullivan,Male,justinbishop@example.org,Erikmouth,Pennsylvania,Honduras,2025-10-31
C001286,Craig,Miller,Female,hernandezroy@example.org,North Aaron,Idaho,Antigua and Barbuda,2022-03-26
C001287,Tonya,Richardson,Male,elizabeth10@example.org,Markton,Pennsylvania,Belize,2026-07-05
C001288,Christina,Underwood,,kristineprince@example.com,West Brittneyhaven,California,Switzerland,2024-08-18
C001289,Dillon,Ford,,eric81@example.com,Lake Justin,Montana,Timor-Leste,2023-04-05
C001290,Francisco,Kennedy,Male,ghoward@example.com,Desireefurt,Nebraska,Sri Lanka,2026-03-22
C001291,Laura,Boone,Female,jason72@example.net,North Christopher,Pennsylvania,Turkey,2022-02-26
C001292,Daniel,Cole,Male,jennifercampbell@example.com,Bethfort,Nevada,Ireland,2022-03-07
C001293,Dawn,Bender,,sharon37@example.net,West Ericborough,Minnesota,Bahrain,2021-10-23
C001294,Maureen,Lara,Female,flopez@example.com,Bowersmouth,New Hampshire,Burkina Faso,2025-08-24
C001295,Julie,Zimmerman,Male,susan92@example.org,West Robert,New York,Turkey,2026-07-05
C001296,Eddie,Henson,Male,williamsimpson@example.com,Lake Henry,Arizona,Sierra Leone,2021-08-11
C001297,Michael,Cooper,Female,matthew17@example.net,East Dylan,Utah,Palestinian Territory,2025-11-09
C001298,Julie,Hill,Male,lpreston@example.net,South Kayla,Washington,South Georgia and the South Sandwich Islands,2021-10-06
C001299,Tamara,Garza,Female,amber70@example.com,Andrewshire,South Dakota,Somalia,2021-11-17
C001300,Maria,Butler,Female,msloan@example.net,West Mary,Iowa,Korea,2022-11-21
C001301,Patricia,Phelps,Female,elizabethriley@example.com,Adambury,Arizona,Cyprus,2026-04-30
C001302,Shannon,Sanders,Female,ewilliams@example.com,Smithport,Wyoming,Netherlands Antilles,2024-11-18
C001303,Tyler,Carpenter,Male,kimberly36@example.net,Gregoryborough,Alabama,Poland,2023-09-18
C001304,Mark,Sanchez,Male,ismith@example.net,Garyport,Texas,Equatorial Guinea,2023-08-24
C001305,Rebecca,Harris,,michaelhubbard@example.com,Whitneyside,South Dakota,Bangladesh,2021-12-12
C001306,Eric,Martinez,Female,mckaycameron@example.com,North Kathy,Michigan,British Virgin Islands,2024-01-26
C001307,Mary,Nichols,,olsonchristina@example.org,Kristinastad,Idaho,Iceland,2025-08-07
C001308,Amy,Wright,,bartlettchristine@example.org,East Dustinburgh,North Dakota,Suriname,2025-01-05
C001309,James,Ritter,Male,anthony66@example.org,Lewisborough,South Carolina,Northern Mariana Islands,2023-12-26
C001310,Brenda,Terry,Male,marypeck@example.com,Hughesstad,Illinois,United Arab Emirates,2021-10-10
C001311,Shawn,Smith,Male,andre55@example.com,West Michelleland,Florida,Tajikistan,2022-01-17
C001312,Abigail,Miranda,Male,thomasspencer@example.net,Davidton,South Dakota,Ghana,2022-10-18
C001313,Amanda,Coleman,,trevinobrian@example.com,Lake Jonathan,Missouri,Cape Verde,2022-12-20
C001314,Melissa,Zavala,Female,charles44@example.com,North Tinamouth,Idaho,Rwanda,2022-01-12
C001315,Derrick,Warren,,coxcody@example.com,Lucasville,Idaho,Morocco,2022-08-17
C001316,Lauren,Hall,,larry88@example.org,Rebeccaport,Connecticut,Ukraine,2023-08-02
C001317,Sarah,Collins,Male,vdavis@example.com,East Caseyshire,Alabama,Botswana,2026-01-09
C001318,Brad,Pacheco,Female,qweaver@example.org,North Matthew,Idaho,Pakistan,2026-02-27
C001319,Jackie,Garcia,,ruizjessica@example.org,Lake Susan,Utah,Malawi,2022-10-04
C001320,Ricky,Maldonado,Male,barbara37@example.net,North Russell,South Carolina,Papua New Guinea,2023-07-05
C001321,Mallory,Carter,Male,richardgarza@example.net,Josephville,Virginia,Italy,2022-11-03
C001322,Catherine,Smith,Female,sullivanjames@example.com,New Jack,Tennessee,Mozambique,2022-03-02
C001323,Emily,Anderson,,halljohn@example.org,Lake Ralphborough,Louisiana,Bouvet Island (Bouvetoya),2024-06-09
C001324,Denise,Love,Female,gutierrezmatthew@example.com,East Jennifer,Delaware,Trinidad and Tobago,2023-05-30
C001325,Tiffany,Gray,Female,scott32@example.org,Gomezbury,New York,Liechtenstein,2026-04-25
C001326,Samuel,King,Female,dford@example.org,Warrenborough,Nebraska,Bouvet Island (Bouvetoya),2025-12-22
C001327,Donald,Ramirez,,ehammond@example.net,New Shawnport,Tennessee,Czech Republic,2023-10-24
C001328,Haley,Hill,Male,rstuart@example.org,Walkerberg,Alaska,Slovakia (Slovak Republic),2022-09-27
C001329,Todd,Robinson,Female,danielgriffith@example.net,Hannahview,Texas,Maldives,2025-07-25
C001330,Julie,Smith,Female,allenjustin@example.org,Lake Tyler,North Dakota,Afghanistan,2022-04-24
C001331,Andrew,Mack,,abradley@example.com,East Daniel,Maryland,Saint Helena,2025-05-22
C001332,John,Ballard,,courtneysantiago@example.net,Codyfort,South Carolina,Congo,2026-01-07
C001333,Mark,Hodge,Male,thomas38@example.com,Perezside,Alaska,Portugal,2021-12-12
C001334,Annette,Taylor,Male,ndelacruz@example.com,Nicholsland,Connecticut,Pitcairn Islands,2026-07-08
C001335,Amy,Higgins,Female,joannrobinson@example.org,West Alexandershire,Nebraska,British Indian Ocean Territory (Chagos Archipelago),2026-07-11
C001336,Dawn,Wu,Female,claytonmclean@example.net,North Lindaside,West Virginia,Norfolk Island,2026-04-05
C001337,John,Alvarez,,amber07@example.org,Clayville,Colorado,Macao,2024-06-24
C001338,Sandy,Ramirez,Female,whorton@example.com,North Joanne,South Dakota,Montserrat,2021-09-03
C001339,Joshua,Jackson,,jimwilliams@example.org,Port Jason,Florida,French Polynesia,2023-11-14
C001340,Dorothy,Perez,Female,anthonyswanson@example.net,West Courtney,Wisconsin,French Southern Territories,2025-09-28
C001341,Ryan,Watts,,thomassmith@example.com,New Gregorychester,Connecticut,Belize,2025-05-22
C001342,Jason,Hernandez,Female,hamiltonholly@example.org,Jenniferside,Utah,Marshall Islands,2026-04-26
C001343,Sarah,Nolan,Female,olivia29@example.net,South Roger,South Carolina,Taiwan,2025-07-16
C001344,Joshua,Green,Female,sarayates@example.org,South Kenneth,Wyoming,Mauritania,2023-11-22
C001345,Christopher,Perkins,Male,rachelhall@example.net,New Timothyshire,Virginia,Saint Pierre and Miquelon,2025-08-26
C001346,Brian,White,Female,laurenallen@example.org,East Amberland,Michigan,Malta,2024-04-03
C001347,Jordan,Rivera,Female,mariawilliams@example.com,East Leah,Iowa,Qatar,2024-09-30
C001348,April,Weber,Male,hendersoncynthia@example.org,Stevenview,Michigan,Antarctica (the territory South of 60 deg S),2021-09-24
C001349,Alexander,Johnson,Male,royjennifer@example.org,Frederickshire,Colorado,Belize,2025-01-02
C001350,Timothy,Trujillo,Female,ibowers@example.net,Briantown,Washington,Canada,2026-07-05
C001351,Lawrence,Chambers,,karen42@example.org,New Elizabeth,Ohio,Lesotho,2023-01-01
C001352,Alexa,Tate,Female,gregoryhines@example.net,West Nicolaston,North Carolina,Jordan,2023-11-26
C001353,Bradley,Williams,,nina65@example.net,Christopherhaven,Louisiana,Marshall Islands,2022-04-25
C001354,Nicholas,Martinez,Female,rhernandez@example.net,West Mike,Arkansas,Haiti,2023-02-12
C001355,George,Ray,,tranbenjamin@example.com,South Jaredchester,Rhode Island,Togo,2024-08-21
C001356,Steve,Kelly,Female,bartonkimberly@example.net,East Caleb,Louisiana,Spain,2021-10-19
C001357,David,Myers,Male,zamorarose@example.net,West Connieview,Tennessee,Christmas Island,2024-04-21
C001358,Thomas,Gilmore,,zacharygray@example.org,South Josephberg,Utah,Bahrain,2022-04-10
C001359,Ricardo,Gregory,Female,aimeebrewer@example.net,Rickeyburgh,Alaska,Ecuador,2025-12-18
C001360,Katherine,Anderson,Female,tlewis@example.com,South Morganfurt,Maine,Yemen,2026-06-24
C001361,Peter,Gomez,Male,katherine02@example.com,Lake Emma,Michigan,Mayotte,2024-12-25
C001362,Kelly,Chung,,barnettterry@example.com,Connerport,North Carolina,Morocco,2026-05-14
C001363,Alyssa,Hendricks,,ingramjessica@example.com,New Heidi,North Dakota,Christmas Island,2025-09-20
C001364,Joshua,Swanson,,stevendecker@example.org,Benjaminton,Maine,Dominican Republic,2022-08-03
C001365,Jason,Booker,Male,james84@example.net,Nicoleville,Montana,Saint Lucia,2022-09-04
C001366,Donald,Garcia,,dawsonshawn@example.com,New Brandonborough,Kansas,Nauru,2022-01-09
C001367,Erika,Vasquez,,richardmorris@example.org,South Melissaland,Colorado,Uruguay,2025-04-26
C001368,Kathleen,Crawford,Female,victoria17@example.net,Maxwellhaven,Alabama,Algeria,2026-02-15
C001369,Jason,Johnson,Female,willismatthew@example.com,New Davidhaven,Alabama,Ecuador,2025-01-03
C001370,Matthew,Walsh,Male,sbaker@example.net,Lake Rebeccatown,South Carolina,Pitcairn Islands,2022-08-20
C001371,Micheal,Conner,,normajones@example.net,Port Davidhaven,South Dakota,Sierra Leone,2024-06-10
C001372,Daniel,Carter,Female,randywoods@example.org,Port Wendy,Illinois,Chile,2025-08-22
C001373,Eric,Lewis,Male,charleshayes@example.com,Robertland,Kentucky,Vietnam,2021-09-30
C001374,Julie,Cross,,aprilrussell@example.net,Port Michaeltown,Wyoming,Somalia,2023-04-03
C001375,Travis,Foster,Male,vburch@example.org,North Juliechester,Wyoming,Tanzania,2021-08-27
C001376,Bobby,Lee,,meyerjames@example.com,Wilkersonland,Wisconsin,Anguilla,2023-07-01
C001377,Gail,Jones,Female,corythompson@example.org,Priscillastad,Arkansas,Svalbard & Jan Mayen Islands,2023-09-19
C001378,Andrea,Graham,,washingtonmelanie@example.com,New Jason,North Dakota,Switzerland,2022-11-19
C001379,Kara,Williams,,kevinspencer@example.net,Deleonmouth,Maryland,Dominica,2023-12-14
C001380,Elizabeth,Pierce,,ricklewis@example.net,Christinaville,Arkansas,Bosnia and Herzegovina,2024-11-25
C001381,Shannon,Benson,,romerovictoria@example.net,Port Keithshire,Idaho,Vietnam,2021-08-23
C001382,Wanda,Braun,Male,richardharper@example.net,Wangshire,Missouri,Trinidad and Tobago,2025-06-21
C001383,Kenneth,Tran,,hdavis@example.com,New Kristen,Pennsylvania,Hungary,2024-10-01
C001384,Ashley,Thomas,Male,phillipskelsey@example.com,East Pamela,Connecticut,Colombia,2025-10-06
C001385,Lindsay,Walker,,kimberlyjordan@example.net,South Cindytown,Oklahoma,Lebanon,2022-05-05
C001386,Danielle,Bryant,,bcompton@example.net,Thompsonborough,Maryland,Monaco,2026-04-13
C001387,Jennifer,Meyer,Male,markbates@example.com,New Dillon,Oklahoma,Saudi Arabia,2021-08-26
C001388,Lori,Mitchell,Female,merrittsusan@example.net,East Rachelshire,South Carolina,Jordan,2023-04-10
C001389,Andrea,Sweeney,Female,richardhines@example.net,South Donna,Colorado,Slovenia,2024-04-26
C001390,Ashley,Cooper,Male,mcleanjay@example.net,Stokesville,Utah,Switzerland,2024-12-29
C001391,Dustin,Lee,,ashley14@example.org,Raymondberg,Kansas,Namibia,2025-07-19
C001392,Lance,Hicks,Female,bondmarissa@example.org,Goodwintown,Alabama,Papua New Guinea,2025-10-29
C001393,Ryan,Myers,,dbrown@example.org,Gordonland,Colorado,Paraguay,2022-07-14
C001394,Cheryl,Colon,Male,williamscarl@example.net,New Deborahland,Maine,Norfolk Island,2024-08-07
C001395,Michaela,Morris,Male,lrussell@example.net,Port Brandi,New Hampshire,Norway,2023-08-16
C001396,Douglas,Blair,Female,dananelson@example.com,Ramosport,Montana,Central African Republic,2021-11-09
C001397,Sherri,Mcclure,Female,ahines@example.net,New Derrick,Alaska,Moldova,2025-07-24
C001398,Julie,Vasquez,,dlivingston@example.org,Port Kimberlytown,Montana,Vietnam,2024-03-09
C001399,Amanda,Jones,Female,jameschavez@example.org,West Michael,Hawaii,Cook Islands,2023-04-16
C001400,Susan,Rodriguez,Male,marshalljamie@example.org,North Carrietown,Missouri,Bouvet Island (Bouvetoya),2022-08-29
C001401,Robert,Bryan,Male,david78@example.net,Nicholasborough,Indiana,Kiribati,2021-12-08
C001402,Elizabeth,Phillips,Male,brittany29@example.com,East Michelleport,North Carolina,Aruba,2026-06-07
C001403,Cody,Hill,,youngjamie@example.com,South Thomasville,Georgia,United Kingdom,2023-11-19
C001404,Krystal,Contreras,Female,rosejones@example.org,South Patriciashire,Ohio,Sweden,2022-06-24
C001405,Courtney,Green,,ijackson@example.com,Muellermouth,Iowa,Senegal,2023-09-12
C001406,Margaret,Baxter,,nancycharles@example.org,Rickymouth,Iowa,Montserrat,2025-04-26
C001407,Susan,Johnson,Female,hpowell@example.com,Gravesfurt,New York,Dominica,2026-01-25
C001408,April,Aguirre,Male,diazaaron@example.net,North Donna,Hawaii,Cocos (Keeling) Islands,2022-09-08
C001409,Michael,Craig,Female,gayerika@example.net,Alexismouth,Ohio,Kiribati,2026-04-03
C001410,Gloria,Sullivan,Female,jessicamills@example.org,New Dominicshire,Montana,Korea,2025-05-05
C001411,Stephanie,Grant,Female,joe99@example.net,Kristatown,Hawaii,Brunei Darussalam,2026-01-11
C001412,Benjamin,Rivera,,beanheather@example.org,Proctorview,North Carolina,French Guiana,2024-10-22
C001413,Kenneth,Jacobs,Female,hollandjustin@example.com,Riverston,Vermont,Palau,2023-10-10
C001414,Michael,White,Male,ewest@example.org,North Sarah,New Hampshire,Falkland Islands (Malvinas),2023-06-21
C001415,Christian,Mendez,Female,isimpson@example.com,Weavershire,Nevada,Madagascar,2024-01-20
C001416,Megan,Hood,Male,lukeray@example.com,Port Dawnmouth,Utah,Malta,2021-07-27
C001417,Dawn,Fleming,Male,migueldominguez@example.org,Karlafurt,Missouri,Saint Lucia,2024-08-30
C001418,Gina,Carroll,Male,nunezgary@example.net,Port Julie,Mississippi,Ethiopia,2022-10-27
C001419,Sarah,Long,,wgonzalez@example.net,Jacobbury,South Dakota,Zambia,2022-03-26
C001420,Amanda,Johnston,,kristine33@example.net,West Richardview,Colorado,Poland,2024-12-20
C001421,Mark,Patel,,jennifer72@example.com,Jacksonshire,Hawaii,Iraq,2026-04-19
C001422,Jeffrey,Neal,Female,alyssa51@example.org,New Jenniferstad,Mississippi,Anguilla,2026-04-29
C001423,Tracy,Baker,,jherring@example.com,New Lukefort,Wyoming,Pitcairn Islands,2023-01-01
C001424,Jose,Smith,Female,courtney18@example.net,Port Danielfort,Rhode Island,Liberia,2022-05-23
C001425,James,Whitaker,Male,brandi40@example.org,Jasonport,Colorado,Greece,2023-01-13
C001426,Daniel,Carey,Female,danieldaniel@example.com,Port Robert,Washington,Tanzania,2026-04-27
C001427,Connor,Lindsey,Male,cyork@example.org,Stephanieberg,Vermont,Tonga,2024-10-13
C001428,Daniel,Clements,Female,johnsonmichael@example.com,Gilbertville,Vermont,Nauru,2024-03-08
C001429,Anna,Jacobs,,katherinesmith@example.com,East Megan,North Dakota,Moldova,2025-11-06
C001430,Michael,Martin,Male,savannahgrant@example.com,Brownmouth,Wyoming,Myanmar,2024-02-06
C001431,Laura,Cole,Female,kramirez@example.org,Mccarthyhaven,Michigan,Saint Vincent and the Grenadines,2026-01-12
C001432,Joshua,Chen,Female,yoconnell@example.com,Gregoryberg,Maryland,Nicaragua,2026-02-13
C001433,Tammy,Burnett,,bduke@example.org,North Bradport,Mississippi,Northern Mariana Islands,2022-09-18
C001434,Deborah,Hall,,davidwiley@example.org,Mirandaland,Indiana,Albania,2023-03-09
C001435,Timothy,Boyd,,lpeters@example.net,West Kevinhaven,North Dakota,Nicaragua,2023-06-25
C001436,Brenda,Carney,Female,sthomas@example.org,Colemouth,Washington,Zambia,2023-01-11
C001437,Robert,Burgess,,michaelrobertson@example.net,West Keith,California,Malta,2022-08-29
C001438,Lisa,Zimmerman,Female,mclaughlinjames@example.org,East Catherine,Tennessee,Albania,2024-09-13
C001439,Claire,Brown,,mcclureapril@example.com,Tracyborough,Virginia,Micronesia,2023-11-19
C001440,Andrew,Martin,Female,tpowell@example.org,Thompsonburgh,Minnesota,Lesotho,2023-11-21
C001441,Jorge,Mcpherson,Male,timothy62@example.net,West Douglasland,North Carolina,Svalbard & Jan Mayen Islands,2025-06-11
C001442,Elizabeth,Chavez,,jessicalong@example.net,Lake Scott,Delaware,Oman,2023-11-29
C001443,Bryan,Mcdaniel,Male,scottlove@example.org,Port Sara,Massachusetts,Cocos (Keeling) Islands,2022-06-06
C001444,Barbara,Bradley,Female,joycekeith@example.org,Lloydshire,California,Northern Mariana Islands,2023-01-30
C001445,Angela,Thomas,Male,markcox@example.org,West Angela,Maryland,Ethiopia,2023-08-28
C001446,Tracy,Newman,,zrobinson@example.com,Johntown,Oregon,Grenada,2022-11-14
C001447,Jon,Cochran,,ucarr@example.org,South Cassandra,Pennsylvania,Kazakhstan,2021-07-30
C001448,Ashley,Alexander,Female,brianwright@example.net,Wolffort,Washington,Bouvet Island (Bouvetoya),2022-08-21
C001449,Jean,Roth,,bethanygrant@example.net,East Edward,Utah,Sao Tome and Principe,2026-06-05
C001450,Dennis,Diaz,Male,kelleyglen@example.org,Kathleenfort,Rhode Island,Sudan,2026-04-07
C001451,Nicole,Stone,,nbailey@example.net,Elizabethstad,Idaho,Dominica,2024-10-02
C001452,Preston,Brown,Male,harrisjoshua@example.com,South Deanna,Oregon,Timor-Leste,2025-07-16
C001453,Malik,Stevens,,mary23@example.net,North Kimberlyshire,Hawaii,Slovakia (Slovak Republic),2026-03-15
C001454,Shelly,Curry,Female,davisjames@example.com,North Cheryl,Illinois,United States Minor Outlying Islands,2021-08-03
C001455,Robert,Harrison,,gloriaporter@example.net,East Raymondberg,Washington,Canada,2022-02-22
C001456,Eric,Delacruz,Female,wortiz@example.net,North Darius,Wyoming,Samoa,2024-12-07
C001457,Darren,Reyes,,andersonhenry@example.org,South Derekmouth,Texas,Samoa,2026-03-12
C001458,Kathleen,Randolph,Female,sarafrancis@example.org,West Ashleychester,Missouri,Guadeloupe,2022-08-10
C001459,Alexander,White,Male,kimberly12@example.com,North Christopher,Alaska,Somalia,2024-05-11
C001460,Ralph,Warren,Male,michelle95@example.org,New Justin,Florida,Andorra,2025-10-07
C001461,Brittany,Haynes,Male,virginia56@example.org,Port Sarahshire,Rhode Island,Guatemala,2022-03-17
C001462,Heather,Crawford,Male,frankjeremy@example.com,East Joshuachester,Minnesota,Mexico,2023-03-14
C001463,Michael,Parker,Female,jasonjohnson@example.org,North Donald,New Mexico,Venezuela,2021-11-01
C001464,David,Mendez,Female,fhall@example.com,East Carolton,New Hampshire,Saint Helena,2025-03-05
C001465,Christopher,Simmons,Male,gutierrezdavid@example.com,West Luisburgh,Utah,Norfolk Island,2024-10-11
C001466,Jeffrey,Page,Male,antonio01@example.org,Rebeccafurt,New York,Mongolia,2026-02-20
C001467,Danielle,Richardson,Male,cindy57@example.net,Nathanchester,Idaho,Yemen,2022-10-18
C001468,Timothy,Rodriguez,,steven01@example.org,Port Davidhaven,Delaware,Argentina,2022-08-08
C001469,Linda,Doyle,Male,gspencer@example.com,Hillland,New York,Central African Republic,2023-09-08
C001470,Brad,Smith,Female,burnettelizabeth@example.com,East Brittanyville,Michigan,Romania,2021-11-14
C001471,Christopher,Romero,Female,pchavez@example.org,Marquezmouth,Colorado,Australia,2025-08-19
C001472,Keith,Booker,Female,travis36@example.org,Lake Jamestown,Oregon,Jordan,2022-06-23
C001473,Amanda,Rice,,sean69@example.com,Johnsonville,Oklahoma,Albania,2023-03-27
C001474,Yvonne,Lara,,catherinemoore@example.com,Maryfurt,Nevada,Swaziland,2022-04-24
C001475,Michael,Brown,,mariahlyons@example.com,North Brianview,Montana,Israel,2023-09-11
C001476,Lance,Rivera,,fischerlaura@example.org,Chapmanmouth,Delaware,United States Minor Outlying Islands,2022-10-29
C001477,Andrew,Rios,Female,amydavid@example.org,Audreymouth,Kansas,Papua New Guinea,2026-07-22
C001478,Cameron,Mueller,,scottchelsea@example.org,Deborahfort,Montana,Slovenia,2024-08-06
C001479,Veronica,Fowler,,gonzalezbrittany@example.net,Port Robertside,West Virginia,French Guiana,2022-01-28
C001480,Rebecca,Moses,,javiermitchell@example.org,Castilloview,Kansas,Djibouti,2025-09-21
C001481,Kathleen,Kim,Male,jillianrasmussen@example.net,Brandiville,South Carolina,Kiribati,2025-08-08
C001482,Carl,Carson,Female,frederick62@example.org,South Brent,New Jersey,Svalbard & Jan Mayen Islands,2026-02-01
C001483,Megan,Garcia,,kbrown@example.net,Lake Lindaview,Connecticut,Thailand,2026-03-22
C001484,Sharon,Acevedo,Male,younggabrielle@example.net,Lesterville,Colorado,Kenya,2026-05-19
C001485,Jessica,Medina,Female,sarah80@example.org,Shannonport,Ohio,Burundi,2022-05-15
C001486,David,Arroyo,,alejandra39@example.com,Samueltown,Ohio,China,2021-11-15
C001487,Anthony,Fernandez,Female,ewells@example.net,Port Meganborough,Missouri,Mongolia,2021-12-28
C001488,Caitlin,Davis,Female,villawilliam@example.com,Laceychester,Oklahoma,United Kingdom,2024-02-03
C001489,Steven,Goodwin,Male,dbeck@example.com,New Michaelville,Kentucky,United Kingdom,2025-07-09
C001490,Kristy,Henderson,,ronald78@example.net,East Tony,Utah,Uganda,2025-08-11
C001491,Angela,Walker,Female,xgomez@example.com,Whiteton,Rhode Island,Vanuatu,2023-09-04
C001492,Danielle,Conley,Male,preyes@example.net,Selenachester,Alaska,Ethiopia,2023-10-31
C001493,Larry,Brown,Female,hernandezmatthew@example.com,East Tina,Minnesota,Mozambique,2025-05-14
C001494,Margaret,Russell,Female,aaronponce@example.org,Amandaside,Vermont,Macao,2022-09-15
C001495,Blake,Graham,Male,randall28@example.com,South Andrewland,Colorado,French Southern Territories,2021-12-07
C001496,Yolanda,Rodriguez,Female,michaelcampos@example.net,Port Morgan,Virginia,Ireland,2022-02-08
C001497,Jason,Cortez,Male,petersontina@example.org,Manuelhaven,Connecticut,Iran,2023-03-25
C001498,Maria,Johnson,,michaelblanchard@example.com,Thomasville,South Carolina,Bhutan,2023-09-17
C001499,Debra,Marks,Female,joshua96@example.com,South Karlafort,West Virginia,Bahrain,2025-06-06
C001500,David,Green,,paynestephanie@example.net,Port Richardside,Georgia,Bhutan,2022-12-04
C001501,Scott,Gutierrez,,cobbmary@example.net,South Courtney,Kentucky,Mayotte,2023-09-05
C001502,Elizabeth,Williamson,Female,hollyperkins@example.net,Collinshaven,Missouri,Montenegro,2023-02-16
C001503,Patricia,Davis,Male,brianna50@example.org,New Dennisburgh,Arkansas,Tanzania,2025-01-01
C001504,Tim,Ward,Female,csmall@example.com,North Thomaschester,Utah,Saint Lucia,2021-11-16
C001505,Marissa,Medina,Female,uclark@example.org,Daughertyberg,Connecticut,Malaysia,2024-06-18
C001506,Mark,Greene,Male,dwashington@example.org,Lindsayport,North Dakota,Mozambique,2022-10-26
C001507,Brandon,Knapp,Male,rfleming@example.net,Reynoldschester,Arkansas,Greece,2025-07-06
C001508,Jose,Smith,Female,leroy57@example.com,Amandatown,Oregon,Korea,2025-06-24
C001509,Kyle,Flores,Male,jameshunter@example.net,South Davidstad,Kentucky,South Georgia and the South Sandwich Islands,2023-08-03
C001510,Patrick,Anderson,,kayleerogers@example.com,North Randymouth,Rhode Island,New Caledonia,2023-04-21
C001511,Sara,Smith,Male,lmartin@example.org,East Kelly,Wisconsin,South Georgia and the South Sandwich Islands,2023-10-29
C001512,Tamara,Mendoza,,icollins@example.com,South Anthonyland,Idaho,Fiji,2025-02-10
C001513,Cory,Watson,,amanda86@example.org,Port Rebeccaside,Alabama,Botswana,2023-12-10
C001514,Zachary,Foster,,ifrey@example.org,East Beckystad,New Hampshire,Venezuela,2025-06-30
C001515,Alexander,Pham,Male,ttaylor@example.com,Melissachester,California,Cameroon,2025-03-21
C001516,Samantha,Brown,Male,jeremy75@example.org,Reedshire,Washington,Hungary,2025-11-24
C001517,Amanda,Murray,Female,terri25@example.com,West David,Texas,Moldova,2025-01-15
C001518,Jesse,Nguyen,Male,michael40@example.org,Scottstad,Maine,Pakistan,2023-11-26
C001519,Jodi,Kane,Male,rodriguezsheryl@example.org,Mitchellside,South Carolina,Serbia,2025-04-01
C001520,Tiffany,Fleming,,hayesrachel@example.com,East Elizabeth,Tennessee,Norway,2024-12-16
C001521,Garrett,Jackson,Male,mikaylapeters@example.com,Port Charles,New Mexico,Guinea,2025-02-19
C001522,Diana,Brown,Male,lawsonpaul@example.org,West Markborough,Arizona,Hungary,2024-08-11
C001523,Laura,Perez,,josephenglish@example.com,West Alexander,Vermont,Solomon Islands,2024-09-26
C001524,Dale,Jones,Male,galexander@example.com,Port Ronaldburgh,Louisiana,Equatorial Guinea,2022-11-02
C001525,Elizabeth,Ward,,ronald83@example.net,Haleyfort,Rhode Island,Niger,2022-08-27
C001526,Janet,Tran,Male,maydebra@example.net,Johnville,Georgia,Mauritania,2023-11-07
C001527,Wayne,Guerrero,Male,klara@example.net,Mcneilhaven,North Carolina,Singapore,2022-05-05
C001528,Olivia,Vaughn,Female,torrestricia@example.com,Port Timothy,Louisiana,Taiwan,2023-10-25
C001529,Devin,Bennett,Male,patrickmichelle@example.net,Pageburgh,Louisiana,Bulgaria,2026-02-02
C001530,Marie,Wong,,pmartin@example.org,East Theresaside,New York,Antarctica (the territory South of 60 deg S),2023-07-11
C001531,Lisa,Acevedo,Male,tonyaholmes@example.net,Lake Belindaborough,Hawaii,Cameroon,2022-03-04
C001532,Lisa,Smith,Female,gregorysmith@example.org,Murrayfurt,Delaware,Aruba,2026-02-12
C001533,William,Welch,Male,hespinoza@example.org,Port Kennethstad,Missouri,South Africa,2022-01-11
C001534,Bryan,Ramsey,Male,sarah31@example.net,Port Timothychester,Wisconsin,Seychelles,2025-11-06
C001535,Darlene,Lee,,ricky95@example.net,North Adamtown,New Jersey,Syrian Arab Republic,2025-04-29
C001536,Sabrina,Smith,Female,sherry96@example.com,West Andrewton,Nevada,Jersey,2026-06-06
C001537,Elizabeth,Henderson,Male,jonesrebecca@example.com,Kerryland,Virginia,Bermuda,2025-02-01
C001538,Patricia,Bender,Male,aaron78@example.com,South Christinashire,Louisiana,Sierra Leone,2024-08-29
C001539,Bobby,Gilbert,,kendra36@example.com,West Angela,Missouri,Martinique,2025-03-12
C001540,Anne,Sullivan,Male,ylawson@example.org,New Ryan,Oklahoma,Mali,2026-01-21
C001541,Ariel,Kennedy,Male,eharrington@example.com,West Leahchester,Idaho,Guyana,2023-11-01
C001542,Chris,Gibson,Male,mjohnson@example.org,North Sherry,Florida,Jersey,2025-12-21
C001543,Kathryn,Howard,Female,omarturner@example.org,Port Sherryshire,Mississippi,Vietnam,2022-04-06
C001544,Charles,Murray,Male,william17@example.com,Carterland,Texas,San Marino,2022-04-04
C001545,Kenneth,Guzman,,davisemily@example.net,West Christopher,Virginia,Nauru,2023-07-31
C001546,Devin,Adams,Female,donaldhahn@example.com,South Brianview,Washington,Saint Martin,2023-05-26
C001547,Sabrina,Garcia,Male,erin57@example.org,Ryanhaven,Florida,Afghanistan,2025-10-16
C001548,Donald,Richard,Male,tyler09@example.org,North Crystalbury,Virginia,United Arab Emirates,2023-04-12
C001549,Joshua,Brown,Female,jasontaylor@example.com,New Frank,Oklahoma,New Zealand,2023-03-17
C001550,Jennifer,Cobb,Male,browntodd@example.net,East Haley,Virginia,Korea,2022-10-08
C001551,Derek,Barnes,Male,idavid@example.com,South Cameronstad,Oklahoma,Norway,2025-01-21
C001552,Stacy,Davis,,theresa92@example.com,Port Dianemouth,Idaho,Japan,2021-12-20
C001553,Nicole,Manning,Female,staceyatkins@example.com,Port Ashleyborough,Arizona,Antigua and Barbuda,2023-11-17
C001554,Lisa,Wheeler,,smithtimothy@example.net,New Audreyport,Oklahoma,Rwanda,2023-03-15
C001555,Kelly,Cochran,Male,laurenboyd@example.com,Port Meredith,Minnesota,Bulgaria,2024-07-17
C001556,Joshua,Kennedy,,gutierrezjessica@example.net,South James,Maryland,Sudan,2024-04-04
C001557,Jason,Townsend,Male,johnsonmartin@example.org,Kimfurt,Iowa,Poland,2022-06-25
C001558,Taylor,Phillips,Female,samuel83@example.com,South Alyssa,Montana,Tokelau,2022-12-06
C001559,Amy,Williams,Female,lwest@example.net,Lake Wendy,Maryland,Venezuela,2024-04-11
C001560,James,Torres,Female,louisperez@example.net,Richardberg,Ohio,Australia,2023-03-22
C001561,Brian,Velasquez,,janet65@example.com,Michaelstad,Montana,Cayman Islands,2022-08-06
C001562,Ian,Summers,,fernandezmathew@example.com,North Trevorport,Washington,Antarctica (the territory South of 60 deg S),2024-11-23
C001563,Carol,Preston,Male,tapiawendy@example.com,Davistown,Georgia,Greenland,2025-08-05
C001564,Janet,Wallace,Female,sbrown@example.org,Lake Andrew,Virginia,Niger,2023-06-03
C001565,Jesus,Roth,,holly12@example.org,Lake Derekmouth,Massachusetts,Slovenia,2025-07-15
C001566,Ariel,Wiggins,Male,smithmichelle@example.net,North Luismouth,Indiana,Tokelau,2025-03-01
C001567,Isaac,Johns,,scott95@example.org,Campbellfort,Connecticut,Serbia,2023-10-13
C001568,James,Anderson,Male,galvanjeanette@example.net,Dawnbury,Texas,Sao Tome and Principe,2025-09-18
C001569,Brandon,Haas,,susan93@example.com,East Hannahshire,Delaware,Afghanistan,2022-12-14
C001570,David,Johnson,,rosshunter@example.net,Calebside,Maryland,Niue,2024-08-19
C001571,Clayton,Walker,,nicole92@example.net,Michaelbury,Mississippi,Poland,2024-05-27
C001572,Dwayne,Ward,Female,johnsonrick@example.com,Lake Andrewshire,Nevada,Western Sahara,2026-02-19
C001573,Madison,Brown,Female,elove@example.com,Port Heatherbury,New Mexico,Macao,2022-11-25
C001574,Erin,Moran,,eileenhudson@example.com,Biancastad,Iowa,Angola,2021-07-31
C001575,Travis,Bennett,Male,matthewsmith@example.org,Marialand,New York,Croatia,2026-06-30
C001576,Lawrence,Anderson,Male,gwhite@example.com,Isaiahton,South Dakota,Colombia,2024-11-15
C001577,Ashley,Maxwell,Female,kristinaparker@example.org,North Joton,Oregon,Armenia,2024-10-13
C001578,Patricia,Combs,Female,kellyadam@example.net,Dixonbury,Alabama,Canada,2025-12-31
C001579,Darryl,Cruz,Female,irobinson@example.net,West Peggymouth,New Jersey,Grenada,2025-05-03
C001580,Wendy,Hawkins,,kmorris@example.org,East Brittneyshire,Wyoming,Jamaica,2023-02-15
C001581,Randall,Hall,Male,robertbrock@example.org,Lake Donaldstad,Minnesota,Mali,2022-07-01
C001582,Jonathan,Lucero,Female,nealdavid@example.com,North Laurieburgh,Iowa,Rwanda,2025-04-29
C001583,Adam,Lopez,,coreypope@example.net,North Michael,North Dakota,Solomon Islands,2022-03-10
C001584,Ashley,Burns,Female,parksariana@example.com,Port Danielchester,Indiana,Mauritania,2023-06-04
C001585,Andrea,Miller,Male,ashley77@example.org,South Angelaton,Virginia,Australia,2025-04-27
C001586,Kendra,Stark,Male,znichols@example.net,North Amy,Missouri,New Caledonia,2026-04-13
C001587,William,Perkins,Female,lindahill@example.com,Lake Codyhaven,Florida,Chile,2025-03-06
C001588,Thomas,Smith,,andreagilbert@example.net,Lake Sara,Iowa,Burkina Faso,2024-11-17
C001589,Eric,King,Male,joshua43@example.net,Lake Michelle,West Virginia,Bouvet Island (Bouvetoya),2021-11-23
C001590,Terri,Frye,Male,jacquelinenunez@example.net,East Barryborough,Arkansas,Falkland Islands (Malvinas),2026-04-03
C001591,Heather,Robinson,Male,davidgonzales@example.com,Lake Nancy,Kansas,Holy See (Vatican City State),2025-02-26
C001592,Blake,Frank,Female,wesleybutler@example.org,Kingborough,Alabama,Pitcairn Islands,2026-06-28
C001593,Brian,Espinoza,,sarahgonzales@example.com,Raymondshire,Connecticut,New Zealand,2024-04-02
C001594,David,Jones,,pearsonvicki@example.org,Flemingland,New Mexico,French Southern Territories,2023-06-16
C001595,Cathy,Valencia,,brandisosa@example.org,Port Anthonybury,West Virginia,Mauritius,2025-09-03
C001596,Carl,Hughes,,edwardmiller@example.org,South Tommyhaven,Arkansas,Haiti,2023-08-06
C001597,Nicole,Novak,,zskinner@example.com,South Jesusfurt,Georgia,Belize,2024-06-01
C001598,Linda,Cox,Female,turnerjustin@example.com,Dianamouth,Nevada,India,2026-06-19
C001599,Gail,Jacobs,Female,jenniferbradley@example.com,West Deborahfurt,Hawaii,Korea,2022-07-07
C001600,Meghan,Cruz,,hmacias@example.org,Tanyaview,Indiana,Solomon Islands,2023-08-15
C001601,Derrick,Poole,,shelley85@example.com,North Erin,North Carolina,North Macedonia,2025-12-31
C001602,Benjamin,Moss,Female,singhsarah@example.org,Lake Larry,Virginia,Belize,2024-11-09
C001603,Ashley,James,Female,jamesmorgan@example.org,Lake Tammy,Maine,Yemen,2023-11-15
C001604,Susan,Small,,diazjoe@example.org,Stacyton,Vermont,Dominican Republic,2021-12-14
C001605,Jasmine,Diaz,,xsullivan@example.net,Mitchellmouth,Wyoming,Saint Lucia,2023-07-09
C001606,Hannah,Leonard,Female,drivera@example.com,Jennifermouth,Illinois,Guyana,2026-05-27
C001607,Samuel,Elliott,Male,phillip98@example.com,South Jasonview,Florida,Belgium,2022-06-14
C001608,Justin,Johnson,,armstrongsara@example.net,Williammouth,Idaho,Senegal,2023-07-25
C001609,Douglas,Buchanan,Male,barbara64@example.com,North Melissa,Kansas,American Samoa,2023-10-31
C001610,Tina,Taylor,,kimberly91@example.com,South David,Maine,Austria,2026-07-22
C001611,Stephanie,Curtis,,johnmerritt@example.com,West Kimberlyport,Indiana,Saint Barthelemy,2025-08-13
C001612,Shawn,Gutierrez,,rperez@example.org,New Debbieville,New York,Wallis and Futuna,2024-03-21
C001613,Michael,Jackson,,millerjessica@example.com,New Juanburgh,Indiana,Guyana,2025-08-24
C001614,Diane,Stevenson,Male,ryanbullock@example.com,Josephfort,Arkansas,Bouvet Island (Bouvetoya),2024-01-20
C001615,Dawn,Martin,Female,holtrobert@example.com,East Rebecca,New Jersey,Korea,2022-03-24
C001616,Russell,Fleming,Female,dlopez@example.org,West Rhondaton,Wisconsin,Norfolk Island,2025-01-25
C001617,Lisa,Cervantes,Male,johnsonsharon@example.com,North Anthonyberg,New Mexico,Togo,2024-12-23
C001618,Jessica,Jones,Female,luisbates@example.org,South Anthonyport,Iowa,Montserrat,2025-01-10
C001619,David,Sellers,Female,orice@example.net,South Victoriaton,Illinois,British Virgin Islands,2022-07-22
C001620,Cindy,Bell,Female,aprilmyers@example.net,New Deannashire,Washington,Norfolk Island,2025-11-05
C001621,Kristen,Cooper,Female,tammy53@example.org,East Edward,Vermont,Sierra Leone,2025-08-22
C001622,Jeremy,Gilbert,Female,aaroncox@example.com,Port Michael,Florida,Denmark,2023-09-07
C001623,Christopher,Bell,,harrisonchristopher@example.org,Williamsburgh,Missouri,New Caledonia,2024-01-21
C001624,Susan,Duran,Male,mariagonzalez@example.org,North Travisberg,Montana,Bolivia,2023-05-04
C001625,Megan,Colon,Female,patriciagrant@example.net,Lake Christopher,New York,Papua New Guinea,2025-07-15
C001626,Crystal,Leblanc,Female,amanda46@example.com,West Scott,Kentucky,Bulgaria,2022-04-17
C001627,Tina,Brandt,Female,donaldmartin@example.net,Lake Danielport,Kentucky,Cape Verde,2023-04-19
C001628,Veronica,Hodge,,jenniferortega@example.net,East Jessica,Minnesota,Iraq,2021-11-07
C001629,Isaac,Beasley,Female,jason06@example.org,Linbury,California,Timor-Leste,2024-10-21
C001630,Amanda,Nelson,Female,phill@example.org,Caldwellbury,Oklahoma,Zambia,2023-02-03
C001631,David,Hoffman,Male,alexanderkeller@example.org,Thompsonton,North Carolina,Slovenia,2023-01-01
C001632,Reginald,Duncan,,ysandoval@example.org,Jessicafort,Arizona,Guyana,2023-02-27
C001633,Ashley,Lloyd,Female,richardsonronnie@example.net,Charlesshire,Wyoming,Uruguay,2024-12-06
C001634,Mark,Nelson,Male,johnstonnicholas@example.org,Shannonfort,Minnesota,Sri Lanka,2022-06-28
C001635,Thomas,Smith,Male,andrewjackson@example.org,North Cindyfort,Connecticut,Burkina Faso,2025-03-18
C001636,Christopher,Parker,Male,ashleywalton@example.com,Fordshire,Tennessee,Korea,2023-08-06
C001637,Ashley,Mills,Male,charlessimmons@example.com,North Lauren,Wyoming,Colombia,2022-03-23
C001638,Denise,Leonard,Female,stevensmatthew@example.net,Wongchester,Minnesota,Dominica,2025-10-08
C001639,Sharon,Shepard,Male,james91@example.net,Murphyborough,Alaska,Zimbabwe,2024-02-17
C001640,Jessica,Lane,,hunter12@example.org,North Brenda,Minnesota,Tajikistan,2021-09-06
C001641,Michael,Aguirre,,victoria97@example.com,Smithton,Alabama,Burundi,2023-09-02
C001642,Anna,Foster,Female,amy67@example.com,Ashleyshire,New Hampshire,Uzbekistan,2023-02-11
C001643,Shelley,Barnes,Male,paulbailey@example.net,West Michaelaton,Alaska,Ireland,2022-10-15
C001644,Leroy,Walker,,benjaminstevenson@example.com,Jensenmouth,New Hampshire,Belgium,2022-02-11
C001645,Cynthia,Santos,Male,ashleyjames@example.com,North Heather,Pennsylvania,Lao People's Democratic Republic,2025-02-28
C001646,Harry,Bailey,,allisonford@example.net,South Kevin,Colorado,Timor-Leste,2023-02-19
C001647,Kelly,Warren,,cheryl54@example.com,Wrightmouth,Wisconsin,Estonia,2025-12-10
C001648,Sheri,Carter,,kylescott@example.org,Cherylfurt,Oregon,Vanuatu,2024-08-01
C001649,John,Lawson,Female,joshua74@example.org,Natalieview,Alaska,Malta,2025-05-12
C001650,Mary,Lyons,,dustinwilliams@example.com,Andersonfort,Washington,Vietnam,2022-08-29
C001651,Barbara,Roth,Male,cory21@example.org,Andersonburgh,Delaware,Tokelau,2023-12-17
C001652,Bradley,Murphy,Female,james65@example.com,Mcbrideberg,Wyoming,Brunei Darussalam,2021-10-02
C001653,Alejandro,Turner,Female,ycharles@example.org,Lake Cheryl,Oregon,Austria,2025-09-06
C001654,Donald,Mclaughlin,,daniel13@example.net,Cookfurt,Minnesota,Marshall Islands,2025-02-06
C001655,Peter,Rivera,Female,courtney70@example.net,Arellanoland,Oregon,New Zealand,2022-08-29
C001656,Casey,Mccarthy,,jaime56@example.com,North Charles,Ohio,Mexico,2023-06-03
C001657,Nicole,Phillips,Male,jamesrussell@example.net,North Michaela,Illinois,Georgia,2023-11-08
C001658,Isaac,Russell,Female,smithjesse@example.com,Gordonfurt,Ohio,Switzerland,2021-09-15
C001659,Andrea,Valenzuela,,jennifer29@example.com,Mullinston,Georgia,Turks and Caicos Islands,2025-08-04
C001660,Christopher,Bates,Female,skim@example.org,Bakerton,Maryland,Cote d'Ivoire,2025-10-10
C001661,Brian,Perez,Female,stacey22@example.net,Robertmouth,Idaho,Kiribati,2025-04-29
C001662,Jessica,Molina,Male,jamesanderson@example.org,North Derek,Florida,Greenland,2023-07-29
C001663,Victoria,Lewis,,halljeffrey@example.com,Mcdonaldland,Washington,Puerto Rico,2022-03-07
C001664,Rachel,Logan,,sarah07@example.com,Port Timothy,South Carolina,Guatemala,2025-04-27
C001665,Leslie,Roach,Male,thompsondarlene@example.org,North Shellyburgh,Iowa,Saint Pierre and Miquelon,2024-06-22
C001666,Kayla,Cabrera,Male,jimmyrobinson@example.net,North David,Maine,Kuwait,2021-11-27
C001667,Teresa,Perkins,,davisjennifer@example.org,West Brett,Mississippi,Azerbaijan,2023-10-06
C001668,Natasha,Gutierrez,Female,donna87@example.net,Port Samanthafort,Massachusetts,Sweden,2022-11-13
C001669,Daniel,Buchanan,Male,sarawilliams@example.com,New Monique,New Hampshire,Cape Verde,2025-07-05
C001670,Taylor,Hernandez,Male,whitelevi@example.org,Paulside,Maine,Rwanda,2022-11-03
C001671,William,Stevenson,Female,toddburton@example.com,Port Jacobberg,Colorado,Benin,2026-06-19
C001672,David,Ellis,,youngmichael@example.net,Aguirreton,Texas,United States Virgin Islands,2026-01-08
C001673,Rachel,Gibson,Female,roytodd@example.net,Port Crystalbury,Rhode Island,Canada,2023-05-01
C001674,Briana,Harvey,Male,heather29@example.com,South Curtisburgh,Georgia,United Kingdom,2024-01-11
C001675,Paul,Scott,Female,angelawhite@example.org,Mercedesberg,Georgia,Bouvet Island (Bouvetoya),2023-06-12
C001676,Nicholas,Flores,,brittany63@example.org,Lake Amberborough,Illinois,French Guiana,2023-01-14
C001677,Scott,Stein,Male,torresmary@example.com,Alexandermouth,Alaska,Spain,2022-05-25
C001678,Michelle,Austin,Female,rcannon@example.com,New Katiemouth,Illinois,Solomon Islands,2024-12-22
C001679,Tyler,Hanson,,raywalters@example.org,New Joyce,Nebraska,Djibouti,2022-11-27
C001680,Shaun,Jimenez,,laura25@example.net,North Robert,Montana,Guernsey,2024-04-12
C001681,Donald,Jacobs,,valdezashley@example.org,New Justin,California,Gibraltar,2026-03-10
C001682,Stephanie,Mack,,bobbyvargas@example.com,Hallbury,New Jersey,Paraguay,2025-03-02
C001683,Eric,Ortiz,,elizabeth20@example.com,Jonesview,South Carolina,Malaysia,2021-09-13
C001684,Elizabeth,Morgan,,jamierodriguez@example.net,North Josephside,Iowa,Romania,2025-11-05
C001685,Caleb,Day,Male,melissadavis@example.org,West Karahaven,Texas,United States Minor Outlying Islands,2025-12-26
C001686,Jennifer,Medina,,istephens@example.com,Evanstown,Connecticut,Serbia,2024-06-24
C001687,Alyssa,Baker,,pricevanessa@example.org,North Lauraburgh,Oregon,Vanuatu,2024-01-30
C001688,Sarah,Ramos,,usanchez@example.net,Kimberlyfurt,South Dakota,Iran,2022-12-22
C001689,Monica,Curry,Female,larsonjennifer@example.org,Donnaville,South Carolina,Cambodia,2025-02-21
C001690,Ryan,Thomas,Male,leeandre@example.net,North Justinview,Ohio,Cuba,2025-07-18
C001691,Daniel,Oconnor,Male,davismichelle@example.com,Port Kathleen,Pennsylvania,New Zealand,2024-07-15
C001692,Chloe,Johnston,Female,pearsonwillie@example.org,Lake Andreaton,Iowa,Turkey,2023-09-23
C001693,Robert,Mclaughlin,,jasminbrown@example.com,Lake Evan,Michigan,Congo,2024-04-14
C001694,Jacob,Davis,Female,crystal52@example.com,New Rachel,Oklahoma,Russian Federation,2021-07-29
C001695,Michael,Norris,Female,nkirby@example.org,North Shannonside,Vermont,Jersey,2022-05-21
C001696,Stephen,Graham,Female,michaelathompson@example.net,Port Walter,Missouri,Peru,2025-07-07
C001697,Susan,Lewis,Male,vrussell@example.org,Cynthiaside,Wisconsin,Sweden,2025-05-29
C001698,Gregory,Gibson,Male,ryantorres@example.org,North Jameshaven,Hawaii,Cook Islands,2026-01-25
C001699,Jennifer,Hernandez,Male,michaellopez@example.net,New Thomastown,Montana,Zambia,2026-01-17
C001700,Trevor,Davis,,hendersoncrystal@example.com,North Cynthia,Ohio,Mali,2022-01-25
C001701,Destiny,Adams,,howellstuart@example.com,Wilsonhaven,Vermont,Bouvet Island (Bouvetoya),2023-04-30
C001702,Brittney,Riley,Female,amberevans@example.net,Thompsontown,Virginia,Swaziland,2025-03-24
C001703,Jacqueline,Bennett,Male,wferguson@example.org,Baileyville,Florida,Gibraltar,2023-10-22
C001704,Kyle,Hunter,Male,matthewwalker@example.com,Fullertown,Wisconsin,Kenya,2025-04-04
C001705,Olivia,Riley,,wallacecourtney@example.org,Hendersonport,California,Serbia,2023-10-03
C001706,Christine,Washington,,trancaitlin@example.com,Scottstad,Utah,Niger,2025-10-27
C001707,Justin,Hill,Male,leahpham@example.com,South Stevenport,New Jersey,Maldives,2026-04-15
C001708,Matthew,Ross,Male,osbornkelly@example.net,West Kellytown,Rhode Island,Chad,2024-11-18
C001709,Zachary,Foster,,murphygeorge@example.org,South Donald,New Jersey,Armenia,2023-07-20
C001710,Kelly,Guzman,,smithamy@example.com,Michaelville,Wyoming,Cyprus,2021-07-26
C001711,Natalie,Berry,Male,nancyballard@example.com,Torresside,Oklahoma,Dominica,2024-08-29
C001712,Jillian,Green,Female,tranrobert@example.org,East Saramouth,Mississippi,United States Virgin Islands,2021-08-18
C001713,Aaron,Williams,Female,jennifer61@example.net,Deannatown,Minnesota,Iceland,2023-01-11
C001714,Angela,Saunders,Female,margaretirwin@example.net,Ryanshire,Arkansas,Macao,2025-05-16
C001715,Robin,Gaines,Female,schmidtfernando@example.net,North Danielborough,Nevada,Holy See (Vatican City State),2026-01-04
C001716,David,Hall,Male,kevin42@example.net,South Timothymouth,Nevada,Monaco,2026-01-29
C001717,Richard,Rangel,Female,kevinjohnson@example.org,North Mario,Minnesota,New Zealand,2024-07-21
C001718,Monica,Taylor,Female,ltate@example.org,New Alanbury,Indiana,Venezuela,2024-09-28
C001719,Donna,Gonzales,,greenkyle@example.com,Ambermouth,Mississippi,Nepal,2022-09-06
C001720,Samuel,Jackson,Female,amandaedwards@example.com,East Karlstad,Indiana,Bosnia and Herzegovina,2022-05-25
C001721,Maria,Lam,,smithjohn@example.org,North Sarah,California,Vanuatu,2025-02-25
C001722,Thomas,Leblanc,,cynthiaford@example.org,Bartonside,Tennessee,Mayotte,2025-03-23
C001723,Christina,Peters,Male,angela22@example.net,Georgestad,Florida,Rwanda,2025-11-11
C001724,Craig,Wilson,Male,tracy91@example.com,North Matthewton,North Dakota,Timor-Leste,2024-10-01
C001725,Michael,Greene,Male,shane44@example.com,Port Michael,Indiana,Guinea-Bissau,2025-06-06
C001726,Kenneth,Russo,Male,daniel71@example.com,Jacquelineshire,New Jersey,Cook Islands,2022-11-12
C001727,Melanie,Morrison,,cooktracy@example.net,East Jameshaven,Indiana,Italy,2021-12-24
C001728,Kristin,Barker,Male,margaretboyd@example.net,South Sharon,North Carolina,Lebanon,2024-02-05
C001729,Pamela,Burnett,,gomezgrant@example.net,Gonzalezport,Oklahoma,Jordan,2022-06-27
C001730,Gabrielle,Edwards,Male,wallacekevin@example.com,West Jessica,New Mexico,Sudan,2025-08-06
C001731,William,Garcia,Female,kellygina@example.org,Joshuafurt,New York,Benin,2025-03-30
C001732,Scott,Gray,Female,brittanysanders@example.org,Jeffreyfurt,Florida,Namibia,2024-08-03
C001733,Jonathan,Bennett,,vgreen@example.org,Lake Benjaminton,Ohio,Nepal,2024-05-03
C001734,Timothy,Ray,Female,marissasutton@example.com,North Janet,Ohio,Nepal,2023-08-13
C001735,Alexa,Conway,Female,debraprice@example.net,Christinemouth,Pennsylvania,Heard Island and McDonald Islands,2023-10-04
C001736,Ann,Mcdowell,,tmurphy@example.net,Karenberg,North Dakota,Saint Vincent and the Grenadines,2022-02-14
C001737,Brittany,White,Female,alexanderbrandy@example.net,Port Devinhaven,Ohio,Comoros,2024-10-05
C001738,Rebecca,Hayes,Female,murraysara@example.net,Ruthview,Michigan,Sudan,2022-01-22
C001739,Joseph,Howe,Female,kcrawford@example.net,Hendrixville,Colorado,Cocos (Keeling) Islands,2025-03-13
C001740,Danielle,Clark,Male,karen81@example.org,New Valerie,New York,Syrian Arab Republic,2024-04-05
C001741,Joshua,Hendricks,,clayandrew@example.net,Port Daniel,New Jersey,Morocco,2021-10-19
C001742,Leslie,Castro,Male,lmiddleton@example.org,Port Kristina,Colorado,Niue,2025-09-17
C001743,Lawrence,Wagner,Female,webstersteven@example.net,Port Marymouth,Illinois,Brunei Darussalam,2024-12-07
C001744,Andrew,Garner,Female,johnstonkristin@example.org,East Susanside,Florida,Timor-Leste,2024-06-07
C001745,Thomas,Taylor,Male,michael36@example.org,Lake Amandaside,Connecticut,Togo,2024-01-29
C001746,David,Campbell,Female,suarezkevin@example.net,Clarkland,Michigan,Venezuela,2025-01-19
C001747,Kristin,Crawford,,itodd@example.com,East Hannahhaven,Washington,Netherlands Antilles,2023-07-28
C001748,John,Gomez,,bushcourtney@example.net,Theresachester,Colorado,Haiti,2024-09-24
C001749,Kelly,Wade,,curtismichelle@example.com,New Tony,Idaho,Guinea-Bissau,2023-04-20
C001750,Natalie,Garcia,Female,john90@example.net,Port William,Kansas,Latvia,2023-12-31
C001751,Stephen,Wyatt,,pbarajas@example.com,Smithbury,Maine,Christmas Island,2024-03-04
C001752,Nicholas,Scott,,montoyafelicia@example.org,North Cindymouth,Massachusetts,North Macedonia,2026-01-10
C001753,Matthew,Brennan,Female,robert40@example.com,North Jacobside,Ohio,Afghanistan,2022-03-30
C001754,Tina,Smith,Male,tommyclark@example.org,West Cynthiaview,New Jersey,Brazil,2024-03-18
C001755,Beth,Vargas,Male,sarajohnston@example.net,South Tylerview,Vermont,Saudi Arabia,2025-11-14
C001756,Donna,Lawson,Female,hudsonglen@example.net,Sheenahaven,New Jersey,Serbia,2022-11-30
C001757,Luis,Woodward,,foleyjoel@example.com,Taylorfort,Delaware,Korea,2022-11-23
C001758,James,May,Male,jshaffer@example.org,Port Patrickview,Wyoming,Saint Helena,2025-05-24
C001759,Austin,Torres,Male,brittanywolf@example.org,Harrisfort,New Hampshire,Pakistan,2025-04-21
C001760,Suzanne,Walker,Male,jasoncampbell@example.com,Smithview,Connecticut,Djibouti,2025-02-25
C001761,Cassidy,Dean,Female,mcmahonmichael@example.net,Costaburgh,Ohio,Brunei Darussalam,2023-07-19
C001762,Michael,Cobb,Male,bradshawcarlos@example.org,North Cheryl,Washington,Palau,2023-05-07
C001763,Steven,Smith,Male,carl07@example.net,Coryborough,Hawaii,Faroe Islands,2023-06-04
C001764,Kimberly,Larsen,Female,browntimothy@example.net,Coreyberg,Georgia,Sao Tome and Principe,2022-12-14
C001765,Stephanie,Johnson,Female,yhernandez@example.com,Harrisburgh,Mississippi,Belgium,2026-07-12
C001766,Megan,Leon,Female,keithbaker@example.net,East Robert,Connecticut,Martinique,2025-09-16
C001767,Brett,Lee,Male,gfox@example.net,Lewisfort,Alabama,Canada,2024-04-18
C001768,Shane,Delgado,Male,villaedward@example.org,New Matthewbury,Montana,Uganda,2025-07-31
C001769,Jennifer,Jones,Female,james89@example.org,West Stevenmouth,Alaska,Bahamas,2022-01-16
C001770,John,Cook,,johnsonsteven@example.net,Daviston,Tennessee,Korea,2022-06-04
C001771,Clayton,Harris,Female,vknight@example.net,Wilkersonfurt,New York,Cambodia,2022-06-30
C001772,Angel,Colon,Male,molly46@example.org,Rodriguezburgh,Oklahoma,Sri Lanka,2026-07-13
C001773,Casey,Flowers,Male,pscott@example.com,East Mandyport,Maine,Togo,2025-07-01
C001774,Rachel,White,Female,christophersanders@example.org,Herbertshire,Louisiana,Saudi Arabia,2021-12-23
C001775,Stephanie,Sloan,,aguilarkevin@example.com,Warefurt,South Carolina,Angola,2022-08-10
C001776,Ian,May,,leslie32@example.com,Millermouth,Rhode Island,Svalbard & Jan Mayen Islands,2023-01-25
C001777,Angela,Waller,Male,josephcooper@example.net,Breannastad,Delaware,Hong Kong,2021-10-01
C001778,Daniel,Andrews,,floressarah@example.net,East Lindaside,Montana,Saudi Arabia,2025-01-30
C001779,Jessica,Lang,,jscott@example.com,Martinezmouth,Missouri,Bahamas,2026-02-08
C001780,Vincent,Adams,,ggreen@example.net,South Lori,Oklahoma,Benin,2026-06-14
C001781,Daniel,Johnson,Female,christine92@example.org,Turnerton,Montana,Montserrat,2025-04-02
C001782,Kathryn,Mahoney,Male,philliphayden@example.net,Port James,Massachusetts,Denmark,2022-12-17
C001783,Joseph,Kim,Female,cblackburn@example.net,North Jeffrey,North Dakota,Isle of Man,2023-02-28
C001784,Ryan,Hernandez,,jacksonwhitney@example.org,Parksberg,Alabama,Guinea-Bissau,2026-01-30
C001785,Aaron,Clark,Male,aaronsmith@example.net,Wrightport,West Virginia,Rwanda,2026-07-16
C001786,Shawn,Wheeler,Female,smithadriana@example.net,North Johnnyfurt,Alabama,Angola,2024-06-19
C001787,Melissa,Davis,Male,loritaylor@example.com,South Judy,Pennsylvania,Peru,2024-03-23
C001788,Kiara,Acosta,Female,priceamber@example.net,Kevinland,Oklahoma,Jamaica,2023-12-20
C001789,Jonathan,Sanchez,Male,johnsoncandice@example.net,Gabriellebury,Nevada,British Indian Ocean Territory (Chagos Archipelago),2026-01-07
C001790,Jennifer,Sanchez,Female,gmiller@example.net,West Christopherside,Tennessee,Heard Island and McDonald Islands,2025-01-14
C001791,Mark,Thomas,,edward03@example.net,Lindatown,California,Guyana,2022-08-01
C001792,Kathryn,Ramirez,Female,ujohnson@example.com,Justinview,Montana,Jersey,2023-10-10
C001793,Jennifer,Davis,,josephschneider@example.org,Lake Kayla,Colorado,Portugal,2024-02-07
C001794,Samantha,Delgado,Female,xcarlson@example.com,East Susanfurt,Georgia,Antigua and Barbuda,2024-03-21
C001795,Vincent,Jones,,haley27@example.org,Danaborough,Nebraska,Georgia,2022-05-13
C001796,Sarah,Cooper,,ssmith@example.org,New Cody,Wyoming,Monaco,2026-04-27
C001797,Andrea,Rivera,Female,parksshawna@example.net,Port Crystal,Massachusetts,Guatemala,2024-05-22
C001798,Justin,Cline,Female,cwilson@example.org,Guzmanbury,Arkansas,Estonia,2023-09-13
C001799,Andrew,Miller,Male,alexandraellis@example.org,Lake Natashaburgh,Illinois,United Kingdom,2022-03-15
C001800,Jessica,Schaefer,Female,fjones@example.org,Lake Rebeccaside,Virginia,Holy See (Vatican City State),2021-08-16
C001801,Jill,Graham,Male,jeffrey44@example.com,West Dianaberg,New Hampshire,Italy,2026-07-04
C001802,Melissa,Evans,Female,rodriguezchristopher@example.org,West Victorborough,Washington,Georgia,2024-01-10
C001803,Eduardo,Young,Male,amiller@example.net,East Shelby,Wisconsin,Bolivia,2025-04-25
C001804,David,Ellis,,philliphatfield@example.net,Boonefurt,Minnesota,Venezuela,2025-01-22
C001805,Ricardo,Hernandez,Female,joshuajones@example.net,Hensonchester,Ohio,Kenya,2024-02-13
C001806,Megan,Tyler,,thomas12@example.net,Lake Jaredtown,Arizona,Isle of Man,2026-06-11
C001807,Daniel,Dixon,Female,jholder@example.org,West Michelle,Indiana,Gambia,2021-11-01
C001808,Jessica,Koch,Male,hkelley@example.org,West Krystalchester,Kentucky,Netherlands,2025-04-04
C001809,Michael,Kelly,Female,andreross@example.net,Laurieland,Wyoming,British Virgin Islands,2022-01-26
C001810,Jennifer,Snyder,Male,amymiller@example.org,Wrightchester,Iowa,Gambia,2022-09-10
C001811,Erica,Mccormick,Male,jenniferrice@example.com,Herrerafurt,Montana,Eritrea,2025-11-24
C001812,Andrew,Bradford,Female,kaiserhunter@example.org,Larryview,Colorado,Spain,2025-03-13
C001813,John,Johnson,,nwilliams@example.net,Smithbury,New York,Cambodia,2022-01-25
C001814,Jessica,Brennan,Female,dbrown@example.org,North Yvonne,Illinois,Bosnia and Herzegovina,2024-07-16
C001815,Andrea,Vargas,,millerlindsey@example.org,East Kennethfort,Delaware,Dominican Republic,2022-02-06
C001816,Hannah,Adkins,Male,jgill@example.com,Port Karafurt,Georgia,Senegal,2026-07-04
C001817,Michael,Espinoza,Female,bowenjonathan@example.net,Meganmouth,North Dakota,Greenland,2025-11-26
C001818,Samantha,Fuller,Female,harrissamuel@example.org,Alyssaville,Alaska,Latvia,2026-03-07
C001819,Angela,Lowe,,amills@example.com,Port Taylor,Wisconsin,Azerbaijan,2025-02-21
C001820,Taylor,Dougherty,Female,simmonsangela@example.net,Port Christinaberg,Florida,Uganda,2022-07-31
C001821,Caitlin,Chang,Male,fking@example.org,South Matthew,Iowa,Armenia,2023-10-21
C001822,Robert,Boyer,Female,whitejustin@example.org,Kristenmouth,North Carolina,Antigua and Barbuda,2021-08-21
C001823,Denise,Caldwell,Male,james23@example.com,East Tara,Delaware,India,2024-06-28
C001824,Kristina,Cruz,Male,darnold@example.com,Estradatown,Missouri,Spain,2023-10-12
C001825,Felicia,Jones,,sanchezmelissa@example.com,North Marc,West Virginia,Brazil,2025-10-05
C001826,Patricia,Colon,,ejones@example.org,East Michael,Tennessee,Mali,2025-05-27
C001827,Patricia,Moore,Male,jacquelineneal@example.net,New Derrick,Ohio,Timor-Leste,2023-01-12
C001828,Cameron,Johnson,,roberta69@example.org,West Micheleton,Georgia,Bolivia,2023-05-29
C001829,Charles,Alvarez,,kathryn86@example.net,Richardbury,Iowa,Papua New Guinea,2025-11-27
C001830,Christina,Rivera,Male,andrea10@example.com,Port Davidview,New York,Italy,2022-11-12
C001831,Victoria,Henry,Female,hfoley@example.com,Wrightmouth,Massachusetts,Samoa,2025-05-23
C001832,Michelle,Taylor,Female,bullockrebecca@example.com,East Jimstad,Wisconsin,Mongolia,2024-01-21
C001833,Corey,Cox,,nicholasmcmillan@example.org,Martinfurt,Alaska,Cape Verde,2023-01-17
C001834,Kelly,Chang,,kelsey67@example.com,North Michael,New Hampshire,Bosnia and Herzegovina,2021-09-13
C001835,James,Serrano,Male,ymartinez@example.com,Schmidtbury,New Mexico,Papua New Guinea,2025-03-07
C001836,Jay,Tucker,Male,tiffany80@example.org,Phillipsland,Maryland,Macao,2025-10-19
C001837,Janice,Powers,Male,kwilliams@example.org,Jordanfurt,Utah,Marshall Islands,2023-07-31
C001838,Dylan,Hayes,Male,wendy76@example.com,Derekmouth,Tennessee,Uganda,2023-06-15
C001839,Jamie,Mendoza,Female,heathjasmine@example.com,Lake Amy,Montana,Lebanon,2023-08-27
C001840,Devon,Munoz,Male,patriciareynolds@example.net,Lawsonchester,Texas,Puerto Rico,2021-09-19
C001841,Jose,Sellers,Male,ogarza@example.org,Lake Matthewstad,Wyoming,Dominica,2022-11-12
C001842,Michael,Johnson,,thomaslane@example.net,West Caitlynmouth,Nevada,Zambia,2022-11-08
C001843,Alan,Lee,Male,robert07@example.net,Portermouth,Minnesota,Equatorial Guinea,2022-05-12
C001844,Melissa,Willis,,allenkimberly@example.com,Port Henry,Indiana,Tokelau,2023-07-31
C001845,Mary,Gibson,Male,henrymccarthy@example.org,South Dakota,Wisconsin,Belarus,2025-09-30
C001846,Maria,Curtis,Male,hsimmons@example.com,South Frankport,Hawaii,Nicaragua,2025-12-25
C001847,Nathan,Roberts,,oray@example.org,Gregoryville,Nevada,Zimbabwe,2024-06-17
C001848,Jared,Gates,Female,jacobroach@example.net,Cooleyshire,Oklahoma,American Samoa,2022-01-16
C001849,Tiffany,Adams,Female,eadams@example.org,Payneland,New Hampshire,Kyrgyz Republic,2025-12-26
C001850,Katherine,Dorsey,,rossjames@example.org,Ginaton,Maine,Myanmar,2022-07-23
C001851,Jack,Conley,,jonramirez@example.net,Port Daniel,New Hampshire,Cayman Islands,2024-05-19
C001852,Kimberly,Hamilton,Female,ruthsmith@example.org,Lake Raymondmouth,Kentucky,Bahamas,2022-05-07
C001853,Michael,Chandler,,daniel93@example.net,East Steven,Hawaii,Senegal,2024-01-13
C001854,Amber,Miller,,shortjeffrey@example.net,West Theresashire,Nevada,Bahamas,2022-03-12
C001855,Russell,Barnes,,kbrewer@example.com,New Deanna,Minnesota,Costa Rica,2024-07-04
C001856,Joseph,Curry,,andrew08@example.net,Turnertown,Nebraska,San Marino,2024-01-16
C001857,Michael,Gutierrez,,jacksonamy@example.net,New Susanburgh,Rhode Island,Aruba,2022-05-25
C001858,Kelsey,Strong,Female,nicole39@example.org,Jonathonshire,Arizona,Myanmar,2022-09-10
C001859,Rachel,Bailey,,johnthompson@example.org,West Carlos,Georgia,Sudan,2023-06-09
C001860,Denise,Rivera,Female,wilsonnicole@example.org,Justinton,Iowa,Timor-Leste,2023-08-04
C001861,William,Spencer,Male,heather39@example.org,East Nancy,Maine,Thailand,2022-10-18
C001862,Samantha,Vargas,Female,adrianmedina@example.com,North David,Louisiana,Sao Tome and Principe,2022-12-01
C001863,Evan,Riley,Male,wdeleon@example.net,Edwardsberg,Arkansas,British Indian Ocean Territory (Chagos Archipelago),2022-04-12
C001864,Tammy,Morales,Female,castillokyle@example.com,Ernesttown,Missouri,Cocos (Keeling) Islands,2024-07-17
C001865,Michelle,Davidson,Female,rachelpeterson@example.org,East Randall,California,Reunion,2022-09-17
C001866,Timothy,Hall,,banderson@example.com,Floreshaven,South Dakota,United States Virgin Islands,2023-07-24
C001867,Patrick,Merritt,Female,jacquelinezamora@example.com,South Lindseybury,Alaska,Albania,2024-06-03
C001868,Eric,Harmon,Female,leslie24@example.org,East Janet,California,Guinea,2025-01-08
C001869,Michelle,Gomez,,clinton32@example.org,West Johnton,North Dakota,Thailand,2023-10-10
C001870,Samantha,Murray,Male,josejacobs@example.org,Heatherview,Florida,Cape Verde,2026-06-03
C001871,Walter,Young,Female,courtney58@example.org,Lake Sara,Alabama,Gabon,2025-06-04
C001872,Timothy,Williams,,kwalters@example.org,East Katherine,Pennsylvania,Namibia,2026-07-01
C001873,Russell,Davis,Male,martintanner@example.net,Susanview,Arkansas,Turks and Caicos Islands,2024-03-01
C001874,Dana,Floyd,Female,jill83@example.net,Port Malik,Nevada,Russian Federation,2025-07-15
C001875,Derek,Kramer,Female,singhjoseph@example.com,Lake Breanna,Hawaii,Guyana,2023-02-03
C001876,Jay,Deleon,Female,jillian19@example.com,New Erik,Idaho,Trinidad and Tobago,2023-04-27
C001877,Kari,Ferguson,Male,jessica62@example.com,Jacksonchester,Illinois,Namibia,2025-05-15
C001878,Nicole,Lucas,Male,rosalesgavin@example.org,West Christopher,Oregon,Montserrat,2022-06-10
C001879,Alexander,Smith,Female,sfoster@example.com,East Roberttown,Kentucky,Uruguay,2025-09-21
C001880,Matthew,Combs,Female,russell21@example.com,Deborahtown,Virginia,Djibouti,2024-08-21
C001881,Brendan,Wolf,Male,johnhines@example.net,East Ethan,New Jersey,Bermuda,2021-12-31
C001882,Brittany,Reyes,,nealrobert@example.org,South Todd,Arizona,Gibraltar,2023-07-26
C001883,Ricardo,Mclean,Male,dguerra@example.com,Bergfurt,Maine,Cuba,2025-02-09
C001884,Jennifer,Gomez,,armstrongjeremy@example.org,West Rodney,New Hampshire,Sweden,2023-09-11
C001885,Dwayne,Walker,,harrismichelle@example.org,Wilsonview,Maine,Rwanda,2022-01-12
C001886,Ryan,Taylor,,jenniferprice@example.com,Darrenborough,New Jersey,Christmas Island,2023-11-20
C001887,Donna,Price,Female,thomas60@example.com,Port John,Maine,Cocos (Keeling) Islands,2024-09-07
C001888,Brady,Ramirez,Female,elamb@example.com,Craigside,New Hampshire,Angola,2026-07-23
C001889,Mary,Snyder,,geraldterry@example.org,West Ann,New Hampshire,Gambia,2022-11-25
C001890,Joseph,Mack,,jefferyreed@example.com,New Madison,Oregon,Equatorial Guinea,2023-10-23
C001891,Kathleen,Smith,,morgan85@example.net,South Megan,Florida,Italy,2024-05-13
C001892,Blake,Watts,Male,jameshamilton@example.net,Bryantown,Alabama,Nepal,2023-04-06
C001893,Vincent,Rogers,Female,timothy42@example.org,Barberbury,Massachusetts,Slovakia (Slovak Republic),2024-07-07
C001894,Allen,Yates,,thomasjones@example.net,Williamsfort,Tennessee,North Macedonia,2023-08-15
C001895,Clifford,Walker,,joshua70@example.com,Millermouth,Tennessee,Togo,2023-04-29
C001896,Robert,Kemp,Male,yanderson@example.org,Tranland,Mississippi,Palestinian Territory,2023-01-19
C001897,Heather,Stone,Female,maysedward@example.com,New Megan,Alabama,Singapore,2024-02-25
C001898,Matthew,Terry,,psmith@example.com,Mullinschester,Arizona,Guadeloupe,2026-01-24
C001899,Jeremy,Wright,Female,robin98@example.org,North Randy,Tennessee,Kazakhstan,2024-11-23
C001900,Andrew,Sullivan,,kelleyderek@example.net,South Robert,New Mexico,United States Minor Outlying Islands,2024-06-09
C001901,Juan,Miller,Male,wiseshannon@example.net,Murphyhaven,Wisconsin,Greenland,2024-12-12
C001902,Lindsey,Williams,Male,kwalton@example.com,West Erin,Hawaii,Qatar,2024-02-21
C001903,Christine,Abbott,Female,barcher@example.net,Laurenmouth,Alaska,Tanzania,2024-12-02
C001904,Kevin,Taylor,Male,bensonbrian@example.net,Hubbardland,Ohio,Tonga,2023-07-29
C001905,Jennifer,Johnson,Female,dharris@example.org,Hinesshire,Utah,Ukraine,2025-12-19
C001906,Thomas,Harding,,katiehicks@example.net,Lake Wandaside,Hawaii,Liechtenstein,2022-03-02
C001907,Eric,Park,Male,kendrahall@example.org,Mclaughlintown,Ohio,Jamaica,2025-09-05
C001908,Kyle,Baker,,kmatthews@example.org,Lake Heather,Ohio,Poland,2026-05-03
C001909,Jimmy,Wilkerson,,susanturner@example.net,North Justinshire,South Carolina,Italy,2023-10-25
C001910,Victoria,George,Male,jensenlori@example.com,North Micheal,Rhode Island,Marshall Islands,2022-05-18
C001911,Yvonne,Hall,Male,donna30@example.net,Port Monica,Utah,Swaziland,2025-04-08
C001912,Steven,Ryan,Male,aruiz@example.com,Finleyview,Texas,Cyprus,2024-12-15
C001913,Matthew,Brewer,,garciadebra@example.com,Port Destiny,Colorado,Greenland,2021-07-28
C001914,Sheila,Hampton,Female,alvarezsharon@example.org,Mccoyton,New Hampshire,Turkmenistan,2021-10-21
C001915,Anthony,Soto,Female,holmesrachel@example.org,Mooreberg,North Dakota,Chad,2024-07-27
C001916,Robert,Thompson,,marissa85@example.org,South Dylanhaven,Texas,Mozambique,2026-05-25
C001917,Stephanie,White,,fwelch@example.org,Fernandezchester,Pennsylvania,Poland,2022-02-16
C001918,Carol,Kline,,jacksonthomas@example.com,North Angela,North Dakota,Burkina Faso,2025-10-08
C001919,John,Wilson,Male,reidlinda@example.com,Lake Rachel,Kentucky,Fiji,2022-11-30
C001920,Mark,Larson,Female,dawncook@example.net,Yoderland,Idaho,Algeria,2025-03-31
C001921,Kenneth,Stanley,Female,kennethsandoval@example.com,South Candice,Pennsylvania,Bermuda,2026-04-06
C001922,Eric,Walker,Female,john28@example.com,Sullivanton,Kansas,New Zealand,2023-06-14
C001923,Kathleen,Smith,Female,john52@example.net,Bobbystad,Iowa,Qatar,2025-05-22
C001924,Jonathan,Molina,Female,xclarke@example.com,East Morganview,North Carolina,Mayotte,2022-04-20
C001925,Michael,Love,Female,pbolton@example.net,Joshuafurt,Nebraska,Canada,2026-07-25
C001926,Susan,Hall,,jameslindsay@example.net,Campbellland,Florida,Holy See (Vatican City State),2024-06-22
C001927,Ashley,Washington,,denniswilliams@example.com,New Alice,Idaho,Chad,2026-05-17
C001928,Anne,Anderson,Male,ebutler@example.com,Thompsonstad,Missouri,New Zealand,2026-06-30
C001929,Regina,Gould,,briannamclaughlin@example.net,East Malik,Oklahoma,Saint Pierre and Miquelon,2023-12-15
C001930,Teresa,Hawkins,,cmckinney@example.net,West Sabrina,Nevada,American Samoa,2023-01-27
C001931,John,Fox,Female,millsmichelle@example.com,North Mark,Rhode Island,Marshall Islands,2025-04-19
C001932,Theresa,Greene,Male,vickiepowell@example.org,North Keithton,Tennessee,Palestinian Territory,2025-01-21
C001933,Sarah,Thomas,Female,fryekevin@example.net,Port Arthur,Maine,Saint Martin,2026-03-31
C001934,Chad,Turner,Male,harrislisa@example.com,Edwinside,New Mexico,Bulgaria,2021-09-24
C001935,Chloe,Graham,,marissa64@example.org,West Regina,Michigan,Niger,2026-06-01
C001936,Deborah,Brown,,jesusdecker@example.org,Holderchester,Rhode Island,Western Sahara,2025-07-27
C001937,Cindy,Green,Female,kmartinez@example.net,Lake Vanessastad,Montana,Martinique,2022-03-23
C001938,Adam,Wells,Female,john07@example.net,Ortizhaven,Nevada,Montserrat,2023-03-26
C001939,Timothy,Todd,Female,melissa04@example.org,Travisville,Virginia,Central African Republic,2023-02-26
C001940,Tamara,Douglas,,uguerrero@example.com,North Brettfort,New York,Congo,2024-10-11
C001941,Charles,Ewing,,bryan61@example.net,North Dwayne,Michigan,Syrian Arab Republic,2024-09-04
C001942,Mary,Harper,,garzazachary@example.org,South Billy,Maryland,Saint Martin,2022-06-26
C001943,Kelly,Davies,Male,melanie48@example.net,Port Josephchester,Alaska,Kenya,2025-04-25
C001944,Amanda,Cline,Female,lesliejones@example.org,Gutierrezland,Wyoming,Saudi Arabia,2024-08-10
C001945,Kristin,Soto,Male,christopher32@example.net,Christianstad,Missouri,Congo,2026-06-05
C001946,Benjamin,Cervantes,,william55@example.net,Lake Jillville,Massachusetts,Ukraine,2025-09-28
C001947,Jorge,Higgins,,pcaldwell@example.net,South Brandonfort,New Mexico,Afghanistan,2021-10-26
C001948,Alex,Sanchez,Male,loveluis@example.com,New Joshuatown,Wisconsin,Egypt,2024-08-02
C001949,Kristina,Gardner,Female,christopherryan@example.net,New Patrick,Wyoming,Central African Republic,2025-05-27
C001950,Joanna,Williams,Female,rose88@example.com,Courtneytown,Texas,Kenya,2024-03-27
C001951,Alexander,Myers,,cathymorgan@example.com,Heatherborough,Indiana,Saint Helena,2022-10-01
C001952,Jennifer,Anderson,,cantucassidy@example.com,Josephtown,North Carolina,United States of America,2024-02-07
C001953,Brian,Mack,,gfreeman@example.net,Riddleton,Rhode Island,Chile,2021-10-08
C001954,Erin,Wilson,Female,fernandezjennifer@example.net,Michelleland,Colorado,Cook Islands,2024-12-20
C001955,Renee,Cochran,Male,vgarcia@example.net,Angelaside,Arkansas,Guam,2022-05-19
C001956,Reginald,Lopez,,rodriguezdiana@example.org,Virginiaburgh,Georgia,Andorra,2023-02-18
C001957,Caroline,Ruiz,,alvarezstephanie@example.com,Kennethton,Ohio,Philippines,2026-01-10
C001958,Kendra,Sellers,Male,christopherchristensen@example.com,Reeseshire,Michigan,Saint Lucia,2022-10-14
C001959,Joseph,Walter,Female,alara@example.org,Whitemouth,Vermont,Senegal,2024-06-12
C001960,Sandra,Cox,,taylorpatrick@example.net,Allenstad,New York,Suriname,2024-05-05
C001961,Shane,Robinson,Female,dblack@example.com,South Joelfurt,Montana,Dominican Republic,2023-09-26
C001962,Alan,Williams,,hollandroy@example.org,North Micheleshire,Arizona,Nauru,2022-02-27
C001963,Frederick,Trujillo,Female,daniellethomas@example.org,New Joseburgh,Vermont,Cook Islands,2025-05-28
C001964,Steve,Watson,Male,xhorton@example.org,New Debraburgh,Montana,Armenia,2021-10-24
C001965,Jennifer,Jordan,,michelleford@example.com,Dorothyview,Louisiana,Norfolk Island,2024-07-08
C001966,Derrick,Flores,,heather53@example.net,North Angelaside,Delaware,Saint Barthelemy,2024-04-22
C001967,Paul,Soto,,justincombs@example.com,Raymondfurt,Hawaii,Tonga,2022-05-28
C001968,Laura,Watson,,snydertroy@example.com,Jamesbury,Nebraska,Bosnia and Herzegovina,2025-08-15
C001969,Mary,Collins,,ajohnson@example.com,Shieldsberg,Wisconsin,Italy,2026-01-28
C001970,Richard,Anderson,Male,lauren15@example.net,Anthonystad,Illinois,Pitcairn Islands,2021-08-02
C001971,Scott,Shelton,,hendersonlisa@example.com,Brownhaven,New Hampshire,Montserrat,2021-11-15
C001972,David,Scott,,clarkbrittany@example.com,Bradleyton,Virginia,Honduras,2026-05-30
C001973,Jessica,Diaz,Female,frazierluis@example.com,West Jenniferville,Oregon,Venezuela,2025-03-30
C001974,Katherine,Randolph,,vgraham@example.com,Carpenterchester,Michigan,Iceland,2025-12-29
C001975,Angela,Lee,Female,jennifer74@example.net,Fostertown,Mississippi,Poland,2023-11-29
C001976,Kelsey,Waller,Male,zabbott@example.net,New Josephtown,Tennessee,Bolivia,2024-05-20
C001977,Frank,Morrison,Female,nburns@example.org,Lake Jasmine,Vermont,Lesotho,2022-08-18
C001978,Felicia,Clark,Female,croberts@example.org,West John,Hawaii,Suriname,2023-07-17
C001979,Linda,Brandt,Male,lwilliamson@example.net,West Frederick,New Mexico,Uruguay,2022-10-01
C001980,Sarah,Moore,Male,denise02@example.org,North Barbara,Kentucky,Portugal,2026-07-11
C001981,Cameron,Jensen,Female,kathleenthompson@example.com,Devonport,New York,Palestinian Territory,2021-12-01
C001982,Brittany,Hernandez,Female,marshtimothy@example.com,West Meganmouth,Florida,Ukraine,2023-07-06
C001983,Robin,Ramos,Male,mcarroll@example.net,East Andreabury,Delaware,Antarctica (the territory South of 60 deg S),2021-08-01
C001984,Marisa,Kramer,Male,jasonmoore@example.com,East Trevor,New Jersey,Lao People's Democratic Republic,2022-08-28
C001985,Sheila,Perry,Male,friedmanrichard@example.com,Johnsonmouth,Alabama,Cote d'Ivoire,2024-05-11
C001986,Brian,Gray,Male,rogerslawrence@example.net,Derekport,Colorado,Saint Lucia,2025-09-08
C001987,Danielle,Moody,Male,jessica27@example.com,Lake Deborahchester,New Mexico,Slovenia,2025-05-11
C001988,William,Patterson,Female,ktaylor@example.org,Greertown,Arizona,Ecuador,2025-02-05
C001989,James,Romero,Male,cynthia64@example.com,West Ashleyview,Massachusetts,Nepal,2023-12-30
C001990,Brenda,Garcia,,tinahale@example.net,Goodmanside,Virginia,Fiji,2025-10-11
C001991,Carly,Jones,,vjohnson@example.net,Lisatown,Maine,Nepal,2025-01-28
C001992,Dorothy,Thomas,,bhampton@example.com,East David,Iowa,Nauru,2022-11-08
C001993,Parker,Anderson,,jenniferwillis@example.net,Lake Michelleville,Michigan,Nicaragua,2023-01-03
C001994,Sarah,Perez,Male,smithcharles@example.net,Kimburgh,Florida,United States of America,2022-07-13
C001995,Brittany,Schmidt,,sheila42@example.net,West Raymond,New Jersey,San Marino,2024-02-01
C001996,Travis,Boone,Female,reginaanderson@example.com,Brownside,Maine,Bangladesh,2023-07-04
C001997,Brandon,Terry,,heidiscott@example.net,Richardmouth,West Virginia,Morocco,2024-07-25
C001998,Teresa,Schmitt,Male,rjohnson@example.com,Parksview,Oregon,Singapore,2025-07-20
C001999,James,Gregory,,tashachase@example.com,East Randall,Delaware,Australia,2025-10-06
C002000,Brian,Beard,Female,zmiller@example.org,North Robertstad,Massachusetts,Saint Martin,2023-10-25
C002001,William,Tapia,Male,victor86@example.com,Karenstad,New York,Guinea,2022-01-24
C002002,Tammy,Scott,Male,ahill@example.org,Millsmouth,North Dakota,Solomon Islands,2025-08-12
C002003,Lindsey,Foley,Male,felicia51@example.com,Gomezmouth,Connecticut,Cape Verde,2022-06-10
C002004,Jonathan,Turner,,carrillobrianna@example.com,Adamborough,Illinois,Marshall Islands,2023-08-07
C002005,Amanda,Simmons,,maryhoover@example.org,South Andrewbury,Nebraska,Congo,2021-10-17
C002006,Cindy,Patrick,Male,eric38@example.net,Brownton,Vermont,Grenada,2025-03-23
C002007,Amber,Fitzgerald,,anthonyfranklin@example.com,East Josephshire,Alabama,Myanmar,2025-06-02
C002008,Dana,Colon,Female,kcarlson@example.com,Port Joseph,Georgia,Moldova,2022-11-28
C002009,Jason,Price,Male,alisha45@example.org,Harrisfurt,Wisconsin,Portugal,2024-01-11
C002010,Vanessa,Beltran,Female,berrytyrone@example.net,New John,Alaska,Tuvalu,2023-04-02
C002011,Maria,Juarez,Female,taylortoni@example.org,Lake Christina,Louisiana,Cameroon,2024-10-26
C002012,Lindsey,Williams,,taragomez@example.net,West Abigail,South Carolina,Tajikistan,2025-12-03
C002013,Taylor,Richard,,billydavis@example.net,Ortegafort,Maine,Martinique,2023-10-02
C002014,Michael,Diaz,Male,douglascarl@example.com,Victoriahaven,Washington,Cayman Islands,2022-07-29
C002015,Vincent,Fischer,Female,maryflores@example.net,Hortonview,Connecticut,Montserrat,2023-09-01
C002016,John,Miranda,,tashajordan@example.net,Jenniferfurt,Virginia,Nigeria,2025-05-08
C002017,Gabriel,Fisher,Female,hcarter@example.org,Port Tinaborough,Vermont,Afghanistan,2023-06-27
C002018,Hunter,Garza,,watsontina@example.net,South Amberberg,Maine,Slovakia (Slovak Republic),2022-04-19
C002019,Patrick,Cox,Female,anna69@example.net,South Sarahbury,Florida,Kuwait,2025-03-11
C002020,Jeffrey,Wells,Male,lweber@example.org,East Jeremy,Utah,Sweden,2024-06-07
C002021,Barry,Hess,,rstewart@example.net,Brownside,Louisiana,Sudan,2023-11-24
C002022,Sean,Morris,Male,chad76@example.com,Leeshire,North Dakota,Belarus,2026-07-06
C002023,Natalie,Stephens,Female,cameronkaitlyn@example.com,West Brandymouth,New York,Netherlands,2021-11-09
C002024,Bianca,Wood,Female,jjackson@example.org,Andreamouth,Nebraska,Costa Rica,2024-03-11
C002025,Michelle,Chung,Male,jross@example.org,Maldonadoburgh,Delaware,Vietnam,2024-09-21
C002026,Elizabeth,Johnson,Female,joanna88@example.org,New Deborah,Ohio,Mali,2024-10-13
C002027,Melanie,Mueller,,dixondennis@example.org,Smithfurt,Missouri,Saint Barthelemy,2025-05-15
C002028,Tammy,Johnson,,williamsbrenda@example.org,Maxwellshire,Oklahoma,Cambodia,2023-07-04
C002029,Catherine,Hall,Female,rebecca86@example.net,Catherinemouth,Arizona,Ecuador,2025-02-19
C002030,Bradley,Henry,Female,adixon@example.net,East Matthew,Vermont,Kiribati,2021-08-19
C002031,Tommy,Young,Female,cannonmary@example.net,North Marcus,Michigan,Norfolk Island,2021-10-12
C002032,Megan,Flores,Female,howarddawn@example.net,Williamsonbury,North Dakota,Falkland Islands (Malvinas),2025-02-13
C002033,Joshua,Williams,,tina83@example.org,West Calebfort,Arkansas,Pakistan,2026-03-02
C002034,Curtis,Hernandez,,tiffanymcguire@example.org,South Amanda,New Hampshire,Brazil,2023-03-10
C002035,Karen,Fuentes,Female,manningbrandi@example.com,Williamsonside,Arkansas,Tunisia,2025-12-24
C002036,Jesse,Beltran,Male,michael84@example.com,Cherryshire,Maine,Anguilla,2026-02-21
C002037,Veronica,Weiss,Male,bswanson@example.com,North Ryanberg,South Carolina,Ghana,2023-12-19
C002038,Katherine,Hunter,,mistykelly@example.com,Shawnburgh,Rhode Island,United States of America,2025-01-30
C002039,Dylan,Gonzales,Male,hickssuzanne@example.net,Lake Benjamin,Oregon,Switzerland,2022-01-04
C002040,Angie,Dorsey,Female,dawn33@example.org,Christopherstad,California,Mexico,2023-04-20
C002041,Joanne,Medina,Male,brobles@example.com,West Kelly,Missouri,Tanzania,2023-12-03
C002042,Jonathan,Thompson,,reedcrystal@example.com,Debrafort,Louisiana,Saint Vincent and the Grenadines,2026-03-24
C002043,Sarah,Wilson,Female,ramosmatthew@example.org,North William,Connecticut,Iraq,2024-05-22
C002044,Charles,Flowers,Female,patricia13@example.com,Elizabethfurt,Vermont,Tuvalu,2021-11-10
C002045,Brittany,Roth,,heathercochran@example.com,Lake Wendyshire,Washington,Tokelau,2022-03-12
C002046,Richard,Beck,Male,tashatownsend@example.org,South Suzanne,South Dakota,Guernsey,2026-05-31
C002047,Kaitlyn,Andrews,,lmann@example.org,South Nicholas,New Jersey,British Virgin Islands,2024-07-25
C002048,Nicholas,Perry,,acisneros@example.org,Juliebury,Louisiana,China,2025-08-16
C002049,Sandra,Taylor,Male,dennishale@example.org,Christinaside,Arizona,Barbados,2026-01-24
C002050,Jason,Kim,Female,aspencer@example.com,Christinatown,Connecticut,Lebanon,2025-11-20
C002051,Christina,Murphy,Male,joshua61@example.com,Anthonyburgh,Indiana,Ecuador,2025-06-14
C002052,Michael,Ellis,Male,bvelez@example.com,Port Lisa,Arkansas,Bouvet Island (Bouvetoya),2024-04-25
C002053,John,Walton,Female,krobinson@example.net,Jillfurt,South Carolina,North Macedonia,2023-03-29
C002054,Brandi,Moore,Female,toddgonzales@example.com,West Cathytown,Indiana,Vanuatu,2025-11-10
C002055,Laura,Olsen,,aaron25@example.com,Lake Jenniferborough,Louisiana,Slovakia (Slovak Republic),2023-01-04
C002056,Frances,Golden,Male,lcastillo@example.net,New Aaron,New Mexico,Saudi Arabia,2022-10-09
C002057,Jesus,King,Female,joshua15@example.net,Carterborough,Georgia,Guinea-Bissau,2022-01-11
C002058,Jose,Harrington,Male,dfox@example.net,Jasonberg,Vermont,Algeria,2023-01-05
C002059,Brandy,Mitchell,Male,bsimpson@example.com,New Jameshaven,Mississippi,Macao,2021-10-28
C002060,Cory,Horton,Female,fhanna@example.com,New Christopher,Colorado,Wallis and Futuna,2021-11-21
C002061,Jeremy,Olson,Female,gjackson@example.org,Lindseyland,Oklahoma,Korea,2022-01-19
C002062,Christina,Sullivan,Male,rodney25@example.com,South Dawntown,Georgia,Tonga,2023-09-15
C002063,Belinda,Gonzalez,Female,watsonjose@example.net,North Richard,Arkansas,Colombia,2022-07-17
C002064,Jackson,Shaw,Male,tiffany50@example.net,Ruthberg,Hawaii,France,2025-04-09
C002065,Cody,Kramer,Female,powelltimothy@example.org,Charlesmouth,West Virginia,Namibia,2024-05-25
C002066,Andrew,Bird,,pcoleman@example.org,East Derek,Florida,Fiji,2021-10-02
C002067,Vickie,Hall,Female,jackthompson@example.com,Taylortown,Connecticut,Panama,2025-04-06
C002068,Katherine,Jefferson,Male,changjonathan@example.com,East Barbara,Illinois,Denmark,2024-10-10
C002069,Michael,Holmes,Female,hoganeric@example.net,Matthewchester,Utah,Finland,2023-03-26
C002070,Jay,Lopez,Male,zevans@example.com,Pattersontown,Idaho,Estonia,2024-06-26
C002071,Russell,Lee,Female,julieblair@example.net,Johnmouth,South Dakota,Paraguay,2023-12-08
C002072,Rebecca,Nicholson,Male,dorothy85@example.org,Greerstad,Montana,Syrian Arab Republic,2025-06-09
C002073,Matthew,Thompson,Male,zholden@example.com,Annaland,Louisiana,Libyan Arab Jamahiriya,2025-05-21
C002074,Peter,Moore,Female,monicadixon@example.net,Butlerville,Louisiana,Lebanon,2025-06-25
C002075,Mike,Wright,Male,erik74@example.com,Cortezbury,Michigan,Cote d'Ivoire,2024-05-16
C002076,Holly,Lyons,,omartinez@example.net,Julieberg,Maine,Cook Islands,2025-12-15
C002077,Jasmine,Fritz,,jbradshaw@example.com,West Thomasburgh,Tennessee,Kuwait,2025-11-19
C002078,Heidi,Barnes,Female,juliepayne@example.org,Josephport,Nebraska,Mexico,2023-03-18
C002079,Kaitlyn,Sanchez,Male,gutierrezcraig@example.net,West Ariana,Pennsylvania,Northern Mariana Islands,2022-09-30
C002080,Charlene,Preston,Male,perrymichael@example.org,North Philliphaven,Tennessee,Congo,2025-01-15
C002081,Christopher,Sanchez,Male,edrake@example.org,Brownburgh,Wyoming,Switzerland,2025-06-07
C002082,Sherry,Hill,Female,jolsen@example.net,New Paulafurt,Washington,Falkland Islands (Malvinas),2024-06-08
C002083,David,Krause,Female,raymond39@example.com,Sandersmouth,Tennessee,Fiji,2025-10-04
C002084,Kaitlyn,Frey,,paulpark@example.com,Harrisborough,Rhode Island,Botswana,2023-11-13
C002085,Kaitlin,Richards,Male,alexander69@example.com,Lake Danielchester,Vermont,United States Minor Outlying Islands,2023-06-26
C002086,Kelly,Stevens,,rhayes@example.org,Flemingside,Iowa,Cuba,2023-03-18
C002087,Carol,Johnson,Female,wrodriguez@example.net,North Richardbury,Oregon,Netherlands,2022-12-05
C002088,Brenda,Juarez,Female,leejesse@example.com,South Samantha,Nebraska,Syrian Arab Republic,2023-12-23
C002089,Lauren,Krueger,,amanda14@example.org,Christopherton,California,Tonga,2023-09-27
C002090,Caroline,Johnson,Male,regina11@example.com,West Bethshire,Texas,Palestinian Territory,2021-12-24
C002091,Angel,Allison,Male,patriciajohnson@example.net,Castanedaville,Montana,United States Virgin Islands,2024-04-15
C002092,Antonio,Hanna,Male,wrightdrew@example.org,Waynemouth,Maryland,Micronesia,2022-11-15
C002093,Eric,Brown,Female,james60@example.net,Cunninghamville,New York,Taiwan,2026-04-06
C002094,Brittany,Harris,Male,ubrown@example.com,Port Jacquelineland,New York,Brazil,2022-08-01
C002095,Derek,Thornton,Male,sara02@example.com,Caldwelltown,Hawaii,Venezuela,2024-03-03
C002096,Leah,Davis,,wilsonmary@example.com,Loganfort,Vermont,Belarus,2025-06-06
C002097,Cathy,Booker,,xsweeney@example.com,Phillipschester,Illinois,Netherlands,2021-12-04
C002098,Angela,Maynard,,hardinvictor@example.net,Lake Valerieville,Oregon,France,2022-05-31
C002099,Darlene,Wilson,,natalie13@example.org,Jeffton,Nebraska,Nepal,2024-11-19
C002100,Tammy,Lopez,Female,russelljon@example.com,Garymouth,Idaho,Saudi Arabia,2024-11-05
C002101,Jodi,Barry,Male,taylormichael@example.com,Lake Stevenside,Rhode Island,Romania,2024-08-20
C002102,Abigail,Melendez,Female,ronald94@example.net,North Anthony,Connecticut,Nauru,2026-07-09
C002103,Jaclyn,Peterson,Male,qbailey@example.com,West Michael,North Carolina,French Polynesia,2025-12-31
C002104,Melissa,Lopez,Female,bryantpeter@example.org,Richardtown,Kentucky,Hong Kong,2025-12-08
C002105,Thomas,Alvarado,Male,carteryolanda@example.com,Port Jeffreyfurt,North Carolina,Oman,2026-05-07
C002106,Robert,White,Male,cobbwilliam@example.org,North Tanyachester,Nebraska,Mauritius,2024-07-25
C002107,Emily,Mcneil,Male,tuckeramanda@example.org,Russellborough,North Carolina,Saint Helena,2022-02-14
C002108,Michael,Sparks,Female,donaldthomas@example.org,East Angela,Maine,American Samoa,2024-03-31
C002109,Thomas,Cline,,michaelobrien@example.net,Anthonyview,Colorado,Argentina,2025-03-13
C002110,Angela,Chavez,,perezpamela@example.org,East Michaeltown,Wyoming,Germany,2022-07-15
C002111,Tammy,Acevedo,Female,fredday@example.net,Port Adrian,Nevada,French Guiana,2022-02-25
C002112,Isabella,Ortega,Male,chawkins@example.net,Warrentown,Florida,Vanuatu,2024-04-08
C002113,Melissa,Johnson,Male,curtis45@example.org,Chrismouth,Wisconsin,Brunei Darussalam,2025-07-02
C002114,William,Escobar,Female,keith86@example.com,Jessicaberg,Oklahoma,Argentina,2022-06-11
C002115,Darlene,Craig,,andrewwalker@example.com,Zavalaside,Tennessee,Russian Federation,2026-05-29
C002116,Emily,Perez,,contrerasconnor@example.net,Kingbury,Washington,Iraq,2024-07-19
C002117,Alexander,Olsen,Male,susan75@example.net,Heiditown,Ohio,Senegal,2022-12-16
C002118,Barbara,Doyle,,bmorrison@example.net,Lake Kennethberg,North Dakota,New Caledonia,2025-07-28
C002119,Ruben,Bennett,,pricerobert@example.org,South Katelyn,Mississippi,Kenya,2026-01-13
C002120,Christopher,Flores,,operry@example.com,West Brianaside,Arkansas,Burundi,2023-05-10
C002121,Cynthia,Hunt,Male,timothyross@example.net,Lake Chloe,Montana,French Polynesia,2022-11-30
C002122,Steve,Hood,,marcuswalter@example.org,Emmabury,West Virginia,Cambodia,2026-01-27
C002123,Grant,Turner,Male,wangjoshua@example.com,West Daniel,Michigan,Guam,2022-10-19
C002124,Morgan,Burke,Female,amanda57@example.com,South Grantfort,Oregon,Sudan,2023-06-18
C002125,Fernando,Martin,Female,wbrown@example.org,Lake Drew,Michigan,Peru,2024-07-25
C002126,Michael,Galvan,Male,morrisamanda@example.org,Perezview,Alaska,United States Minor Outlying Islands,2025-09-16
C002127,Cassie,Long,,ramoscory@example.com,New Dominic,Florida,Anguilla,2023-01-28
C002128,Richard,Weaver,Female,rebeccahoward@example.org,South Patrick,Indiana,Lebanon,2025-11-10
C002129,Mary,Foster,Male,loriwalton@example.org,Port Jerryburgh,North Carolina,Aruba,2023-01-28
C002130,Kimberly,Nicholson,,lopezbrandon@example.org,North Barbarabury,Indiana,Holy See (Vatican City State),2024-08-29
C002131,Tracy,Freeman,Female,smithdebbie@example.org,Russellfurt,Georgia,Colombia,2025-10-10
C002132,Nicholas,Robbins,Male,holly18@example.net,Michaelport,Alabama,Saint Lucia,2023-10-25
C002133,Whitney,Cain,,jeremymitchell@example.com,East Julia,Colorado,Hungary,2024-10-27
C002134,Taylor,Moon,,mitchellnicholas@example.com,Marymouth,Alabama,Slovenia,2025-04-08
C002135,Christina,Landry,Male,james91@example.org,Dicksonchester,Nebraska,Rwanda,2023-09-15
C002136,Brian,Thompson,,wwong@example.com,East Anthonyshire,Hawaii,Micronesia,2021-12-31
C002137,Isabella,Morris,Female,russellcharles@example.net,East Davidland,Utah,Brazil,2023-07-09
C002138,Connie,Frazier,Male,ojohnson@example.com,Harrisbury,Florida,Canada,2022-07-23
C002139,Tom,Ryan,,charlestaylor@example.net,Deborahstad,Nebraska,Cyprus,2026-02-15
C002140,Christopher,Mitchell,,catherinelee@example.org,Lake Johnmouth,Wyoming,United States of America,2022-10-17
C002141,Karen,Cunningham,,morganwarner@example.org,East Jordan,Minnesota,Netherlands Antilles,2024-11-10
C002142,Wayne,James,,davidmendoza@example.net,Dakotaside,Illinois,Spain,2024-12-24
C002143,Robert,Hudson,,paula82@example.org,North Kimberlytown,Missouri,Spain,2023-05-02
C002144,Isabella,Long,Male,ryanglenn@example.org,Bryceberg,New York,Cocos (Keeling) Islands,2026-07-14
C002145,Leslie,Reed,Female,tracydavenport@example.net,Edwardsfurt,South Carolina,Latvia,2026-06-15
C002146,Jorge,Alexander,Female,brianna22@example.com,Jeanville,Alaska,Gambia,2023-08-08
C002147,Devin,Smith,Male,klane@example.com,Patrickmouth,Delaware,Cambodia,2025-08-29
C002148,Brian,Fisher,,karenliu@example.net,Whitebury,West Virginia,Ghana,2025-01-28
C002149,Christina,Silva,Female,jonathanwiley@example.org,East Barbaraport,Nevada,Trinidad and Tobago,2025-06-24
C002150,Nathan,Smith,Female,kristincarter@example.com,Piercetown,Maine,United States Minor Outlying Islands,2023-04-17
C002151,Trevor,Bradley,Female,nathanielshields@example.com,South Andrewbury,Tennessee,New Zealand,2024-03-19
C002152,Clayton,Chavez,,kimlee@example.net,Lake Brian,Oregon,Qatar,2025-01-30
C002153,Levi,Robbins,Male,xfreeman@example.net,Smithborough,Nebraska,Norfolk Island,2022-08-31
C002154,Donald,Roy,Female,hgonzalez@example.org,Port Margaret,Alaska,Swaziland,2026-04-25
C002155,Brandon,Beasley,Male,wesley42@example.com,Kerriside,Indiana,Costa Rica,2026-07-13
C002156,Jason,Sweeney,Female,yjohnson@example.net,Lake Amber,Montana,Luxembourg,2025-03-09
C002157,Danielle,Terry,Male,vsmith@example.net,Catherineport,Nevada,Turkey,2026-02-23
C002158,Dean,Hart,,samantha49@example.net,North Michelleberg,Kentucky,Nigeria,2023-06-01
C002159,Michelle,Odonnell,,neilsummers@example.org,North Rachelport,Montana,Bouvet Island (Bouvetoya),2023-12-11
C002160,Kristin,Schmidt,,fernandezbrandon@example.net,West Jonathanland,Arkansas,Finland,2021-11-15
C002161,John,Bailey,Male,venglish@example.org,Port Mark,North Dakota,North Macedonia,2024-11-02
C002162,Joshua,Brewer,,ucollins@example.com,East Bobbytown,Connecticut,Uzbekistan,2023-08-01
C002163,Sarah,James,,crodriguez@example.net,Barryton,Georgia,Tuvalu,2023-11-18
C002164,Rhonda,Garcia,Female,timothygarcia@example.org,West Zacharyfurt,Nevada,South Georgia and the South Sandwich Islands,2024-02-26
C002165,Robert,Miller,Male,yserrano@example.com,Bethhaven,Illinois,Panama,2022-07-24
C002166,Robert,Alvarez,Male,ballmichelle@example.com,West Jake,Minnesota,Norway,2024-04-05
C002167,Brianna,Henderson,Female,ithornton@example.com,West Stephanie,Kansas,Mozambique,2024-11-05
C002168,Kaylee,Hicks,,erik62@example.org,Whiteheadfort,Michigan,Monaco,2021-10-13
C002169,Erin,Ryan,Female,sarah68@example.com,North Lisa,Wyoming,Cook Islands,2021-08-06
C002170,Kristina,Peterson,,rachelmurray@example.com,Jordanside,Tennessee,Cyprus,2022-11-03
C002171,Chad,Watson,Male,martindavid@example.net,Sherrychester,Connecticut,Dominican Republic,2021-08-03
C002172,Amy,Meyers,,nicholsanne@example.com,Lake Megan,South Dakota,Korea,2025-05-24
C002173,Jeffrey,Grimes,Female,stephanieleon@example.com,Gillespieville,Delaware,Turkey,2025-05-14
C002174,Kelly,Flores,,ydelgado@example.org,Port Carrietown,New Hampshire,United States of America,2021-12-24
C002175,Charles,Wilcox,Female,donald44@example.com,Lake Tamara,Minnesota,Saint Vincent and the Grenadines,2024-11-10
C002176,Melinda,Holt,,gduke@example.net,Michaelshire,Pennsylvania,Norfolk Island,2023-12-10
C002177,Nicholas,Mckinney,Male,zbailey@example.com,Russellton,Rhode Island,New Zealand,2025-03-08
C002178,Nicholas,Bond,Male,keithadams@example.org,Edwinport,Florida,Peru,2023-06-20
C002179,Jennifer,Gonzalez,Male,sweber@example.org,Port Christopher,California,Senegal,2022-11-10
C002180,Tracey,Warner,,ssmith@example.com,Powerschester,Arkansas,Serbia,2022-02-19
C002181,Trevor,Davidson,Female,millershirley@example.org,North Chadberg,Nebraska,Algeria,2021-09-20
C002182,Antonio,Morales,Male,elizabethkirk@example.com,Boyerborough,Iowa,Ghana,2023-01-05
C002183,Vincent,Clark,Female,mkline@example.org,West Ashleyfort,Oregon,Bermuda,2025-08-28
C002184,Patrick,Waller,Male,ymercer@example.com,Port Eric,Indiana,Bermuda,2026-04-12
C002185,Stephanie,Schwartz,Male,jhenderson@example.net,West Philip,Michigan,Estonia,2025-11-10
C002186,Brittany,Jackson,Male,ssantiago@example.org,Port Austinberg,Alaska,Mayotte,2023-07-10
C002187,Brandon,Torres,Male,utyler@example.org,New Katieview,Indiana,Swaziland,2022-04-13
C002188,Natalie,Morales,Female,jessicakoch@example.net,East Luke,Nebraska,Tanzania,2024-11-04
C002189,Jay,George,Female,lisadavis@example.org,Lake Benjaminton,North Dakota,Swaziland,2024-07-17
C002190,Jimmy,Tran,,acostalisa@example.com,East Alisonbury,Michigan,Qatar,2026-04-30
C002191,Caleb,Stephens,Female,colleenwilliams@example.net,North Sandra,Virginia,Cyprus,2024-09-25
C002192,Robert,Davis,,ilong@example.net,New Kristinaland,Florida,Burundi,2024-12-09
C002193,Roy,Jones,Female,kimberly47@example.org,Rhondabury,California,Switzerland,2025-11-19
C002194,Christopher,Petty,Female,emilyharmon@example.org,Crawfordborough,Rhode Island,Kiribati,2024-08-29
C002195,Kelly,Taylor,Male,burgessdonald@example.com,South Yolanda,Washington,Tonga,2023-05-07
C002196,Anthony,Chandler,,bburnett@example.com,New Tylerfurt,Florida,Palestinian Territory,2024-03-21
C002197,Lisa,Robinson,Male,ryanfox@example.net,Angelfurt,Wyoming,Slovenia,2024-10-07
C002198,Steve,Morales,Female,jackreynolds@example.com,New Hollyborough,New Hampshire,Norway,2023-07-21
C002199,Stefanie,Mayo,Female,gary89@example.net,South Kellyshire,Kansas,Sri Lanka,2023-02-26
C002200,Amanda,Taylor,Male,cindy77@example.org,Morrisfort,Missouri,French Polynesia,2021-09-09
C002201,Mary,Barr,,susan80@example.com,North Samanthaport,Delaware,Sierra Leone,2023-10-09
C002202,Patricia,Norman,Female,timothy93@example.net,Port Donstad,Montana,Guernsey,2025-07-29
C002203,Amanda,Alexander,Female,skinnerkyle@example.com,North Morganstad,Wyoming,Aruba,2021-08-02
C002204,Carrie,Green,Male,alexandrawest@example.com,Danielleton,South Dakota,Djibouti,2024-10-11
C002205,Kim,Lawrence,Female,martinezjessica@example.org,Cynthialand,Tennessee,Madagascar,2023-07-11
C002206,Connie,Snyder,Female,ashleycosta@example.com,Edwardburgh,Hawaii,Denmark,2025-10-27
C002207,Ricky,Clark,Female,waltersalfred@example.org,North Kimberlyfort,South Dakota,Congo,2021-08-31
C002208,Derek,Green,,rebeccacurtis@example.com,West Jacqueline,Oregon,Korea,2023-05-21
C002209,Terrence,Sparks,Female,virginia57@example.net,Port Dawnview,Maryland,India,2026-04-19
C002210,Susan,Richardson,Female,fgregory@example.com,Lake Omarfort,Indiana,Guyana,2024-10-18
C002211,Jon,Watson,Female,mark14@example.com,Kempside,Texas,Swaziland,2023-08-30
C002212,Sara,Palmer,Male,william48@example.net,Lake Shelby,Minnesota,Palau,2024-04-20
C002213,Roy,Moore,Female,ncollier@example.com,Gallegoshaven,Massachusetts,Dominican Republic,2022-05-03
C002214,Michelle,Shepherd,,ediaz@example.org,Johnchester,Wyoming,Spain,2024-08-13
C002215,Jeffery,Calderon,Female,kevin69@example.net,Michelleton,Minnesota,Anguilla,2025-05-20
C002216,Krystal,Flores,Female,wardjennifer@example.net,New Joseph,New Jersey,Chad,2025-03-25
C002217,Alan,Ellis,,gerald93@example.net,Lake Taylorbury,West Virginia,Liechtenstein,2026-02-07
C002218,Megan,Garza,Female,cynthia50@example.org,North Robertmouth,Oklahoma,Guernsey,2022-02-11
C002219,Benjamin,Anderson,Male,evansmatthew@example.net,New Clinton,Indiana,Guam,2022-09-13
C002220,Calvin,Stout,,kelsey33@example.com,Jacobville,Delaware,Cambodia,2022-10-05
C002221,Michael,Johnson,Female,richardlopez@example.com,Edwardchester,Utah,Hong Kong,2026-02-05
C002222,Linda,Cooper,Male,millstyler@example.net,New Jennifer,Minnesota,Guernsey,2023-01-11
C002223,Stephanie,Green,Female,zdavila@example.net,New Jesseville,Colorado,Lesotho,2024-11-22
C002224,Sandra,Cooper,,larry37@example.net,Port Robertfort,Idaho,Mayotte,2025-10-17
C002225,Robert,Gonzalez,Male,gwright@example.org,Lake Loganfort,Mississippi,Jamaica,2025-02-28
C002226,Kathryn,Burgess,,gscott@example.org,Johnsonview,North Dakota,British Indian Ocean Territory (Chagos Archipelago),2024-02-14
C002227,Kristen,Ramos,Female,alexishowell@example.org,Duncanland,Rhode Island,Syrian Arab Republic,2023-09-22
C002228,Andrew,Anthony,Female,stephanie67@example.org,Matthewmouth,Washington,Nicaragua,2025-09-03
C002229,Amber,Hardin,Male,robinpadilla@example.com,Perezville,Idaho,Zambia,2025-05-15
C002230,Juan,Perez,Male,parkermax@example.org,Debraton,Georgia,Heard Island and McDonald Islands,2024-08-09
C002231,John,Evans,Female,trevinoduane@example.org,North John,Florida,Latvia,2023-05-18
C002232,Nathan,Gray,,catherinebrown@example.net,Kellytown,West Virginia,France,2024-09-16
C002233,James,Miller,Female,deborahwright@example.net,Jeffreyland,Arizona,Poland,2024-10-31
C002234,Eric,Zavala,Female,rwebb@example.net,West Alfredberg,Utah,Myanmar,2022-02-20
C002235,Emily,Mcdonald,Female,petercasey@example.com,South Jasonburgh,North Carolina,Bouvet Island (Bouvetoya),2025-10-11
C002236,Donald,Mendez,,simontracy@example.net,East Corey,Oklahoma,Egypt,2023-07-21
C002237,Rachel,Buchanan,,drobinson@example.com,Wilsontown,Minnesota,Burundi,2024-05-23
C002238,Faith,Freeman,Female,wschneider@example.net,West Michelleton,Kentucky,Falkland Islands (Malvinas),2023-02-26
C002239,Alex,Mcneil,Male,andersondebbie@example.net,New Troy,South Carolina,Antigua and Barbuda,2026-01-01
C002240,Julie,Collins,,nicole29@example.com,Chavezfurt,Arkansas,Dominica,2024-10-22
C002241,Brandon,Smith,Female,joshuacohen@example.com,Kennethland,Ohio,Rwanda,2025-03-09
C002242,John,Coleman,Female,williamspamela@example.net,South Gerald,Arkansas,Tunisia,2025-04-26
C002243,Craig,Sanchez,Female,ibrown@example.com,East Aaron,Kansas,Mauritania,2024-11-08
C002244,Gary,Flynn,Male,anthonypierce@example.org,Port Emilyhaven,Delaware,Saint Kitts and Nevis,2025-06-19
C002245,Robert,Perry,,youngannette@example.net,Lake Shawnafort,Kansas,Saint Pierre and Miquelon,2023-06-20
C002246,Alexander,Curry,Female,deborah67@example.org,North Andrewberg,Colorado,Equatorial Guinea,2025-01-22
C002247,Cory,Williams,,dgentry@example.org,Allenside,Mississippi,Tunisia,2025-07-16
C002248,Laura,Lambert,Female,dalton37@example.org,Christopherville,Wyoming,Myanmar,2025-05-02
C002249,Cindy,Lindsey,Female,michael56@example.net,Thomasfurt,Minnesota,Guadeloupe,2023-07-07
C002250,Danny,Lopez,,pjimenez@example.com,Navarroville,Vermont,Saudi Arabia,2024-12-11
C002251,Vincent,Brady,Male,wallen@example.com,East Judyfurt,Wyoming,Kazakhstan,2024-04-14
C002252,Shelby,Watson,Male,gclark@example.org,Burgesston,Hawaii,Saint Lucia,2022-04-07
C002253,Grace,Pennington,,elizabeth14@example.com,Blackwellburgh,New York,Jamaica,2022-08-04
C002254,Jeffery,Phillips,,jonesstephen@example.org,Grantville,Mississippi,Colombia,2023-01-16
C002255,Jeremy,Burke,Female,aclark@example.com,Johnsonview,Missouri,Germany,2023-06-14
C002256,Tiffany,Hughes,Female,nmcintosh@example.com,North Anthony,Ohio,Cyprus,2023-12-31
C002257,Carrie,Davidson,,sdaniel@example.org,Barbaraburgh,West Virginia,Zambia,2022-04-16
C002258,Stephanie,Travis,,stanleygary@example.org,Riverabury,Louisiana,Bahrain,2021-10-13
C002259,Joseph,Bennett,,bethmiller@example.com,East William,Louisiana,Lesotho,2022-03-09
C002260,James,Miller,Male,griffinbrandy@example.com,Port Mariamouth,Utah,Kiribati,2024-03-12
C002261,Jessica,Copeland,Male,marissa74@example.net,Weberton,Massachusetts,Central African Republic,2026-03-20
C002262,Dennis,Henry,Male,ramirezmelissa@example.com,Kellyville,Oklahoma,Niger,2024-03-28
C002263,Curtis,Shepard,,reynoldstravis@example.net,Richardbury,Connecticut,Ireland,2022-07-26
C002264,Clinton,Carlson,,marissa72@example.net,Garciaport,Rhode Island,Isle of Man,2022-08-28
C002265,Robin,Hunter,Female,berrypatricia@example.net,South Alyssaburgh,Vermont,Australia,2022-02-18
C002266,Jamie,Morrow,Male,fjones@example.com,Port Felicia,Hawaii,Brazil,2023-07-06
C002267,Leah,Vazquez,Male,zmccall@example.org,South Christinahaven,Michigan,Ethiopia,2024-06-16
C002268,Karen,Williams,Male,sanchezemily@example.net,Karastad,North Dakota,Singapore,2023-03-26
C002269,Jeffrey,Neal,Male,erinstark@example.net,East Timothyview,Washington,Cuba,2024-08-02
C002270,Eric,Bartlett,,daniel41@example.net,West Angela,California,Norfolk Island,2025-04-06
C002271,Tina,Fry,Female,marilyn62@example.org,Lake Jacob,Arizona,British Virgin Islands,2025-01-17
C002272,Randall,Duncan,Female,michael13@example.net,Lucasville,Massachusetts,Iceland,2022-08-27
C002273,Brian,Allen,Female,hharper@example.net,Kimberlyton,Tennessee,Namibia,2023-09-17
C002274,Dorothy,Cox,,rtaylor@example.net,New Triciaburgh,Vermont,Botswana,2023-11-15
C002275,Cynthia,Mcclain,Male,debra16@example.com,North Natalieborough,South Carolina,Latvia,2022-07-11
C002276,Roy,Johnson,,davidsandoval@example.net,Theresaburgh,Maryland,Bulgaria,2024-10-26
C002277,Debbie,Moss,Male,clifford98@example.net,Port Lisa,Nebraska,Peru,2026-02-16
C002278,Jack,Young,,kyle01@example.net,Lake Krystalport,Louisiana,Chile,2023-01-18
C002279,Teresa,Salas,Female,eric02@example.net,Johnstad,Alabama,Qatar,2024-07-27
C002280,Scott,Bell,Female,wilsonjill@example.com,West Robertview,Alabama,New Zealand,2025-07-31
C002281,Justin,Parker,Female,james89@example.net,East Taylormouth,Maryland,Switzerland,2024-09-30
C002282,Kevin,Nguyen,Female,cohencindy@example.net,South Michelle,Texas,United Arab Emirates,2025-09-04
C002283,Chad,Day,Male,patrick94@example.org,North Cynthia,Idaho,Dominican Republic,2023-12-20
C002284,Jennifer,Reynolds,,xgreene@example.org,Jesusside,Missouri,Bermuda,2024-05-29
C002285,Christopher,Jones,Male,chelseasmith@example.net,Port Laura,Florida,Fiji,2024-11-01
C002286,Michele,Carter,,lcoleman@example.net,West Robert,Illinois,Sri Lanka,2023-01-24
C002287,Zachary,Munoz,Female,jonathankennedy@example.org,Grahamview,Washington,Argentina,2024-02-08
C002288,Kimberly,Cox,Female,gregory38@example.org,Acevedoberg,Oklahoma,Greenland,2023-04-14
C002289,Shannon,Harris,Female,lanemichael@example.net,Chelseafort,South Dakota,Tonga,2021-08-10
C002290,Ashley,Roman,,ncampbell@example.com,Port Michellefurt,Michigan,Aruba,2022-11-10
C002291,David,Dunn,Female,adamgill@example.net,Joshuaside,North Carolina,Zambia,2023-11-04
C002292,Sarah,Odom,Male,hestrada@example.com,Coleside,South Carolina,Mozambique,2022-11-09
C002293,Allen,Haynes,Male,pgraves@example.org,Silvaland,Kentucky,Nigeria,2023-10-08
C002294,Christopher,Johnson,Male,laurengreen@example.net,Garciafurt,New Mexico,Switzerland,2023-05-11
C002295,Ryan,Nguyen,,chase86@example.org,South Travisport,Kentucky,Mongolia,2026-01-01
C002296,Felicia,Harris,Male,tararichardson@example.net,Johnstonmouth,Alaska,Turks and Caicos Islands,2026-06-13
C002297,Sara,Nguyen,Female,brewerkimberly@example.com,South Matthew,Arizona,Burkina Faso,2025-09-09
C002298,Kara,Baker,,laurahamilton@example.com,West Laurie,Delaware,French Southern Territories,2026-05-13
C002299,Megan,Rivera,Female,ambersavage@example.com,Garnerfurt,Maryland,Malaysia,2026-07-13
C002300,Charles,Jenkins,,zacharyroberts@example.org,Villarrealton,Texas,Hungary,2022-07-18
C002301,William,Walker,Male,johnsonchristopher@example.org,Dunnfurt,Rhode Island,Grenada,2021-12-26
C002302,Lindsay,Wong,Female,malonedawn@example.net,Dylanfort,New Jersey,Guernsey,2024-03-09
C002303,Katherine,Williams,Female,paulperry@example.org,Lake Roberto,Kentucky,Gabon,2024-12-19
C002304,Jason,Larson,,mromero@example.com,East Daniel,California,Peru,2026-05-20
C002305,James,Wood,Female,tdavis@example.net,South Nicoleville,New Hampshire,Gabon,2022-12-19
C002306,Michael,Murray,Male,athompson@example.org,Sanchezfurt,New Hampshire,Mauritania,2023-02-18
C002307,Blake,Mendez,,qcervantes@example.com,Christinaport,Tennessee,Dominican Republic,2026-04-10
C002308,Mary,Marquez,Female,brianaallison@example.com,Cobbtown,Wisconsin,Slovenia,2022-10-07
C002309,Paul,Barnes,,qcampbell@example.org,Port Timothymouth,Minnesota,Belgium,2023-02-08
C002310,Sean,Gonzalez,Female,joneskaren@example.org,North Christy,Arkansas,Solomon Islands,2021-09-23
C002311,Jennifer,Duncan,Male,joanna65@example.com,Jessicaberg,Kansas,Samoa,2023-01-07
C002312,Jose,Sanchez,Male,diana65@example.org,Stephanieborough,Utah,Bulgaria,2026-04-11
C002313,Russell,Johnson,Male,hensleybenjamin@example.com,Port Yvonneland,California,Bahamas,2025-03-30
C002314,Lisa,Richards,Male,madison11@example.net,Bassland,Colorado,Mexico,2022-01-27
C002315,Olivia,Shaw,Female,rcobb@example.com,Jonesport,New Mexico,Kiribati,2023-09-10
C002316,Christopher,Day,Male,qdixon@example.org,Jennifershire,Nebraska,Iran,2024-12-03
C002317,Michele,Bass,,jeansmith@example.com,West Richard,Rhode Island,Namibia,2023-06-10
C002318,Alison,Montgomery,Female,jennifer33@example.org,New Janet,New York,Jamaica,2026-02-09
C002319,Melissa,Stewart,Male,nbecker@example.net,Thompsonberg,California,El Salvador,2021-11-03
C002320,Carlos,Liu,,tbennett@example.com,Shannonbury,Indiana,Micronesia,2024-07-09
C002321,Christopher,Chavez,Female,gary74@example.com,North Jacob,Rhode Island,Estonia,2022-12-23
C002322,Alvin,Prince,,sabrinaperez@example.net,Brewerstad,Colorado,Mauritania,2026-02-23
C002323,Evelyn,Fischer,Female,fgutierrez@example.com,Codyland,Indiana,Uruguay,2023-05-26
C002324,William,Lopez,,michaelbrooks@example.com,Bartonside,Colorado,Guernsey,2022-08-13
C002325,Christy,Rose,Male,dana17@example.net,Matthewton,Oregon,Mali,2023-01-31
C002326,Olivia,Leon,,rangelteresa@example.net,Riverahaven,Delaware,Honduras,2023-11-14
C002327,Katherine,Thompson,,sherridavis@example.org,Amandashire,Colorado,Mexico,2026-01-09
C002328,Kathy,Oconnor,Female,susanbrown@example.com,Lopezberg,Virginia,New Caledonia,2026-06-24
C002329,Gilbert,Melendez,Female,norrisnancy@example.net,Garnerbury,Wisconsin,Tanzania,2021-10-29
C002330,Briana,Bradshaw,Male,bryanedwards@example.com,West Christopher,Colorado,French Polynesia,2025-03-09
C002331,Christopher,Wright,,nicole55@example.org,North Malikton,Illinois,Bahamas,2025-08-11
C002332,Kenneth,Cole,,powerscory@example.org,Wardside,Maryland,Panama,2025-05-29
C002333,Luis,Russell,,zyoung@example.com,Vanessaport,Delaware,Slovenia,2024-05-11
C002334,Terri,Harper,,thomassheila@example.net,Matthewton,Nebraska,Gambia,2024-12-27
C002335,Sarah,Lowery,Male,johnsonteresa@example.net,Hendrixfurt,Vermont,Nicaragua,2022-01-12
C002336,Brian,Molina,Female,ernestwright@example.net,South Amandachester,North Carolina,Uzbekistan,2022-03-13
C002337,Gloria,Chen,,okelly@example.com,Lake Kimberly,South Carolina,Montenegro,2025-06-18
C002338,Stephanie,Johnson,Male,crystalcrawford@example.net,Lake Adamstad,Oregon,Denmark,2022-04-06
C002339,Lauren,Schultz,Male,travis28@example.net,Williamsborough,Hawaii,Cameroon,2021-09-19
C002340,Susan,Guerrero,Male,angelica97@example.net,West Linda,Oklahoma,Kyrgyz Republic,2026-04-07
C002341,Duane,Bailey,Male,matthew05@example.net,Lake Sarahhaven,Montana,Andorra,2025-08-06
C002342,Bradley,Tran,Male,laceydecker@example.com,South Kristaport,New Mexico,Estonia,2023-10-28
C002343,Linda,Schwartz,Female,bobby90@example.com,Lake Wayneshire,North Carolina,Greenland,2023-09-29
C002344,Sydney,Green,Male,davispaul@example.net,Ryanberg,Iowa,Malaysia,2024-05-12
C002345,Alyssa,Mcintosh,Female,yluna@example.com,Terrybury,California,Costa Rica,2023-07-07
C002346,Susan,Butler,,nicoletaylor@example.net,North Victoriaborough,Oklahoma,Hong Kong,2021-08-11
C002347,Joshua,Rivas,,elizabeth71@example.net,East Williamborough,Michigan,British Virgin Islands,2025-05-14
C002348,Jessica,Vincent,Female,jessica82@example.net,Kyleshire,Virginia,Sao Tome and Principe,2022-03-05
C002349,Steve,Elliott,Female,kruegerjesus@example.com,New John,Minnesota,Turkmenistan,2022-01-11
C002350,Jill,Wells,,wilkinsmark@example.org,Lake Jessica,New York,Algeria,2025-08-09
C002351,Jonathan,Dixon,Male,hbriggs@example.net,Davenportmouth,Missouri,Portugal,2024-11-14
C002352,Brittany,Jackson,,moniquemoore@example.org,Port Kathrynhaven,Indiana,Cape Verde,2022-10-17
C002353,Jason,Kim,Male,ronald46@example.com,Fowlerhaven,Alaska,New Zealand,2026-04-24
C002354,Joshua,Solis,Male,timothyadams@example.com,Mariahfort,Michigan,Cameroon,2021-12-17
C002355,Michael,Gonzalez,Female,wmorris@example.net,Carolburgh,North Carolina,Reunion,2024-09-05
C002356,Joshua,Erickson,Female,christopher14@example.net,Suttonburgh,Nevada,Kenya,2023-03-08
C002357,David,Goodman,,tylerchristine@example.com,Matthewview,South Carolina,Ireland,2023-05-06
C002358,Lucas,Saunders,,hcollins@example.net,Alexanderchester,Kansas,Vietnam,2025-03-07
C002359,Robin,Williams,Female,michaelgordon@example.org,Port Danielborough,Arizona,Belize,2025-05-11
C002360,Mark,Alvarez,,geraldcampbell@example.org,Katherineborough,Maryland,Sierra Leone,2024-11-17
C002361,Gary,James,Female,bradleyapril@example.com,Penaton,Colorado,Spain,2024-09-25
C002362,William,Johnson,Female,leonjames@example.com,North Marymouth,Iowa,Kazakhstan,2025-04-22
C002363,Nicholas,Ibarra,,vross@example.com,West Markview,Nebraska,Turkmenistan,2021-08-23
C002364,John,Moore,Male,bwilliams@example.com,Sarahfurt,South Dakota,Reunion,2022-04-03
C002365,Derek,Soto,Male,randallhorton@example.com,North Carolberg,Virginia,Marshall Islands,2025-09-02
C002366,Michael,Wallace,Female,leahdiaz@example.org,North Natasha,Minnesota,Gibraltar,2025-03-07
C002367,Melissa,Banks,,angelavalencia@example.net,Gibsonmouth,Oklahoma,Burundi,2022-01-05
C002368,Eric,White,Male,jeff95@example.com,Davidsonview,Maine,San Marino,2023-07-18
C002369,Sean,Lynch,Female,guerramaria@example.org,New Williammouth,New Mexico,Holy See (Vatican City State),2023-06-02
C002370,Eric,Byrd,Female,kerry49@example.org,Jamieville,Nevada,United States Virgin Islands,2022-12-11
C002371,Amber,Meyer,,zacharyschneider@example.net,Nelsonmouth,Nevada,Guernsey,2023-06-18
C002372,Luis,Hurst,,usmith@example.com,Deborahborough,South Dakota,Syrian Arab Republic,2023-02-04
C002373,Tracey,Reynolds,Female,gsandoval@example.com,Owenburgh,Georgia,Saint Kitts and Nevis,2021-07-30
C002374,Brandi,Saunders,Male,tuckerstacey@example.net,West Michelle,Minnesota,Cote d'Ivoire,2023-05-14
C002375,Steven,Martinez,,beckdaniel@example.com,Stevenbury,Wyoming,France,2024-08-21
C002376,Jose,Alvarado,,heather72@example.org,Sherrimouth,North Carolina,Guadeloupe,2023-07-29
C002377,Dale,Cooper,,zparker@example.net,Nancystad,New Jersey,Croatia,2024-08-30
C002378,Lee,Young,Male,amandalevy@example.com,Port Kimberlyshire,Minnesota,Libyan Arab Jamahiriya,2025-04-20
C002379,Kevin,Freeman,Male,valdezrichard@example.org,Courtneyville,Wyoming,Congo,2023-08-15
C002380,John,Harmon,Female,scott40@example.com,West Richardshire,New Hampshire,North Macedonia,2025-02-23
C002381,Jonathan,Werner,,zle@example.net,West David,Minnesota,Rwanda,2023-03-01
C002382,Matthew,Williams,Male,victorcampbell@example.net,Johnsonmouth,Alaska,Comoros,2024-08-10
C002383,Paul,Smith,Male,rbailey@example.org,Port Danielton,Missouri,Kuwait,2024-06-06
C002384,Debbie,Andrews,,sdaniels@example.net,New Larry,Utah,Bolivia,2023-07-22
C002385,Jane,Rodriguez,Male,beth38@example.net,Wallacebury,Minnesota,Congo,2025-07-09
C002386,Tommy,Allen,Female,jacqueline96@example.org,Brownberg,Florida,Martinique,2024-04-04
C002387,Joseph,Miller,Male,jerryreed@example.org,New Adrian,Louisiana,Comoros,2021-10-20
C002388,Taylor,Mathews,Male,traviscollins@example.net,South Richard,Utah,Uzbekistan,2022-09-10
C002389,Timothy,Ingram,Female,ealexander@example.net,Abigailtown,Illinois,Romania,2025-05-28
C002390,Teresa,Contreras,,sloanemily@example.org,Kimchester,Mississippi,Monaco,2025-08-20
C002391,Peter,Johnson,Male,terricooper@example.net,Youngfort,Pennsylvania,Yemen,2022-11-21
C002392,Kimberly,Jones,Female,lpatterson@example.org,Port Davidberg,Illinois,South Africa,2025-07-30
C002393,Charles,Sims,,marcomoore@example.com,North Brendaside,Oregon,Sri Lanka,2026-06-17
C002394,Megan,Patrick,Female,phillip57@example.com,Nicholasstad,Vermont,Croatia,2022-06-21
C002395,Glenda,Stewart,Male,sandra18@example.org,Christopherfurt,New Hampshire,Comoros,2024-02-14
C002396,Andrew,Morgan,Female,harrismargaret@example.net,Lake Brittanymouth,Washington,Japan,2024-02-18
C002397,Kimberly,Herrera,Male,michelle14@example.com,East Anthony,California,Eritrea,2024-11-16
C002398,John,Sanchez,,theresa11@example.org,Jacksonborough,Missouri,Algeria,2022-07-18
C002399,William,Johns,,dmora@example.com,Lake Ashleychester,Texas,Papua New Guinea,2023-12-25
C002400,Daniel,Stephens,Female,vbennett@example.net,Aaronchester,Tennessee,Liberia,2025-01-04
C002401,Cameron,Perry,Male,porterbobby@example.net,Hoffmanport,Connecticut,Macao,2023-07-08
C002402,Autumn,Williams,,paulevans@example.com,Scottchester,New Jersey,French Southern Territories,2022-02-10
C002403,Chloe,Morales,Female,jennifer39@example.net,South Kristenview,Oregon,Antigua and Barbuda,2026-05-24
C002404,Jennifer,Christensen,,perezdavid@example.net,Lake Susanmouth,Utah,Austria,2022-03-08
C002405,Chad,Boyer,,lopezvictoria@example.org,Marshalltown,New Jersey,Falkland Islands (Malvinas),2022-06-11
C002406,Susan,Nielsen,Male,georgedana@example.com,Port Nancy,Hawaii,Iran,2025-07-19
C002407,Donald,Wilson,,piercewilliam@example.com,Wyattberg,Rhode Island,Djibouti,2022-07-24
C002408,Victoria,Gardner,,james91@example.org,Coxbury,Massachusetts,Thailand,2021-12-27
C002409,Larry,Hull,Male,xberry@example.net,Davidburgh,West Virginia,Belgium,2023-02-01
C002410,Rebecca,Hubbard,,rhondasanchez@example.org,Michaelshire,Virginia,Liberia,2024-05-25
C002411,Alexander,Walker,,fgarcia@example.org,Lyonsborough,Arizona,Guatemala,2023-08-15
C002412,Shannon,Brown,Male,charles46@example.org,Christopherfurt,Kentucky,Mauritius,2025-08-12
C002413,Kathleen,Welch,Male,jason76@example.net,Dariusside,New Jersey,Serbia,2025-09-24
C002414,Stephen,Glenn,,amathews@example.com,Jeffreymouth,Tennessee,Tajikistan,2025-02-20
C002415,Brenda,Baldwin,,meganfowler@example.com,North Jeremy,Idaho,Estonia,2024-06-19
C002416,Robert,Poole,,wcook@example.com,Virginiamouth,Delaware,Slovakia (Slovak Republic),2021-07-26
C002417,Amy,Prince,,willisjaclyn@example.com,Port Dave,Colorado,Guatemala,2023-07-03
C002418,Melissa,Bruce,Female,timothygibson@example.net,Lisaport,New Mexico,Isle of Man,2025-09-22
C002419,Daniel,Williams,,cmyers@example.com,Emilystad,Nebraska,Guam,2023-11-15
C002420,William,Tyler,Male,garrettvega@example.org,Williamview,Utah,Anguilla,2025-05-11
C002421,Bethany,Lynch,Male,sue68@example.com,Smithchester,Missouri,Saint Kitts and Nevis,2024-07-08
C002422,Carla,Weeks,Male,hjones@example.org,Caseyfort,Arizona,Nigeria,2025-05-28
C002423,Scott,Alexander,Male,xgonzales@example.com,Port Destinyshire,Oregon,Uganda,2025-09-11
C002424,Drew,Walker,,vlawrence@example.com,Lake Kristenton,New Hampshire,Senegal,2022-10-04
C002425,Michael,Anderson,,qjackson@example.org,Fernandezburgh,Maine,Cook Islands,2022-05-21
C002426,James,David,Female,brettthomas@example.net,West Joshua,Alaska,Solomon Islands,2023-07-28
C002427,Jeanette,Johnson,,qknight@example.net,Lake Sally,Montana,New Zealand,2023-04-15
C002428,David,Peterson,Male,imorris@example.net,Christopherhaven,Michigan,Ecuador,2023-12-24
C002429,Mary,Johnson,,qhensley@example.com,Justinfort,Wyoming,Yemen,2023-04-09
C002430,Daniel,Nixon,Female,scottmichael@example.com,New Leah,Massachusetts,Egypt,2026-06-10
C002431,Robert,Holder,,michaelowen@example.com,Piercemouth,Ohio,Indonesia,2021-09-14
C002432,Henry,Perez,,garywright@example.org,Johnsonland,South Carolina,Saint Barthelemy,2026-01-31
C002433,Ann,Brandt,Male,stephanierowe@example.net,New Lisa,Oregon,Malta,2025-06-14
C002434,Erik,Blackwell,Female,zharris@example.net,West Laurieport,Oregon,Guyana,2025-07-21
C002435,Glenn,Roth,,ksexton@example.com,Kevinchester,Alabama,Dominica,2022-07-16
C002436,Ian,Hawkins,,ruizandrew@example.org,East Alisonport,Michigan,Poland,2021-12-17
C002437,Sheila,Thomas,Female,jessicadouglas@example.org,Lake Paigestad,Maryland,Haiti,2026-04-21
C002438,Carl,Hill,,qharvey@example.net,North Mirandaview,Montana,Israel,2022-03-23
C002439,Steven,Santos,Female,chanmichael@example.com,Kingburgh,Arkansas,Denmark,2025-11-27
C002440,Raymond,Olson,Female,kelly83@example.org,New Tammyhaven,New York,Cambodia,2026-01-29
C002441,Haley,Robinson,Male,simmonslaura@example.com,Seanberg,Iowa,Burkina Faso,2023-07-29
C002442,Charles,Figueroa,,vincent19@example.net,Smithstad,Arizona,Saint Helena,2022-02-06
C002443,Ryan,Lynch,Female,bcaldwell@example.net,West Charles,Florida,Aruba,2022-02-28
C002444,Anna,Dunn,Female,david32@example.net,Wilkinsonview,Oregon,Oman,2025-10-27
C002445,Karen,Richards,Female,brittneygarcia@example.net,Robinville,California,Japan,2025-10-11
C002446,Laurie,Brewer,Male,campbellfrederick@example.org,Cookmouth,Maryland,Qatar,2025-11-11
C002447,Wanda,Richmond,,kerrycochran@example.org,Mooreberg,Minnesota,Netherlands Antilles,2021-12-18
C002448,Sara,Young,Male,thompsondenise@example.com,Youngchester,Virginia,Somalia,2023-11-15
C002449,George,Walton,Male,james43@example.net,Michellemouth,North Dakota,Lithuania,2022-05-23
C002450,Terri,Bennett,Female,zrodriguez@example.net,Jeffreyhaven,Utah,Oman,2021-10-12
C002451,Eric,Moon,Female,hinesjeremy@example.net,Lake Kennethport,New Mexico,Mozambique,2025-11-20
C002452,Susan,Sims,Female,bradleyalbert@example.org,Halefort,Iowa,Lesotho,2023-08-23
C002453,Keith,Jackson,Female,sneal@example.org,West Jose,Georgia,Uzbekistan,2021-09-24
C002454,Robert,Greene,Male,larsonchristopher@example.com,North Erikaberg,New Jersey,Dominican Republic,2022-02-09
C002455,Jennifer,Goodwin,Female,lorifoster@example.org,Travismouth,Nebraska,Montserrat,2026-06-01
C002456,Alexander,Smith,,boyddavid@example.net,East Tiffany,South Carolina,Marshall Islands,2026-06-29
C002457,Joshua,Owen,Male,ericryan@example.org,Christinachester,Vermont,Liberia,2025-07-03
C002458,Laura,Miller,Female,john90@example.org,South Kayla,Hawaii,Saint Vincent and the Grenadines,2023-01-27
C002459,Jessica,Young,,alex32@example.net,New Benjaminton,Nevada,French Southern Territories,2025-10-12
C002460,Richard,Hancock,Female,kevin78@example.com,Port Joan,Massachusetts,Ghana,2022-11-12
C002461,Shawna,Klein,,gregory31@example.com,Georgeton,West Virginia,Jersey,2023-10-13
C002462,Michael,Roy,Female,christytorres@example.org,Matthewsview,Massachusetts,Timor-Leste,2022-08-17
C002463,Kimberly,Lawrence,Female,kyliebarker@example.org,Grantbury,Michigan,Korea,2022-07-22
C002464,Margaret,Mckenzie,Male,mcclainjohn@example.com,West Matthew,South Dakota,Ukraine,2025-10-04
C002465,Jared,White,Female,rodneygarcia@example.org,West Katherine,Kentucky,Angola,2024-09-25
C002466,Amber,Lee,,pmoore@example.org,Bradleyland,Montana,Australia,2022-03-12
C002467,Lorraine,Murphy,,freemanchristopher@example.com,Amandafort,Arkansas,Spain,2024-07-03
C002468,Tammy,Walters,Male,hilledwin@example.net,Staceyfurt,Maryland,Barbados,2021-12-16
C002469,Christine,Watson,Female,melissa25@example.org,South Kelliland,Pennsylvania,Bermuda,2025-10-15
C002470,Lynn,Oconnor,Male,rebecca53@example.net,Cherylview,Wisconsin,Bangladesh,2024-08-25
C002471,Nancy,Rodriguez,Female,ugarrison@example.com,Averyfurt,Nevada,South Georgia and the South Sandwich Islands,2022-09-20
C002472,Susan,Welch,Male,tinaortiz@example.org,Martinezchester,Florida,Tanzania,2025-10-29
C002473,Emily,Salas,Female,patricia63@example.com,North Morgan,Alabama,Kuwait,2023-09-30
C002474,Charles,Williams,Female,brianlawson@example.net,Masonstad,Texas,Pakistan,2023-09-01
C002475,Sean,Wiley,Male,james36@example.org,Lake Kathyton,Connecticut,Aruba,2021-12-16
C002476,Justin,Webster,Male,atkinsonjessica@example.net,South Mariah,North Dakota,Macao,2024-05-09
C002477,Amanda,Clark,Male,lauren61@example.com,New Alexandra,Nebraska,Malawi,2023-12-07
C002478,Amanda,Gomez,Male,sarah90@example.com,Lake Brittanymouth,Montana,Senegal,2024-05-08
C002479,Katherine,James,Female,alexandriasmith@example.org,Mooretown,Washington,Northern Mariana Islands,2026-06-26
C002480,Daniel,Barnett,Female,seth37@example.org,Roberttown,New Jersey,Maldives,2022-09-06
C002481,Jennifer,Norman,,brandonross@example.com,Dakotaview,Minnesota,Finland,2024-08-09
C002482,James,Murray,Female,greentimothy@example.net,South Nicholashaven,Washington,Israel,2023-10-25
C002483,Carlos,Hoffman,Male,fbarry@example.com,Michaelton,Minnesota,Paraguay,2024-08-09
C002484,Michael,Morales,Male,john18@example.org,Clarkberg,Alaska,Saint Helena,2021-09-23
C002485,Michael,Davenport,Female,roy33@example.com,Olsonbury,Alaska,Philippines,2022-07-26
C002486,Nicholas,Watts,,yrodriguez@example.org,Rodriguezport,Oklahoma,Liberia,2024-12-07
C002487,Alexander,Garcia,,elizabeth25@example.com,Manuelton,Michigan,French Polynesia,2024-07-07
C002488,Anthony,Holder,Female,wadebrenda@example.net,New Melanie,Montana,Norfolk Island,2023-11-10
C002489,Abigail,Mendoza,Male,nicholas63@example.org,Port Laura,Maine,Egypt,2024-03-13
C002490,Kelsey,Brown,Male,carpenterkelly@example.com,New Kyle,Iowa,Andorra,2024-01-10
C002491,Terri,Ramirez,Female,kfrey@example.net,Edwardsview,Nebraska,Saudi Arabia,2023-07-03
C002492,William,Crawford,,michaelboyd@example.com,East Matthew,New Hampshire,Slovakia (Slovak Republic),2023-03-15
C002493,Richard,Smith,Female,johnanderson@example.com,West Patrickmouth,New Hampshire,Timor-Leste,2025-10-22
C002494,Stephanie,Lopez,Female,hopkinsapril@example.net,Port Josehaven,South Dakota,Chad,2025-06-05
C002495,William,Odonnell,Female,chad66@example.org,Port Hectorshire,Florida,Libyan Arab Jamahiriya,2024-03-15
C002496,Kelly,Hill,Female,silvapatrick@example.org,Millerberg,New Mexico,India,2024-08-16
C002497,Maria,Patrick,Male,kevin20@example.org,Port Tiffany,Vermont,Moldova,2022-04-24
C002498,Amanda,Copeland,Male,jennifersanchez@example.com,South Chase,Mississippi,Armenia,2022-09-12
C002499,Charles,Houston,Female,gentryanthony@example.org,Sheltonshire,Delaware,Uruguay,2022-11-19
C002500,David,Farmer,,fsmith@example.org,Shawnland,North Carolina,Montenegro,2025-09-25
C002501,David,Garcia,Female,jessicaboone@example.com,West Jessica,Nebraska,Monaco,2024-04-29
C002502,Kimberly,Roberts,Male,robinsonchristian@example.org,Port Chad,Connecticut,Bouvet Island (Bouvetoya),2026-04-15
C002503,Yvonne,Hart,Male,collinsstacy@example.com,Lake Janeburgh,Massachusetts,North Macedonia,2022-02-22
C002504,Morgan,Barnett,,larry08@example.com,Smithview,Arkansas,Sri Lanka,2026-07-25
C002505,Paul,Garcia,Female,erose@example.org,North Jose,Minnesota,Serbia,2026-02-13
C002506,Joseph,Wells,Male,stephenstanley@example.com,Krystalmouth,Washington,Ethiopia,2021-09-13
C002507,Jason,Kaiser,Male,nbaker@example.net,Smithbury,Kansas,New Caledonia,2022-02-05
C002508,Jeremy,Adkins,Female,christopher64@example.org,Port Paulbury,Hawaii,Japan,2025-05-12
C002509,Shannon,Hall,Female,warnerangela@example.com,Schaeferfurt,Kansas,Benin,2024-12-29
C002510,Barry,Johnson,,sschneider@example.com,East Marcfurt,Arizona,Iceland,2026-03-22
C002511,Andrew,Campbell,,stephanie67@example.net,Nancyfurt,Wyoming,North Macedonia,2024-09-30
C002512,Lisa,Garza,,zachary70@example.net,South Lindsey,Alaska,Austria,2026-03-05
C002513,Stephen,Mcdonald,Female,wallacestephanie@example.org,Edwardsport,Rhode Island,Congo,2025-08-11
C002514,Lisa,Villa,Female,hrose@example.org,Rodriguezchester,Arkansas,Argentina,2022-12-15
C002515,Andrew,Weeks,,justin15@example.com,Westbury,Iowa,Djibouti,2024-11-23
C002516,April,Alvarado,Male,vmercer@example.com,East Ashley,Connecticut,Lesotho,2025-06-13
C002517,Anthony,Clark,Male,michaelmeadows@example.org,Christinashire,Pennsylvania,Cocos (Keeling) Islands,2023-06-28
C002518,Richard,Bailey,Female,vrobbins@example.net,Hollandmouth,Kansas,Bosnia and Herzegovina,2026-07-16
C002519,Jay,Bradley,Male,kathryn24@example.net,Robbinsberg,Illinois,Somalia,2025-04-19
C002520,Ann,Bailey,Female,qhodge@example.org,Port Timothy,Missouri,Micronesia,2023-11-01
C002521,Christopher,Haynes,,joshuagonzalez@example.org,Loweryfurt,New Hampshire,Vietnam,2021-09-24
C002522,Adam,Cox,Female,woodsjeremy@example.com,Lawsonville,Virginia,British Virgin Islands,2023-07-05
C002523,Matthew,Long,Female,sarahwatson@example.com,Turnerborough,Pennsylvania,Martinique,2025-01-13
C002524,Seth,Garcia,Female,elaine55@example.com,Port Morganbury,Kentucky,Panama,2022-03-24
C002525,Heather,Hendrix,Male,vsanders@example.net,West Marco,Rhode Island,Syrian Arab Republic,2025-10-30
C002526,Brian,Johnson,Female,pedrobrown@example.org,Port Susanville,Texas,Sierra Leone,2025-04-25
C002527,Christopher,Murphy,Male,perrymeghan@example.com,New Jonathan,Kentucky,Sierra Leone,2025-04-20
C002528,Courtney,Miller,,foleyaaron@example.net,Lake Kathryn,North Dakota,Timor-Leste,2023-01-30
C002529,Teresa,Collier,,duranglenda@example.net,Woodsborough,Utah,Venezuela,2022-08-28
C002530,Bryan,Ortega,Male,snyderpamela@example.com,Lake Victoria,Mississippi,Ghana,2025-03-10
C002531,Chad,Taylor,Female,bartonalyssa@example.org,North Robert,Wisconsin,Belgium,2024-03-13
C002532,Tracey,Short,,castillobryan@example.net,Port Anthony,Illinois,Isle of Man,2022-11-16
C002533,Darren,Burton,Female,rodneylopez@example.net,South Melaniechester,Louisiana,American Samoa,2025-10-01
C002534,Dylan,Harrington,Male,marquezjessica@example.net,West Donald,Ohio,Canada,2025-12-29
C002535,Cynthia,Morales,Female,lbuck@example.com,South Brandy,Rhode Island,Tanzania,2024-09-09
C002536,Manuel,Dalton,,lawrencemeadows@example.com,Jonathanhaven,Louisiana,Senegal,2026-05-17
C002537,Laurie,Burgess,Female,uwang@example.net,Hunterville,California,Georgia,2025-06-25
C002538,Jeffrey,Williams,,andrew80@example.com,Mendozamouth,Massachusetts,Reunion,2023-04-22
C002539,Emily,Harrington,Female,wiserenee@example.net,Port Timothy,New Mexico,Vanuatu,2024-08-13
C002540,George,Kelly,,wattsalfred@example.net,Stephaniebury,New Jersey,Chile,2022-02-23
C002541,Gregory,Ramsey,,bfoster@example.org,East Mario,Maryland,Barbados,2024-03-29
C002542,Adam,Dean,,diane99@example.com,Hammondmouth,Oregon,Congo,2024-07-29
C002543,Michael,Burns,Male,kathryn19@example.net,West Jennifer,Louisiana,Pitcairn Islands,2021-12-28
C002544,Caleb,Leonard,Male,drichmond@example.org,Lake Allison,Georgia,Guinea,2023-07-13
C002545,Denise,Roy,Male,garciamichael@example.net,Jessicaburgh,Indiana,Cote d'Ivoire,2021-09-19
C002546,Alexis,Williams,Female,chuber@example.net,New Tamara,South Dakota,El Salvador,2026-07-16
C002547,Angelica,Dixon,Female,suzanneroberson@example.org,North Pamelahaven,North Dakota,Cook Islands,2021-12-25
C002548,Dana,Perez,Female,wjarvis@example.com,Edwardtown,New Mexico,Burkina Faso,2021-08-07
C002549,Christina,Kirk,,devin74@example.net,South Evelynburgh,New York,New Zealand,2025-01-21
C002550,Kathleen,Clark,Female,knguyen@example.net,Michaelland,Utah,Russian Federation,2021-08-30
C002551,Susan,Dyer,Male,palmerchristine@example.net,Jenniferberg,Nevada,Turkey,2022-06-06
C002552,Hannah,Smith,Male,csmith@example.org,East Marco,Georgia,Samoa,2024-11-02
C002553,Jerry,Thornton,,elizabethvega@example.net,Jamesmouth,Michigan,Sri Lanka,2022-08-04
C002554,Danny,Graham,,melissacastro@example.net,Port Robertfurt,Iowa,British Virgin Islands,2023-09-05
C002555,Rachel,Simmons,Female,ehuff@example.net,Albertborough,Alabama,Equatorial Guinea,2023-06-08
C002556,Renee,Brown,,priceryan@example.com,Smithside,Maine,French Guiana,2025-07-06
C002557,Mark,Johnson,Male,jessica17@example.com,Douglaschester,Vermont,Chile,2024-02-23
C002558,Brenda,Phillips,Male,howardlouis@example.org,Gilbertchester,Connecticut,Saint Martin,2025-02-28
C002559,James,Rivera,Male,jeanettewatson@example.net,Lake Francisco,Texas,South Africa,2026-06-19
C002560,Selena,Nguyen,Male,traceywong@example.net,Jimmyview,West Virginia,Azerbaijan,2026-05-05
C002561,Melissa,Torres,,vthompson@example.net,New Michael,Wyoming,Botswana,2021-12-31
C002562,Robin,Parsons,Female,luis62@example.com,Padillaside,Ohio,Christmas Island,2023-07-30
C002563,Jeffrey,Bird,Female,amanda03@example.org,Rebekahstad,Ohio,Uganda,2025-07-22
C002564,Adrian,Malone,,iwilson@example.com,Port Pamelaport,Florida,Christmas Island,2024-08-11
C002565,Patricia,Richardson,Female,susan45@example.net,North Mark,Minnesota,Mongolia,2023-08-08
C002566,Manuel,Crawford,Male,rodriguezjacob@example.com,North Jeanne,Wisconsin,Greenland,2023-11-27
C002567,Teresa,Ramos,,mark11@example.com,New Ashleystad,North Dakota,Montserrat,2023-11-22
C002568,Stacy,Yates,,humphreydonna@example.org,North Kimberly,Illinois,Hong Kong,2025-02-10
C002569,Brooke,Bennett,Male,sextonjames@example.com,Beckerland,Florida,Paraguay,2024-02-08
C002570,Becky,Black,Female,adrianmcneil@example.com,Peterville,West Virginia,Brazil,2025-04-22
C002571,Jessica,Armstrong,,mray@example.org,Garciamouth,Vermont,India,2026-03-30
C002572,Rita,Chase,Female,jasonrhodes@example.net,Nicoleberg,North Carolina,Haiti,2025-03-27
C002573,Sylvia,Hoffman,Male,ghunt@example.net,Kimberlyshire,New Jersey,Indonesia,2025-01-18
C002574,Brett,Blankenship,Female,newmanthomas@example.com,Christinaport,Louisiana,Germany,2023-11-18
C002575,Rachel,Hopkins,,joshua07@example.com,Lake Ronald,Missouri,Northern Mariana Islands,2025-06-03
C002576,Matthew,Pena,,kayla59@example.org,Johnsonview,Kansas,Guam,2024-06-19
C002577,Samantha,Clark,Female,stephanie90@example.com,Coxmouth,New Hampshire,Madagascar,2025-05-07
C002578,Sandra,Crawford,,zwade@example.net,South Thomasport,Indiana,Gambia,2024-12-14
C002579,Tracy,Moses,Female,brianramos@example.net,Port Gloriamouth,New Jersey,Iceland,2022-01-13
C002580,Samantha,Walsh,,lesliejohnson@example.net,South Williamborough,Missouri,Myanmar,2022-05-08
C002581,James,Baldwin,,justin33@example.com,Davidside,Michigan,Pitcairn Islands,2025-05-25
C002582,Jessica,Walker,,sarahvega@example.com,Jamesmouth,Kansas,Germany,2025-01-14
C002583,Jennifer,Lamb,Female,cindy24@example.net,East Donaldberg,Kansas,Ethiopia,2023-12-23
C002584,Charles,Coleman,,olivia93@example.net,Leestad,Vermont,Korea,2026-07-02
C002585,Bobby,Holden,,williamsdaniel@example.com,East Robertport,Kentucky,Vietnam,2026-03-27
C002586,Michael,Hill,Female,hlloyd@example.org,New Anneland,South Dakota,Cameroon,2023-12-15
C002587,Jessica,Floyd,Female,cnguyen@example.net,Garciaberg,Hawaii,Trinidad and Tobago,2022-04-25
C002588,Tiffany,Banks,Male,diazkenneth@example.com,Johntown,Kentucky,Heard Island and McDonald Islands,2023-06-01
C002589,Lisa,Peterson,Female,brent63@example.net,Royfort,New York,Libyan Arab Jamahiriya,2025-05-29
C002590,Catherine,Chambers,Female,jessetaylor@example.com,New Jennifer,Arkansas,Estonia,2024-12-16
C002591,Robert,Johnson,,heathersummers@example.com,Leberg,Nevada,Tuvalu,2026-03-19
C002592,Andre,Arroyo,Male,edwardelliott@example.com,Ericafurt,Connecticut,Kuwait,2025-06-07
C002593,Benjamin,Schneider,Female,ujohnson@example.org,Erikaburgh,Arizona,Azerbaijan,2022-08-08
C002594,Melinda,King,,bryantcarol@example.org,South Ianland,Oklahoma,Pakistan,2022-07-14
C002595,John,Parks,Female,briannareid@example.org,New Samantha,Tennessee,New Zealand,2022-04-20
C002596,Aaron,Rogers,,castilloerik@example.com,Port Brianside,Florida,Turks and Caicos Islands,2022-04-17
C002597,Jesse,Ford,,hunter05@example.com,Travisside,Ohio,Tuvalu,2023-10-16
C002598,Garrett,Kelley,,bryanlee@example.org,North Tinaburgh,Nebraska,Morocco,2024-05-02
C002599,Rachel,Green,Male,ldiaz@example.com,Lake Nicole,New York,Ireland,2021-08-19
C002600,Ashley,Cardenas,,lucasolivia@example.com,Mooreview,Michigan,Christmas Island,2023-05-17
C002601,Jeff,Pierce,Female,taylor88@example.com,South Adamview,Nebraska,Ghana,2023-12-17
C002602,Stephen,Dillon,Female,nmiller@example.net,Ashleyberg,Ohio,Gambia,2022-05-05
C002603,Alexandra,Pope,,williamzhang@example.com,Lake Dawnfurt,Kentucky,British Indian Ocean Territory (Chagos Archipelago),2023-10-03
C002604,Aaron,Gonzalez,,hjones@example.com,West Paulfurt,Ohio,Malaysia,2021-08-14
C002605,James,Vaughn,,egray@example.net,Cynthiaberg,New Jersey,Myanmar,2024-03-08
C002606,Priscilla,Beard,Male,dennis53@example.com,Christopherfurt,Alaska,Belize,2024-06-13
C002607,Christopher,Jensen,,angela87@example.org,South Aaronhaven,Wyoming,Saint Kitts and Nevis,2024-12-28
C002608,Todd,Villanueva,Male,george77@example.net,Lake Stacyfort,Maine,Azerbaijan,2022-12-28
C002609,Jeffrey,Proctor,,jessica96@example.com,Lake Rhonda,Nebraska,Belize,2024-11-30
C002610,Mark,Jones,Female,houseashley@example.org,Lake Taylorville,New York,Moldova,2025-04-02
C002611,Anthony,Thompson,Male,brandon54@example.net,Martinbury,Virginia,Pitcairn Islands,2024-08-27
C002612,Antonio,Smith,,christineblackwell@example.com,Adamsmouth,Utah,Puerto Rico,2024-11-01
C002613,Michelle,Cook,,mirandahenderson@example.net,Goodmanview,Wisconsin,Chad,2023-04-20
C002614,Patrick,Gregory,,elizabeth20@example.com,South Justinstad,Wyoming,Saint Helena,2022-08-15
C002615,Kelly,Pugh,,christopher33@example.com,Port Sean,Nevada,South Africa,2025-04-29
C002616,Judith,Wise,Female,hgray@example.net,Wangtown,North Dakota,Ghana,2023-04-14
C002617,Katie,Stokes,Male,qturner@example.org,Abigailfurt,North Dakota,Malawi,2021-12-17
C002618,Joshua,Salazar,,lewislori@example.com,Jacksonton,Utah,Guinea-Bissau,2023-10-15
C002619,Joseph,Johnson,Male,qclark@example.com,West Dustin,New Hampshire,Saint Pierre and Miquelon,2024-07-10
C002620,Colton,Wilson,Male,bartlettapril@example.net,New Johnchester,North Carolina,New Zealand,2024-05-02
C002621,Wendy,Morris,,lorijones@example.com,Wilsonborough,Arkansas,Svalbard & Jan Mayen Islands,2024-11-11
C002622,Jennifer,Gonzalez,,heather80@example.org,East Diane,Nebraska,Estonia,2022-05-04
C002623,Christina,Vaughan,Male,alanyork@example.com,Port Autumn,New Mexico,Uruguay,2025-07-11
C002624,Michelle,Higgins,Male,tanyanash@example.com,Bonillaview,Rhode Island,Saint Lucia,2024-04-07
C002625,Sean,Hughes,Male,greg37@example.org,Griffithview,Utah,Lebanon,2026-07-02
C002626,Nichole,Miller,Female,lmiller@example.com,Amandaview,Minnesota,South Georgia and the South Sandwich Islands,2022-04-15
C002627,Marilyn,White,Female,blin@example.net,Lawrenceside,North Dakota,Kyrgyz Republic,2026-04-09
C002628,Mark,Ramirez,Female,nicole41@example.org,Adamberg,Washington,Vietnam,2024-06-21
C002629,Heather,Lewis,Male,vazquezsydney@example.com,Lake Shawn,Texas,Bahrain,2026-07-04
C002630,Bonnie,King,Female,zacharyjohnson@example.org,Mckenziehaven,Maine,Solomon Islands,2023-01-15
C002631,Cassandra,Henderson,,richard15@example.com,Taylorberg,Vermont,Uruguay,2022-10-07
C002632,Paula,Church,Male,ajohnson@example.com,Aprilmouth,Iowa,Bosnia and Herzegovina,2023-06-18
C002633,David,Anderson,Female,john03@example.com,Port Nicole,Tennessee,Saint Barthelemy,2025-04-27
C002634,Travis,Herrera,,justinbryant@example.com,Lopezland,Connecticut,Bulgaria,2024-09-10
C002635,Jason,Hale,,lstephens@example.net,Ryanton,Montana,Israel,2021-12-14
C002636,Heidi,Evans,Female,william63@example.com,Nguyenport,Colorado,Mali,2026-03-21
C002637,Frederick,Bond,,matthewjones@example.org,Reynoldston,Massachusetts,Syrian Arab Republic,2026-04-30
C002638,Joseph,Lawrence,,gregory82@example.net,Shaneton,Michigan,Cape Verde,2021-10-15
C002639,Christian,Robinson,Male,lisafernandez@example.com,Port Jessicaburgh,Indiana,Samoa,2022-05-13
C002640,Alvin,Dillon,,smills@example.org,Noblefort,Ohio,Iceland,2022-03-31
C002641,Shirley,Park,Male,jacob28@example.com,Jarvisbury,Georgia,Albania,2024-02-05
C002642,Roberta,Cole,,mariahkim@example.org,South Hunterside,Iowa,Swaziland,2022-09-04
C002643,Dana,Reed,Male,timothy56@example.org,Lake David,New Hampshire,Luxembourg,2024-10-15
C002644,Katie,Brown,,jason85@example.net,Robinsonberg,Wyoming,Kyrgyz Republic,2022-09-02
C002645,Cynthia,Bryan,Female,andreacabrera@example.com,West Jennaview,Arizona,Serbia,2025-03-14
C002646,Elijah,Peterson,,rebekah89@example.net,New Laura,New Jersey,Pakistan,2021-10-04
C002647,Damon,Perry,Female,wardbrandy@example.net,Ricardomouth,Iowa,Marshall Islands,2023-07-10
C002648,Kristin,Russo,,tfranklin@example.com,Juliechester,New York,San Marino,2022-09-16
C002649,Jacob,White,Female,hannafrank@example.net,Michaelmouth,Vermont,Kazakhstan,2021-09-16
C002650,Donna,Henderson,Female,johnmendez@example.com,Susanchester,Louisiana,Antigua and Barbuda,2024-01-03
C002651,Andrew,Peters,Male,jamie12@example.net,East Michelebury,Oregon,Malawi,2021-09-16
C002652,David,Griffith,Female,wdavis@example.com,New Jeffrey,Minnesota,Jamaica,2024-04-25
C002653,Brian,Vance,,johnsonemily@example.org,Loriborough,New Jersey,Fiji,2025-10-03
C002654,James,Powell,Female,andersondiana@example.com,New Katie,California,Ghana,2026-03-13
C002655,Michael,Reynolds,,steven94@example.com,Petersonmouth,South Carolina,Montenegro,2023-06-03
C002656,Micheal,Vance,Female,peggy36@example.org,South Dannyhaven,Mississippi,Turkey,2026-01-07
C002657,Mary,Merritt,,claudiamcmahon@example.net,Davidstad,Georgia,Sudan,2026-03-26
C002658,Sherri,Shannon,,kimberlyjones@example.net,Coleland,South Carolina,Norfolk Island,2025-02-11
C002659,Christopher,Collier,,travis45@example.org,Port Jamesberg,New Mexico,Norfolk Island,2023-06-30
C002660,Cindy,Baker,,anthonycross@example.net,West Stephanie,Illinois,Swaziland,2025-03-18
C002661,Felicia,Allen,,floydjoann@example.com,Alecburgh,Pennsylvania,Cook Islands,2026-07-24
C002662,Samuel,Roberts,Female,johnstonchristopher@example.net,Port Andreaton,Mississippi,Saint Barthelemy,2025-09-20
C002663,Fred,Mendoza,,brandy00@example.com,Franklinview,Colorado,Burkina Faso,2025-07-27
C002664,Diana,Strong,Female,kevin01@example.net,Port Danielport,West Virginia,Saint Lucia,2026-06-15
C002665,Jose,Shaw,Male,thomas33@example.net,Holtmouth,Nevada,Mayotte,2023-08-25
C002666,Jacob,Allen,Male,darrenwilson@example.org,New Christopher,Vermont,Russian Federation,2022-08-02
C002667,Christopher,Walker,Female,robertsmichele@example.net,East Christineton,Oklahoma,Mayotte,2024-10-15
C002668,Jennifer,Lane,,xturner@example.org,North Makayla,Connecticut,Philippines,2024-06-11
C002669,Brittany,Palmer,Female,lambertjames@example.com,North Scott,Georgia,Djibouti,2025-05-15
C002670,Nicole,Garrett,Male,tbrown@example.net,South Christopherborough,Vermont,Mexico,2026-01-28
C002671,Christopher,Wilson,Female,uroberts@example.org,East Jenniferburgh,Alaska,Serbia,2026-01-02
C002672,John,Cisneros,Female,brittany60@example.com,West Patriciafort,Wyoming,India,2023-04-17
C002673,Margaret,Crawford,,karen25@example.net,Hernandezland,Missouri,Saudi Arabia,2025-04-19
C002674,David,Johnson,Male,eileenmoyer@example.net,North Deniseton,Massachusetts,Sierra Leone,2026-01-04
C002675,Kari,Bray,,finleykathleen@example.net,Heathborough,Arkansas,Jamaica,2023-07-24
C002676,Steven,Smith,,richard96@example.com,Port Jennifer,Wyoming,Egypt,2022-08-28
C002677,Steven,Johnson,Female,harmonlucas@example.org,New Tylerland,Louisiana,Palau,2021-10-22
C002678,Robert,Wright,Female,kennethrichard@example.com,Pamelafort,Maine,France,2025-12-22
C002679,Amber,Fox,Female,cindycurtis@example.org,Rogerstown,Oregon,Lithuania,2022-07-01
C002680,Alicia,Small,Female,ginapierce@example.com,Michaelville,Indiana,Niger,2025-05-31
C002681,Patricia,Blevins,,maynardsamantha@example.net,Port Karen,Nevada,Lithuania,2024-04-12
C002682,Regina,Kelley,,kgonzalez@example.net,East Stephanie,Ohio,Andorra,2021-09-23
C002683,Heather,Jenkins,Female,tdiaz@example.com,Roachview,North Dakota,Jersey,2025-04-04
C002684,Sherry,Baker,Female,xhall@example.org,North Richard,Connecticut,Kuwait,2023-03-26
C002685,Pamela,Andrews,Male,hross@example.com,Williamtown,North Carolina,Bosnia and Herzegovina,2022-02-13
C002686,Kimberly,King,,woodgregory@example.org,Jenniferfurt,California,Barbados,2023-08-21
C002687,Patrick,Garcia,,mlowery@example.com,North Zacharyburgh,Montana,San Marino,2025-04-23
C002688,Kirsten,Peterson,,nicholas54@example.org,Masonbury,Missouri,Madagascar,2025-05-01
C002689,Sara,Hahn,Female,vincentdavis@example.com,East Kellyview,South Dakota,Poland,2023-02-21
C002690,Victoria,Abbott,Female,emily60@example.org,North Melissa,Colorado,Netherlands Antilles,2026-05-06
C002691,Dawn,Taylor,Female,orowe@example.net,Marshfort,Louisiana,Poland,2022-03-12
C002692,Corey,Vincent,Male,zmanning@example.org,Yatesbury,Ohio,Heard Island and McDonald Islands,2024-11-09
C002693,Nancy,Dunlap,Female,mary70@example.net,West Anthony,Virginia,Netherlands,2024-06-07
C002694,Richard,Sellers,Male,antonio11@example.org,Laraview,Wisconsin,Singapore,2026-04-21
C002695,John,Velasquez,Female,anna37@example.com,North Hannahburgh,New York,Vanuatu,2024-06-02
C002696,Jennifer,Ray,,torreshoward@example.com,Justinfurt,Nevada,Morocco,2023-03-19
C002697,Devon,Miller,Male,skirby@example.com,Andersonmouth,Hawaii,Macao,2021-08-09
C002698,Alexander,Perry,Female,wongsean@example.com,Stevenport,Vermont,Sao Tome and Principe,2023-02-28
C002699,Jack,Edwards,Female,cabrerajennifer@example.net,Port Francis,Louisiana,United States of America,2025-03-24
C002700,Catherine,Higgins,,brownsean@example.com,East Feliciaport,South Dakota,Palau,2023-04-04
C002701,Richard,Jones,Female,blakenelson@example.net,Anitaland,Vermont,Uruguay,2025-10-31
C002702,Glenn,Thornton,,lawrencebell@example.org,Lake Jason,Hawaii,Peru,2024-03-29
C002703,Thomas,Howard,Female,kbarrett@example.net,Lake Jaredberg,Nebraska,Turks and Caicos Islands,2023-03-13
C002704,Joshua,Bryant,Male,fdavis@example.com,Lake Jessica,California,Syrian Arab Republic,2024-03-10
C002705,Vanessa,Harrison,Male,leonardaimee@example.net,Charlestown,New York,Saint Lucia,2024-06-13
C002706,Darren,Butler,,turnerrichard@example.com,Marquezland,Connecticut,Myanmar,2025-11-06
C002707,John,Chang,Female,tcox@example.org,Morganfort,Indiana,Saint Martin,2025-08-19
C002708,Ellen,Stark,,tara23@example.com,Wallerside,Utah,Taiwan,2026-06-04
C002709,Tyler,Smith,,hcastro@example.net,West John,Michigan,Venezuela,2022-01-15
C002710,Christopher,Santos,Female,piercefrank@example.org,Webbshire,Arkansas,Nicaragua,2023-08-12
C002711,Richard,Luna,Male,amberward@example.net,New Victoria,Oregon,Oman,2026-07-22
C002712,Stephen,Ortiz,Male,qchang@example.net,North Kayla,Alabama,Switzerland,2021-08-20
C002713,Felicia,Mcgee,,collierkara@example.org,Williamsbury,New York,Mali,2025-06-14
C002714,Allison,Hunt,,tellison@example.com,East Benjamin,Wisconsin,Romania,2021-09-28
C002715,Tamara,Wu,,joshuanelson@example.org,Vasquezport,Ohio,Kazakhstan,2025-11-22
C002716,Sarah,Thompson,Male,ebailey@example.com,Lisafurt,Massachusetts,Kenya,2022-03-26
C002717,Thomas,Ward,Male,christopher98@example.org,South Whitneyview,New York,Lesotho,2024-06-14
C002718,Adam,Calhoun,Male,leematthew@example.org,North Jacob,Idaho,Indonesia,2024-08-16
C002719,Tiffany,Brown,,meganprice@example.com,Georgestad,New Hampshire,Czech Republic,2022-10-10
C002720,Cheryl,Baldwin,,duartesteven@example.com,Lake Patrickmouth,Colorado,Jersey,2024-02-21
C002721,Dwayne,Hernandez,Male,eross@example.com,East Matthewside,Illinois,Liberia,2025-05-14
C002722,Bailey,Lucero,,cortezmichael@example.org,Cummingschester,Rhode Island,Venezuela,2022-08-11
C002723,Derek,Hamilton,Male,victoriaanderson@example.net,Heidiburgh,Wyoming,Yemen,2025-06-03
C002724,Jerry,Taylor,Male,tylerthompson@example.com,North Austin,Iowa,Saint Barthelemy,2023-12-04
C002725,Katie,Hale,Male,smithheather@example.com,Lake Jared,Arizona,Costa Rica,2025-04-13
C002726,Alex,Gonzalez,Female,oliviagonzalez@example.org,New Juan,Montana,North Macedonia,2025-05-25
C002727,Christopher,Ward,Female,omacdonald@example.org,Stevenmouth,Connecticut,Nauru,2024-03-08
C002728,Jennifer,Sims,,woodsrobert@example.net,Fernandezfurt,Maine,Heard Island and McDonald Islands,2025-10-15
C002729,Michael,Turner,Female,codyburns@example.net,South Christine,Hawaii,Jordan,2023-01-05
C002730,Marcus,Reeves,Male,mgonzalez@example.com,Christinaview,Washington,Bulgaria,2024-03-13
C002731,Angela,Reid,,walkerstephen@example.net,Mcintyrehaven,Indiana,Philippines,2022-08-15
C002732,Heather,Johnson,Male,codyhicks@example.net,Maynardstad,Wyoming,Belgium,2024-12-21
C002733,Jessica,Anderson,Male,fosterryan@example.net,Littleton,Montana,Oman,2023-11-09
C002734,Veronica,Snyder,,tdavis@example.net,Wrightside,Pennsylvania,Guinea-Bissau,2025-03-10
C002735,Christopher,Cross,Male,allisonlopez@example.org,Jamesberg,Connecticut,Greece,2023-04-30
C002736,Katherine,Allen,Female,kphillips@example.net,Perezview,South Carolina,Guadeloupe,2026-02-25
C002737,Keith,Harris,,luke46@example.com,Osbornestad,Illinois,Belarus,2023-12-01
C002738,William,Robinson,Female,hernandezmelissa@example.org,Lake Lindsay,New Jersey,Wallis and Futuna,2022-08-02
C002739,Emily,Walker,Female,michaelmyers@example.com,Lake Janet,Idaho,Chile,2026-04-21
C002740,James,Hull,,nadams@example.net,South Elizabethtown,Connecticut,Mozambique,2022-03-09
C002741,Carrie,Turner,Male,ufoster@example.org,Clarkberg,Nebraska,Georgia,2023-02-01
C002742,Karla,Ayala,Female,elizabethpalmer@example.net,Crystalview,Colorado,Liberia,2026-07-11
C002743,Laura,Buchanan,Female,greenetyler@example.com,Rosestad,South Dakota,Zambia,2024-05-12
C002744,Alexis,Bell,Female,tolsen@example.com,Grahamshire,Maryland,Equatorial Guinea,2026-02-20
C002745,Laura,Barker,,ambertate@example.org,Davidshire,Alaska,Palestinian Territory,2023-03-24
C002746,Samuel,Hull,Male,transcott@example.com,Ramosshire,North Dakota,Uzbekistan,2025-05-02
C002747,Wayne,Davila,Male,john45@example.org,Romeroborough,North Carolina,Armenia,2023-07-17
C002748,Julie,Brown,,brandonvalencia@example.net,Ramirezburgh,Kentucky,Venezuela,2022-09-05
C002749,Kim,Hall,,allison95@example.org,East Loristad,Missouri,Antigua and Barbuda,2025-09-05
C002750,William,Brown,Male,clarkmindy@example.com,Patricktown,Maryland,Namibia,2025-07-30
C002751,Jason,Powell,,bhill@example.net,Lake Judithland,Nevada,Belgium,2022-07-01
C002752,Darrell,Morgan,,jessicacabrera@example.com,Tiffanyside,Nebraska,Russian Federation,2024-01-30
C002753,Sara,Jones,,williamsmaria@example.org,Adrianabury,Indiana,Cuba,2023-06-07
C002754,Megan,Perry,Male,osmith@example.net,Leslietown,Wyoming,Tokelau,2021-09-11
C002755,Brenda,Floyd,Male,hlee@example.org,North Caseyport,Minnesota,Togo,2023-11-23
C002756,Sylvia,Davis,Female,angelica61@example.net,Cathyshire,Delaware,Comoros,2026-02-18
C002757,Colleen,Ramsey,Male,wileymatthew@example.net,Lake Lisashire,Iowa,Syrian Arab Republic,2026-03-18
C002758,Robert,Kim,Male,fnorton@example.org,Smithtown,Tennessee,Georgia,2024-08-14
C002759,Dylan,Jefferson,Female,karengould@example.net,Andreville,Rhode Island,Jamaica,2021-12-25
C002760,Sydney,Robinson,Female,charleslee@example.net,Frankberg,Arizona,Mongolia,2025-12-04
C002761,Michele,Stokes,Male,wadesherry@example.org,Salasland,New Mexico,Lithuania,2023-05-20
C002762,Angela,Cruz,,ascott@example.com,Rodriguezburgh,Nebraska,Solomon Islands,2026-06-13
C002763,David,Johnson,Female,sabrinavang@example.net,Sherrychester,Massachusetts,Liechtenstein,2024-12-07
C002764,Gary,Wilson,Male,pwilliams@example.org,North Elizabethberg,Texas,Russian Federation,2024-10-16
C002765,Jerry,Frazier,Male,jameswhite@example.com,Carpenterberg,Arkansas,Japan,2025-07-04
C002766,Jeffrey,Gibbs,Female,carol88@example.net,Port Andrewshire,Virginia,Iceland,2024-09-24
C002767,Ashley,Sullivan,,rasmussenmichael@example.com,North Calvin,Wisconsin,Australia,2025-10-12
C002768,Laura,Smith,,sullivanjoshua@example.org,West Jonathanchester,Arizona,Turkey,2024-04-09
C002769,Charles,Carr,Male,scottlinda@example.net,West Roger,Massachusetts,Estonia,2022-12-20
C002770,Nancy,Johnson,Female,rsmith@example.net,Mariahaven,Arizona,Isle of Man,2025-09-15
C002771,Heather,Bryant,Female,raymond98@example.org,Ashleyton,New York,Eritrea,2022-04-10
C002772,Tonya,Miller,Female,elizabethbarrett@example.com,Shawnmouth,Nevada,Christmas Island,2023-02-23
C002773,James,Juarez,,shawn69@example.org,Jamesville,Montana,Wallis and Futuna,2025-11-07
C002774,Justin,Taylor,,smartinez@example.net,Wumouth,Pennsylvania,United States of America,2021-08-21
C002775,Tammy,Hayden,,zanderson@example.com,Millerfurt,Missouri,Burundi,2025-05-30
C002776,Amber,Graham,Female,kyleboyd@example.com,Walterchester,New Mexico,Pakistan,2021-10-17
C002777,Randy,Gray,Male,rreese@example.com,East Bryanstad,New York,Zambia,2022-03-24
C002778,Christopher,Pace,,earl23@example.com,West Maria,Missouri,Switzerland,2021-09-25
C002779,Abigail,Mcgee,Female,caroline17@example.org,West Stephanieton,Michigan,Sierra Leone,2022-04-26
C002780,Connie,Odonnell,Female,marksaunders@example.org,New Josephchester,Alaska,Greenland,2024-08-18
C002781,Maria,Hall,Male,johnmartinez@example.net,North Cassandraberg,Pennsylvania,Faroe Islands,2026-02-24
C002782,Pamela,Perez,Male,mcguirejoshua@example.net,West Michelleside,New York,Malaysia,2022-09-05
C002783,Heather,Mcbride,Female,erinreid@example.com,Lake Morgan,Arizona,Saudi Arabia,2022-04-23
C002784,Sarah,Simmons,Male,jeremyrobinson@example.net,New Danieltown,Arizona,Spain,2024-12-21
C002785,Patrick,Hensley,,teresacooper@example.com,Cochranmouth,Mississippi,Madagascar,2023-12-08
C002786,Teresa,Parsons,Female,michelle63@example.net,Wayneside,Georgia,Congo,2025-04-24
C002787,Victoria,Holloway,,leonardphillips@example.org,Lake Marc,Massachusetts,Brazil,2021-11-26
C002788,Steven,Fox,Female,angelarivera@example.org,Matthewbury,Oklahoma,Saint Pierre and Miquelon,2024-03-15
C002789,William,Ruiz,,benitezscott@example.com,Jamesfurt,Virginia,Aruba,2024-03-24
C002790,Amber,Booker,Male,manuel87@example.org,North Connie,Massachusetts,Cote d'Ivoire,2021-12-05
C002791,Megan,Lewis,Male,mpeters@example.org,West Kimberlyberg,Montana,Brunei Darussalam,2022-01-16
C002792,Diana,Castillo,,jennifer14@example.com,North Cynthia,Delaware,American Samoa,2025-08-05
C002793,Christopher,Weeks,Female,douglas96@example.com,Jeanport,Louisiana,Venezuela,2022-08-04
C002794,Cesar,Flynn,Female,hdavis@example.net,Jeremybury,Louisiana,Solomon Islands,2024-06-20
C002795,Shannon,Dean,,bjohnson@example.org,Port Cynthia,Iowa,French Polynesia,2023-01-27
C002796,Carol,Diaz,,lisa61@example.net,Port Sarahhaven,Montana,Austria,2026-04-23
C002797,Wendy,Lamb,Male,darrellarmstrong@example.org,Lawsonborough,New Jersey,Jordan,2026-06-16
C002798,Jeffrey,Anderson,Male,brandy03@example.org,East Garybury,Rhode Island,Gibraltar,2022-11-20
C002799,Blake,Hobbs,,robertsjamie@example.org,Jessicahaven,Indiana,South Georgia and the South Sandwich Islands,2023-07-20
C002800,Steven,Stevens,,dscott@example.org,South Paul,Wisconsin,Guinea,2023-07-30
C002801,Adam,Rasmussen,Female,irivers@example.org,North Michelle,Idaho,Solomon Islands,2025-01-01
C002802,Amber,Martinez,Female,michelegordon@example.net,South Angela,Kentucky,Serbia,2023-10-08
C002803,Ronald,Erickson,,carolgonzalez@example.org,Jenniferstad,Tennessee,Namibia,2026-07-23
C002804,Ryan,Martin,Female,mcculloughrichard@example.com,West Amybury,Connecticut,Cocos (Keeling) Islands,2022-07-30
C002805,Denise,Baker,Male,adriana49@example.net,North Tammyport,Nevada,Guernsey,2022-01-21
C002806,Tammy,White,Female,salaskara@example.com,South Katherinetown,Maryland,Monaco,2025-02-12
C002807,Sharon,Mccormick,,connie81@example.org,Barbershire,Minnesota,Uzbekistan,2023-05-17
C002808,Traci,Tran,Male,ashley42@example.org,South Audrey,Illinois,Uruguay,2022-02-01
C002809,Kathryn,Ortiz,Male,frogers@example.org,Rosschester,North Dakota,Lithuania,2023-12-13
C002810,Michael,Clark,Male,xjones@example.com,South Jonathanland,Pennsylvania,Guatemala,2022-09-01
C002811,Lisa,Peters,Female,harold72@example.org,New Catherine,Utah,Sudan,2024-01-07
C002812,Richard,Cox,Female,johnsoncharles@example.org,West Kyletown,Maryland,Finland,2022-06-26
C002813,James,Bonilla,Male,wmontgomery@example.org,Victoriatown,Colorado,Afghanistan,2025-11-20
C002814,Alicia,Long,Male,qwaters@example.com,West Maryshire,Colorado,Guam,2026-06-22
C002815,Timothy,Moreno,Female,jameschristie@example.net,Murraybury,Missouri,Korea,2022-06-22
C002816,Benjamin,Lowe,Female,williamshoward@example.org,Whiteport,Iowa,Peru,2022-06-07
C002817,Michael,Lindsey,Male,rpollard@example.com,Garciastad,Mississippi,United States Virgin Islands,2024-12-23
C002818,Christine,Moore,Female,howens@example.org,Kyleville,New Jersey,Philippines,2024-01-23
C002819,Colleen,White,Female,lsmith@example.com,Richardside,Vermont,Mauritania,2025-11-26
C002820,Gloria,Fisher,Female,johnsonkatelyn@example.com,Gonzalezstad,North Carolina,Honduras,2026-07-01
C002821,Timothy,Greer,Female,maria36@example.com,Nicoleton,Hawaii,Hong Kong,2022-07-27
C002822,Tracy,Franco,,wdyer@example.com,Stokesview,West Virginia,Grenada,2024-02-27
C002823,Diana,Hughes,,lori47@example.net,West Michaelbury,Louisiana,Timor-Leste,2023-10-14
C002824,Johnny,Flores,,lovedavid@example.org,Johnfort,Hawaii,Netherlands Antilles,2024-10-20
C002825,Angie,Nelson,Male,oedwards@example.net,Marvintown,Kansas,Kazakhstan,2025-08-04
C002826,Michael,Spencer,Female,mejiatimothy@example.org,Jeromeborough,Illinois,Saint Lucia,2024-03-27
C002827,Sara,Carpenter,,jennifermartinez@example.com,Turnerhaven,Arizona,Qatar,2026-02-28
C002828,Lisa,Johnson,Female,stephenbrown@example.com,West Aaronfurt,Indiana,Christmas Island,2025-08-15
C002829,Jasmine,Roberson,,dale26@example.com,Port Amanda,South Dakota,Mozambique,2023-09-23
C002830,James,Carter,Male,pmcdonald@example.com,Heatherfurt,Nevada,Samoa,2021-10-02
C002831,Jeffery,Vincent,Male,rebeccagonzalez@example.net,Bakermouth,Rhode Island,Cameroon,2025-06-24
C002832,Jeanne,Chang,,lisa10@example.org,East Courtneychester,Arizona,Liberia,2025-08-03
C002833,Daniel,Russo,Male,danny48@example.com,Alvarezfort,Illinois,Maldives,2022-07-19
C002834,Joel,Davenport,Female,qmiller@example.org,Sergiostad,Louisiana,Romania,2026-04-20
C002835,Allison,Clark,Female,andrew52@example.com,East Kathleentown,Washington,Iraq,2025-11-14
C002836,Thomas,Reynolds,Male,fbrown@example.net,East Carolbury,Washington,Iran,2026-03-07
C002837,Michelle,Hudson,Female,jacobmurray@example.com,Susanville,Vermont,Saint Pierre and Miquelon,2026-05-25
C002838,Regina,Wright,,cmcconnell@example.org,Sabrinahaven,Wyoming,Algeria,2024-01-05
C002839,Carl,Williams,,xkirk@example.org,Port Ronaldton,New York,Argentina,2026-05-25
C002840,Allison,Juarez,,scott48@example.org,East Jonathanstad,New Jersey,Croatia,2023-09-24
C002841,Michelle,Keller,Female,parrishnatalie@example.net,South Jack,Arkansas,Nicaragua,2021-08-13
C002842,David,Hayes,,latoyahartman@example.com,Lake Stacy,Nevada,Lithuania,2025-04-15
C002843,Mark,Weber,Male,stacy40@example.net,Wendyshire,Indiana,Anguilla,2022-07-26
C002844,Jacob,Garrett,,xsims@example.com,Port Jennifermouth,Georgia,Jamaica,2024-08-30
C002845,Kimberly,Martinez,Female,erik02@example.net,Jamesbury,Alaska,Netherlands Antilles,2025-09-05
C002846,Frederick,Sanchez,Female,agomez@example.org,South Carlashire,Delaware,Spain,2023-05-02
C002847,Linda,Skinner,,feliciaclark@example.org,North Dustinstad,Indiana,Bermuda,2024-05-11
C002848,Sandra,Smith,Male,david18@example.org,Port Wendyfurt,North Dakota,Brunei Darussalam,2025-08-09
C002849,Brian,Rice,Male,caseyantonio@example.org,West Kennethport,Virginia,Kiribati,2022-08-27
C002850,Zachary,Ramos,Male,ngreene@example.net,West Mariah,Michigan,Northern Mariana Islands,2024-12-19
C002851,Joel,Gallegos,Female,michele82@example.com,Port Erika,Wisconsin,Malaysia,2025-12-02
C002852,Samuel,Hill,Male,brendaparrish@example.org,Jackstad,Mississippi,Oman,2023-11-26
C002853,Robert,Rose,Female,rogersmatthew@example.org,North Sharon,Delaware,Morocco,2023-09-07
C002854,Jessica,Rivas,,megan48@example.com,Garciamouth,Alabama,Sweden,2025-02-09
C002855,Kelly,Spencer,,dyermegan@example.net,New Ashleyview,Maine,Ireland,2025-02-15
C002856,Blake,Lowery,Female,wallacemelissa@example.net,Michaelstad,Rhode Island,Qatar,2025-07-26
C002857,Sarah,Richardson,Female,william10@example.net,Lake Elijah,New Hampshire,Singapore,2023-03-20
C002858,Sergio,Huff,,rpeck@example.com,West Justin,Virginia,British Indian Ocean Territory (Chagos Archipelago),2022-03-13
C002859,Willie,Hernandez,,jill37@example.net,Gilberttown,New York,Bahamas,2025-02-13
C002860,Morgan,Orozco,Female,amy49@example.net,Murrayview,Washington,Tanzania,2026-01-11
C002861,Samuel,Anderson,,kristin71@example.org,Michaelbury,Michigan,United Arab Emirates,2021-09-18
C002862,Gary,Cole,,ubaker@example.org,Turnerberg,Wyoming,Cape Verde,2024-01-08
C002863,Erin,Sanders,Male,lindamcmahon@example.com,Lake Courtneyview,Connecticut,Luxembourg,2026-02-05
C002864,Dana,Williams,Male,justin55@example.net,Port Keith,Minnesota,Nigeria,2026-05-21
C002865,Pam,Cox,,hsolis@example.com,East Nathan,Texas,Liberia,2025-01-23
C002866,Michelle,Perry,,castrokimberly@example.com,West Vanessashire,Colorado,Antarctica (the territory South of 60 deg S),2024-01-30
C002867,Katherine,Williams,Male,christopherdavis@example.com,Hansenburgh,Colorado,Niue,2025-02-27
C002868,Stephen,Hall,,chawkins@example.net,Port Casey,Utah,Italy,2021-09-29
C002869,Barbara,Stuart,Female,debbie01@example.org,Nathanside,Illinois,Nepal,2021-12-16
C002870,Daniel,Randall,,bradleysullivan@example.org,New Jeanbury,Virginia,Cuba,2026-04-09
C002871,Ryan,Porter,,lopezaaron@example.net,New Ann,New Hampshire,Maldives,2022-05-31
C002872,Diana,Crane,Female,allisoncampbell@example.com,Port Katelynmouth,Nevada,Iraq,2022-10-22
C002873,Nicole,Gilmore,Male,jocelynstephens@example.com,East Kellyfurt,Nevada,French Guiana,2023-12-21
C002874,Eduardo,Cabrera,,joshua04@example.com,Port Gabrielle,Hawaii,Senegal,2024-01-16
C002875,Lori,Russell,Male,pwheeler@example.com,Lake Heatherfort,New Hampshire,Sweden,2025-11-03
C002876,Joseph,Knight,Male,paul71@example.com,Patrickborough,Oregon,Nicaragua,2025-01-30
C002877,John,Patrick,,lindsey64@example.net,East Christina,Alabama,Western Sahara,2022-04-30
C002878,Nicholas,Bauer,,bradfordsheila@example.com,Kathyshire,Missouri,Iceland,2023-08-29
C002879,Wendy,Stone,Male,stanleyamanda@example.org,East Elizabeth,Tennessee,Norfolk Island,2026-06-10
C002880,Debbie,Adams,,dtaylor@example.org,Clarkfort,Virginia,Moldova,2025-06-08
C002881,Brian,Hughes,,harrisrobert@example.com,Tylerbury,Arkansas,Vanuatu,2022-11-23
C002882,Mark,Silva,Male,emma76@example.net,Margaretmouth,North Carolina,Hungary,2024-05-17
C002883,Aaron,Tanner,Male,carlos26@example.net,Pearsonview,South Dakota,Equatorial Guinea,2026-04-09
C002884,Joseph,Donaldson,Female,gabrieljohnson@example.com,West Suzannestad,Illinois,Turkmenistan,2022-10-28
C002885,Jon,Williams,,edward86@example.com,Stephenville,Mississippi,Burundi,2021-10-26
C002886,Mark,Welch,Female,armstrongallison@example.net,Port Matthewstad,South Dakota,Bolivia,2022-09-29
C002887,Leslie,Phelps,Male,brandon14@example.org,Port Jacob,Oregon,Macao,2025-11-27
C002888,Thomas,Henderson,,jacobburns@example.net,Port Joshuaborough,Indiana,Mexico,2022-01-17
C002889,Richard,Mora,Male,doyletravis@example.org,Edwardland,North Dakota,Ethiopia,2023-04-25
C002890,Rachel,Pena,,betty65@example.net,West Melaniefort,Alaska,Romania,2022-06-20
C002891,Christina,Patterson,,phamjason@example.net,North Larry,Alabama,Niue,2023-12-27
C002892,Jessica,Harmon,Female,david06@example.org,New Karenberg,Connecticut,Iran,2024-04-25
C002893,Stephen,Morgan,Male,madelinerodriguez@example.com,Port Eric,Maine,Ecuador,2021-12-24
C002894,David,Campbell,,whiteronald@example.com,Chaseburgh,Iowa,Cook Islands,2023-07-29
C002895,Rebecca,Faulkner,Female,william62@example.com,Nguyenmouth,Georgia,Italy,2023-11-07
C002896,Dominic,Brown,Male,richardsnow@example.net,East Shawnmouth,Delaware,Albania,2021-08-09
C002897,Susan,Berger,Female,cpierce@example.com,West Stevenland,Wyoming,Barbados,2026-06-04
C002898,Christopher,Mills,Male,schavez@example.net,Port Henry,Kansas,Haiti,2025-07-25
C002899,Jacob,Lara,,alvingrimes@example.com,Jessicamouth,Colorado,Trinidad and Tobago,2025-12-02
C002900,Mark,Roth,Female,mperkins@example.org,Lake Allisonton,Georgia,Faroe Islands,2022-06-13
C002901,Frances,Gutierrez,Female,courtney51@example.net,East Jenniferport,California,Togo,2025-06-10
C002902,Rebecca,Morris,,amy05@example.org,New Jeffreyport,Montana,Singapore,2023-05-23
C002903,John,Hooper,Male,kathrynsmith@example.com,Hollyborough,New Jersey,Reunion,2025-12-02
C002904,Aaron,Weiss,,david43@example.com,Johnsonberg,Connecticut,Solomon Islands,2023-11-17
C002905,Maria,Francis,Female,lbrown@example.com,New Rachel,Iowa,Tokelau,2022-08-17
C002906,Rhonda,Weiss,,pdavis@example.net,Oscarville,New Jersey,Honduras,2024-08-04
C002907,Nicholas,Gomez,Female,snyderjodi@example.net,North Kathryn,California,Azerbaijan,2024-12-29
C002908,Jennifer,Stafford,,schroedercatherine@example.net,East Jennifer,California,Libyan Arab Jamahiriya,2024-07-05
C002909,Wanda,Bennett,Male,mjohnson@example.net,Jenniferton,Missouri,Guernsey,2025-02-01
C002910,Laurie,Phillips,Female,maria59@example.org,Stuartfort,Missouri,Tonga,2023-05-30
C002911,Barbara,Myers,Female,harrisonnicole@example.com,Thomasburgh,New Hampshire,Bouvet Island (Bouvetoya),2024-06-21
C002912,Lori,Jenkins,Male,tiffanygreer@example.net,Frenchland,Delaware,Monaco,2023-09-30
C002913,Michelle,Smith,,johnsoncatherine@example.org,Robersonshire,Tennessee,Bangladesh,2024-07-07
C002914,Megan,Smith,Male,valdezbrandon@example.org,South Hannah,Texas,Chile,2024-03-15
C002915,Melvin,Anthony,,fmarshall@example.com,North Joshuashire,New Jersey,Burkina Faso,2025-01-20
C002916,William,Ibarra,Male,garciamatthew@example.net,Torrestown,New York,Korea,2022-07-30
C002917,Louis,Wheeler,Male,kdominguez@example.net,New Lisaberg,Arizona,Guinea,2025-11-22
C002918,Rachel,Wilson,Female,michealallen@example.net,Robleshaven,Texas,New Zealand,2022-06-10
C002919,Brady,Crawford,Female,colemanjulie@example.net,Fowlerborough,Mississippi,Mauritius,2022-03-03
C002920,David,Rodriguez,,cbaker@example.com,Hayesbury,Mississippi,Tonga,2026-06-29
C002921,Sarah,Estrada,Male,diamond43@example.net,West Paul,Pennsylvania,Nauru,2023-12-01
C002922,David,Bell,,kirbycheryl@example.org,Mcclainchester,South Dakota,Morocco,2022-03-07
C002923,Patrick,Henry,Male,carrollsuzanne@example.net,East Mike,Utah,Argentina,2022-08-18
C002924,Charles,Duran,Male,chawkins@example.com,Morenohaven,West Virginia,Saint Kitts and Nevis,2025-06-25
C002925,Nathaniel,Young,Female,gregory20@example.org,Kimberlyfort,Kentucky,Lesotho,2024-02-02
C002926,Daniel,Hansen,Male,qgarza@example.net,West Julie,Delaware,Korea,2022-09-20
C002927,Teresa,Owen,Female,bethmiller@example.net,Dixonmouth,Alabama,South Africa,2022-10-15
C002928,Debra,Jennings,Female,wbrooks@example.net,West Markfort,Vermont,Panama,2024-01-16
C002929,Timothy,Kirk,Male,ellisjames@example.org,Jasonmouth,Indiana,Guernsey,2022-10-21
C002930,Sara,Jones,Male,troy09@example.org,Mooreview,North Carolina,Antigua and Barbuda,2025-03-26
C002931,Jacob,Vargas,,shannon56@example.org,Jamesshire,Connecticut,Ireland,2024-03-30
C002932,Pamela,Gibbs,,drakeamanda@example.com,South Ashleyview,Iowa,Singapore,2026-03-07
C002933,Dawn,Nelson,,brownjennifer@example.org,Dustinfort,Wyoming,San Marino,2024-07-13
C002934,Jorge,Lee,Female,mckenzie21@example.org,Port Alicialand,North Carolina,Mayotte,2025-12-14
C002935,Christina,Carr,Female,lewiseric@example.net,West Shane,Massachusetts,Cote d'Ivoire,2024-03-17
C002936,Laura,Barron,Female,garciamark@example.com,Port Jacobmouth,Mississippi,Indonesia,2021-10-31
C002937,Christopher,Levine,Female,rmitchell@example.org,Lopezmouth,Massachusetts,Finland,2023-08-25
C002938,Francisco,Barr,Female,rivasmatthew@example.com,Deanburgh,Georgia,Panama,2022-10-25
C002939,Justin,Henry,Female,potterjohn@example.com,West Paul,Arkansas,Uruguay,2026-04-29
C002940,Claudia,Peterson,Male,thomas00@example.com,Port Laceyshire,North Dakota,Timor-Leste,2026-06-30
C002941,Brett,Lane,,daniel35@example.org,West Cynthialand,West Virginia,Christmas Island,2021-07-26
C002942,George,Carter,,freemanreginald@example.com,New Matthewview,Texas,Switzerland,2021-12-29
C002943,Jessica,Solomon,,david33@example.com,Wardtown,Florida,Maldives,2023-04-09
C002944,Shelby,Mcbride,Male,murphyryan@example.com,South Deborahville,Texas,Holy See (Vatican City State),2025-03-15
C002945,Ana,Knight,,gregory49@example.org,North Lisa,Delaware,Norway,2024-12-29
C002946,Debra,Moore,Female,william41@example.com,Port Christopherhaven,Mississippi,Puerto Rico,2025-01-30
C002947,Rachel,Perkins,Male,mitchellgary@example.com,North Rebecca,Hawaii,Swaziland,2025-02-13
C002948,Daniel,Turner,Male,hernandezchristine@example.net,Jacquelinechester,South Carolina,Macao,2024-02-19
C002949,Abigail,Powell,,amy82@example.com,Port Carol,Kansas,Panama,2023-06-30
C002950,Olivia,Murphy,Female,gentrylarry@example.com,West Jamesberg,Washington,Brazil,2024-05-13
C002951,Anthony,Davis,,bryanedwards@example.org,North Michael,Ohio,Seychelles,2022-06-03
C002952,Tami,Roberts,Male,sarah02@example.org,Ralphfurt,New Mexico,Syrian Arab Republic,2021-12-22
C002953,John,Deleon,,cooleylawrence@example.com,East Amanda,New Hampshire,South Georgia and the South Sandwich Islands,2021-10-05
C002954,Shane,Cruz,Male,kendra93@example.net,Bowmanchester,Virginia,Indonesia,2026-02-12
C002955,Kevin,Mata,Male,itucker@example.org,South Debraburgh,Maine,Tajikistan,2025-01-03
C002956,Andrew,Wall,Male,khanmitchell@example.org,Lake Emilyfort,Georgia,Finland,2025-07-23
C002957,Linda,Taylor,Female,ian54@example.org,Mcgeeside,Pennsylvania,Paraguay,2022-08-08
C002958,Gregory,Bolton,Female,wgoodwin@example.net,New Andrea,Vermont,Colombia,2022-08-31
C002959,Diane,Ballard,,lauradixon@example.org,Wongburgh,Wyoming,Syrian Arab Republic,2023-11-12
C002960,Debra,Black,,vwilkerson@example.org,Henrybury,Minnesota,United Kingdom,2026-02-20
C002961,Kerri,Hall,,beth11@example.net,Maldonadoshire,Idaho,Peru,2021-12-20
C002962,James,Wright,Female,wcortez@example.org,Lucerotown,New York,Lesotho,2023-06-11
C002963,Jennifer,Arnold,,ashley99@example.net,Gonzalezstad,New Jersey,Honduras,2024-02-02
C002964,Janet,Perry,Female,youngsarah@example.com,Charlesview,Oklahoma,Fiji,2025-04-07
C002965,Joshua,Jackson,Male,brandi51@example.org,Lake Austin,Massachusetts,New Zealand,2021-11-25
C002966,Kelly,Perkins,Male,donnagomez@example.net,North Candicefort,Maryland,Guam,2022-02-06
C002967,Jerry,Valencia,Female,wperez@example.com,Port Matthewtown,Kentucky,Bahrain,2024-01-09
C002968,Tyler,Dorsey,Female,donaldgreen@example.com,Bridgesmouth,Arizona,Russian Federation,2022-07-24
C002969,Stephanie,Gregory,Male,cynthiagardner@example.org,South Bryanhaven,South Carolina,Palau,2025-03-12
C002970,Karen,Gomez,Female,emily52@example.org,East Scottmouth,Pennsylvania,Jamaica,2022-10-15
C002971,Melissa,Vance,Male,chadtorres@example.org,North Rachael,Ohio,Macao,2023-07-31
C002972,Terri,Brown,,vdennis@example.net,Emilytown,Alaska,Dominica,2025-08-21
C002973,Amanda,Hicks,Male,sanchezrobert@example.net,Jenniferton,Arizona,Bulgaria,2021-11-26
C002974,Eric,Jones,Male,andrew17@example.org,New Jose,Nevada,Bahrain,2023-09-09
C002975,Andrea,Patel,,isaiahbrown@example.net,Atkinstown,Indiana,Papua New Guinea,2022-03-17
C002976,Andrew,Lopez,Female,elizabeth43@example.net,West Kevin,Connecticut,Aruba,2023-08-16
C002977,Carl,Williams,,phillipsrandall@example.org,Lake Kellyborough,Delaware,Dominica,2023-04-01
C002978,Matthew,Mcgee,Male,dean72@example.net,Lake Jesse,Minnesota,Jamaica,2025-05-05
C002979,Wendy,Marshall,Male,burnslaura@example.org,Espinozamouth,New York,Jamaica,2023-12-12
C002980,Samuel,Watson,Male,robinsontimothy@example.net,East Kristineside,Colorado,Martinique,2026-06-03
C002981,Jeffrey,Bryant,Male,bobbyhunter@example.org,West Michaelshire,Kentucky,Ghana,2023-04-11
C002982,Walter,Noble,Male,brewerkristy@example.net,West Daniel,Oklahoma,United Arab Emirates,2024-12-29
C002983,Victor,Villegas,,umaxwell@example.net,East Connieville,Minnesota,Turkey,2023-12-28
C002984,Luis,Rivera,Male,rebeccarodriguez@example.net,Johnfurt,Washington,Burundi,2021-09-24
C002985,Rachel,Wilcox,Female,katiesilva@example.com,Lake Annaview,Alaska,Western Sahara,2023-08-15
C002986,Zachary,Abbott,,dsmith@example.net,Stuartland,Wyoming,Guinea,2022-07-21
C002987,Angelica,Ramirez,,mcdanielmichael@example.net,Jenniferbury,Utah,Ghana,2022-11-25
C002988,Sharon,Atkinson,,hblake@example.net,Bryanthaven,North Dakota,Mauritania,2026-06-05
C002989,Briana,Mcdowell,Male,theresalloyd@example.org,South Kimberlytown,Louisiana,Angola,2025-05-31
C002990,Christine,Simpson,Male,benitezkimberly@example.com,Garciamouth,Mississippi,Paraguay,2024-01-10
C002991,Heather,Stafford,,cody04@example.net,Ortizland,North Dakota,Italy,2022-11-07
C002992,Joshua,Choi,Male,kaylaturner@example.com,Lake Jonathanside,Nebraska,Latvia,2021-12-23
C002993,Linda,Petty,Female,aowens@example.org,East Mark,Wyoming,Australia,2025-01-11
C002994,Donna,Walker,Female,forddennis@example.com,Bartonshire,South Carolina,Tunisia,2023-12-25
C002995,Patricia,Burke,Male,fischerdanielle@example.org,Laurenbury,North Carolina,Bolivia,2025-07-31
C002996,Scott,Larson,,joseskinner@example.org,Tannerport,North Dakota,British Virgin Islands,2022-02-03
C002997,Sarah,Lee,Male,huntkatrina@example.com,East John,Kentucky,Uzbekistan,2023-05-09
C002998,Nicholas,Watson,Male,martinmichael@example.org,Brownbury,Louisiana,Dominican Republic,2026-01-31
C002999,Steven,Gonzalez,Male,michaeljames@example.net,Phillipsmouth,Indiana,Hong Kong,2022-04-04
C003000,Christopher,Banks,,jamiejones@example.com,Danielland,Delaware,Nauru,2025-09-30
C003001,Rachel,Bowman,Female,graytracy@example.org,Banksborough,Arkansas,Slovenia,2021-09-24
C003002,Monica,Thompson,Male,joseph67@example.net,Lake Karen,Illinois,Monaco,2022-11-23
C003003,Derek,Hampton,,martinezrobert@example.net,Elizabethshire,Virginia,New Zealand,2023-02-14
C003004,Jessica,Gutierrez,,fergusonmelissa@example.com,Jasonmouth,Ohio,Cape Verde,2023-07-29
C003005,David,Davidson,Female,brian14@example.net,Tammyburgh,Illinois,Burkina Faso,2022-07-16
C003006,Angela,Watkins,,william35@example.net,New April,Michigan,Antarctica (the territory South of 60 deg S),2026-03-13
C003007,Tyler,Williams,,gmoran@example.org,Stokesstad,Kentucky,Solomon Islands,2025-07-08
C003008,Kenneth,Anderson,,juanhaynes@example.com,Olsonport,Wyoming,United States of America,2022-12-07
C003009,Peter,Bauer,Female,austinsimmons@example.org,South Alanshire,Ohio,Tunisia,2024-02-14
C003010,Derek,Evans,Male,vmartinez@example.net,Diazstad,Indiana,Luxembourg,2023-11-18
C003011,Jeremy,Blackwell,Female,rebecca46@example.org,East Davidview,Alaska,Lao People's Democratic Republic,2022-05-09
C003012,Michael,Pacheco,Male,jessica96@example.org,Port Ryanshire,South Carolina,Timor-Leste,2026-07-01
C003013,Jeffrey,Kirby,,taylor79@example.org,Farleystad,Texas,Wallis and Futuna,2026-01-12
C003014,Dalton,Woods,,davidlong@example.org,East Nathan,Tennessee,Sweden,2022-09-21
C003015,Erin,Schwartz,Male,john98@example.net,Stacieberg,New Jersey,Moldova,2024-06-07
C003016,Eric,Middleton,Female,fdavis@example.net,Ashleyview,Michigan,Vanuatu,2025-07-23
C003017,Cassandra,Goodman,Female,jennifer57@example.net,East Shaneborough,Washington,Botswana,2024-01-12
C003018,Morgan,Becker,Female,scottrodriguez@example.org,Port Dustin,Utah,Fiji,2026-01-29
C003019,Evan,Greene,Male,phillipwade@example.org,Hughesmouth,Nebraska,Uruguay,2025-08-24
C003020,Jennifer,Miranda,,tiffany46@example.com,Coryburgh,Oklahoma,Honduras,2022-09-21
C003021,Christopher,Martinez,,bellsharon@example.net,New Jennifer,Hawaii,Argentina,2023-12-14
C003022,Debra,Shelton,,briana28@example.net,South Kimberly,Nebraska,Liechtenstein,2023-12-22
C003023,Joshua,Clark,Male,lucasbaker@example.org,Leeberg,Virginia,Kazakhstan,2024-03-02
C003024,Jason,Barnes,,christophermullen@example.org,North Devintown,New York,Kazakhstan,2025-05-08
C003025,Carlos,Lee,,stephanie86@example.net,Matamouth,Indiana,Tunisia,2024-01-19
C003026,Michael,Kelly,Female,danieljohnson@example.org,New Ashleyborough,California,Moldova,2023-10-31
C003027,Anthony,Patrick,,brett93@example.org,Colebury,Connecticut,Bulgaria,2024-08-17
C003028,Vanessa,Small,Female,shelly48@example.com,Port Ernestmouth,Texas,United States Minor Outlying Islands,2026-07-22
C003029,Catherine,Gallegos,Male,foxrobert@example.net,North Cathyfort,Georgia,China,2021-09-14
C003030,Diana,Woods,Female,sherrymartinez@example.net,Michaelbury,Rhode Island,Norway,2025-01-24
C003031,Ashley,Barton,,jimmyjones@example.com,Shahville,New Jersey,Guyana,2023-10-17
C003032,Christine,Gonzalez,,alexanderboyle@example.net,Port Ryantown,Rhode Island,Finland,2026-04-06
C003033,Steven,Smith,Female,david30@example.org,Palmerside,Nevada,Lithuania,2024-10-24
C003034,Zachary,Harrington,,matthew85@example.org,Baileyville,Maryland,Grenada,2021-10-12
C003035,Christine,Kerr,Female,rachelmyers@example.net,Ericaberg,New Hampshire,Christmas Island,2024-01-28
C003036,Stephanie,Garcia,,robertshannah@example.org,Laurabury,Tennessee,Micronesia,2022-12-02
C003037,Eileen,Gentry,Female,rebecca21@example.com,Greenborough,Maine,Netherlands,2025-12-01
C003038,Michele,Strong,Female,simmonsnatasha@example.net,Coleton,New Hampshire,Moldova,2026-01-15
C003039,Anita,Wiley,Male,velliott@example.net,Amandamouth,Louisiana,Niger,2021-12-10
C003040,Karen,Brown,Female,jellis@example.com,Stefaniehaven,New Hampshire,Nigeria,2022-09-30
C003041,Beth,Medina,Female,jay70@example.org,West Bailey,Delaware,Jersey,2025-04-08
C003042,Michael,Santiago,Male,saragreen@example.org,Payneview,New Hampshire,Afghanistan,2023-01-11
C003043,Timothy,Lawrence,,zcooper@example.net,Brooksshire,Idaho,Jersey,2026-01-25
C003044,Raven,Taylor,Female,basskiara@example.org,South Stephanie,Michigan,Singapore,2024-01-18
C003045,Donald,Price,Male,ebranch@example.org,North Anthony,Wyoming,Guam,2023-11-09
C003046,William,Johnston,Male,richardsondonald@example.com,West Kimberly,Missouri,Angola,2021-08-07
C003047,Amber,Ramsey,Female,hutchinsonmatthew@example.com,South Denise,Arizona,Qatar,2026-05-03
C003048,Anthony,Winters,,charles36@example.com,East Brianna,Massachusetts,Jordan,2025-03-24
C003049,Amanda,Jensen,Male,zglenn@example.com,Lake Tyroneton,Nevada,Aruba,2021-09-09
C003050,Joseph,Bennett,Female,kristin37@example.org,Port Joshuashire,Colorado,Saint Lucia,2025-11-27
C003051,Tracy,Parker,Male,james87@example.org,Allenmouth,Nevada,Colombia,2025-12-10
C003052,Rebecca,Mcclain,,amarsh@example.net,Jonathanstad,North Carolina,Jordan,2023-09-17
C003053,Alexandra,Roberts,Female,rparker@example.org,Hunterbury,South Dakota,Bahrain,2022-10-27
C003054,Jessica,Munoz,Female,nthompson@example.net,Ginaburgh,Colorado,North Macedonia,2022-05-16
C003055,Jamie,Robinson,,davidhart@example.org,South Hollyville,Indiana,Tokelau,2026-06-01
C003056,Dorothy,Smith,,stacy45@example.com,Mcleanfort,California,Haiti,2025-09-19
C003057,Elizabeth,Rodriguez,Male,ysantos@example.com,West Leslieside,Pennsylvania,Taiwan,2022-09-20
C003058,Christopher,Garcia,Female,mitchell67@example.net,Waltonfurt,Mississippi,Svalbard & Jan Mayen Islands,2023-12-08
C003059,Ryan,Morales,Male,timothy60@example.net,Davidhaven,Texas,Saint Pierre and Miquelon,2026-03-18
C003060,Melissa,Taylor,Female,ucollins@example.org,South Michaelport,Oregon,Nigeria,2024-04-02
C003061,Troy,Taylor,Male,dferrell@example.com,Joyberg,Hawaii,Albania,2023-09-21
C003062,Gloria,Spencer,Female,perrycatherine@example.net,Bowersbury,Tennessee,Malta,2023-09-22
C003063,Gina,Johnson,,imcbride@example.com,Valenciachester,Illinois,Myanmar,2021-10-02
C003064,Francis,Delacruz,Male,john31@example.net,New Lori,Kansas,Dominican Republic,2025-09-02
C003065,Penny,Rodriguez,Female,owenwilliam@example.net,South Michaelhaven,Ohio,Gibraltar,2023-04-13
C003066,Tyrone,Watson,Female,michael96@example.org,Charlesborough,Nebraska,New Caledonia,2023-11-08
C003067,Johnny,Gibson,Male,loganpineda@example.net,Lake Walter,Virginia,Uzbekistan,2022-01-04
C003068,John,Bailey,,nmoses@example.com,Lake Valerie,Ohio,Rwanda,2025-08-05
C003069,Michael,Mcclure,,ebeck@example.com,West Shirley,Missouri,United Kingdom,2021-10-17
C003070,David,Mendez,Male,hamptonsabrina@example.com,West Michelle,Rhode Island,Gambia,2024-09-25
C003071,Robert,Rush,Male,phillipmcclure@example.net,Derrickhaven,Mississippi,Taiwan,2022-02-24
C003072,Tammy,Ellis,Female,uolson@example.net,North Lisatown,Florida,Palau,2026-07-05
C003073,Lisa,Snyder,Female,lawsonbrian@example.net,Melissaberg,Alabama,Comoros,2024-04-07
C003074,Donna,Moore,,daviddalton@example.com,New Blakeview,Minnesota,Saint Martin,2025-07-20
C003075,George,Torres,,robert22@example.org,South Matthewchester,Indiana,Norfolk Island,2025-07-11
C003076,Carolyn,Duke,,benjamin24@example.org,South David,Kansas,Peru,2024-04-04
C003077,Stephanie,Smith,Male,daylee@example.net,Cameronview,Hawaii,Bahamas,2022-04-09
C003078,Justin,Evans,Male,brandon45@example.org,Lake Michelle,Idaho,Malaysia,2021-11-01
C003079,Breanna,Bentley,Male,qjohnson@example.com,West Sarahborough,Colorado,Anguilla,2026-02-07
C003080,Alexander,Washington,,joemurphy@example.net,East Katherine,New York,Lebanon,2024-09-18
C003081,Jeffrey,Graham,,jonathan61@example.com,South Michael,Iowa,Guadeloupe,2023-03-03
C003082,Angela,Rodriguez,,lpace@example.com,Pattersonmouth,Utah,Egypt,2024-06-19
C003083,Lauren,Ray,,catherinewhite@example.net,Port Dominicland,Minnesota,Bahamas,2026-03-27
C003084,Corey,Dyer,Male,danahudson@example.com,South Christine,West Virginia,Mauritius,2026-06-06
C003085,Dawn,Rivera,Female,patriciaburnett@example.com,East Janet,Oregon,Bangladesh,2025-09-21
C003086,Carrie,Munoz,Male,walkersamantha@example.net,East Valeriestad,Rhode Island,Ecuador,2024-05-27
C003087,Kristin,Edwards,Female,rushlaurie@example.org,South Shelbyburgh,Idaho,Antigua and Barbuda,2025-09-25
C003088,Jasmin,Gates,Female,carly00@example.net,Maryborough,Montana,El Salvador,2025-12-13
C003089,Philip,Roberts,Male,madisongoodman@example.net,Chapmanview,Georgia,Cayman Islands,2025-01-06
C003090,Tina,Zimmerman,Male,fordedward@example.com,Robbinsbury,Massachusetts,Cayman Islands,2023-11-16
C003091,Brandon,Burton,Male,udorsey@example.net,Rodriguezborough,Illinois,Mauritius,2025-04-27
C003092,Jeffery,Smith,,lamelizabeth@example.org,West Wyatt,Nevada,Oman,2026-05-10
C003093,Sarah,Dyer,Male,richard86@example.org,Martinport,New Jersey,Palau,2021-09-14
C003094,Keith,Lara,,jeffreyjoseph@example.com,Deborahchester,North Dakota,Finland,2026-04-05
C003095,Kellie,Cook,Female,vnavarro@example.org,Edwardsborough,Massachusetts,Saudi Arabia,2021-11-27
C003096,Veronica,Richardson,Male,rfoster@example.com,Janeshire,Mississippi,United States Minor Outlying Islands,2024-06-19
C003097,Mark,Jenkins,,floyddanielle@example.org,South Julie,Georgia,Cocos (Keeling) Islands,2024-05-31
C003098,Randall,Nelson,,dana10@example.net,East Tara,Florida,Greece,2022-01-11
C003099,Joseph,Gomez,,mary37@example.net,East Todd,Nebraska,Aruba,2022-12-06
C003100,Justin,Walls,Male,jason29@example.com,New Chrisfort,Georgia,Christmas Island,2024-07-08
C003101,Douglas,Smith,Female,michaeltodd@example.com,New Eric,Rhode Island,Northern Mariana Islands,2023-05-31
C003102,Christopher,Hays,Male,ashley28@example.com,South Lindashire,Michigan,Congo,2024-08-01
C003103,Samantha,Mcdonald,,donnadouglas@example.com,Ellistown,Arkansas,Zambia,2026-06-14
C003104,William,Collins,Female,zjordan@example.com,Gwendolynbury,Nevada,Vanuatu,2024-12-27
C003105,Adam,Faulkner,Female,jason68@example.org,Rebeccatown,North Dakota,Greece,2023-03-30
C003106,Henry,Cobb,Female,emartin@example.org,Jamesberg,Indiana,Sri Lanka,2026-02-18
C003107,Douglas,West,Female,tonychen@example.com,Weeksburgh,New Mexico,Azerbaijan,2025-03-16
C003108,Joseph,Thompson,,jonking@example.com,Sanderston,Minnesota,Bolivia,2026-04-03
C003109,Kenneth,Daniel,,dmiller@example.com,Jacksonside,Missouri,Saudi Arabia,2025-04-05
C003110,April,Boyd,Female,nbender@example.org,Teresaview,Alaska,Saudi Arabia,2022-10-18
C003111,Savannah,Malone,Female,christopher69@example.net,Robertland,Iowa,Papua New Guinea,2023-01-24
C003112,Brandon,Hoffman,Female,heatheryoung@example.org,New Anthony,Montana,Mozambique,2025-04-10
C003113,Joseph,Fisher,Female,ballarddeanna@example.org,Sheppardbury,South Dakota,New Zealand,2024-04-27
C003114,Aaron,Parsons,,ernestmarsh@example.org,Lewishaven,Wisconsin,Haiti,2022-06-20
C003115,Adam,Hernandez,Female,coxjavier@example.org,Port Margaret,South Dakota,Senegal,2024-12-29
C003116,Erika,Carter,Female,wheelergregory@example.org,Williamsbury,Delaware,Mexico,2024-07-16
C003117,Ronald,Lopez,Male,whitemichael@example.org,North Elizabeth,New Jersey,Libyan Arab Jamahiriya,2024-09-29
C003118,Raymond,Johnston,,smithadam@example.org,South Nicholasmouth,Indiana,Swaziland,2025-05-10
C003119,Sheila,Horn,Female,jonathanrobinson@example.net,Wilsonland,Massachusetts,Finland,2025-02-28
C003120,Kevin,Montgomery,Female,marshallconnie@example.net,Smithfort,Georgia,Martinique,2026-05-28
C003121,Rebecca,Anthony,Male,williamsjohn@example.net,Port Mollyborough,Maine,Niue,2025-02-18
C003122,Darlene,White,Female,garyjames@example.net,North Nicholasborough,Idaho,Estonia,2025-01-21
C003123,Amy,Taylor,Female,jacob76@example.org,Dylanton,Hawaii,Benin,2022-09-01
C003124,Corey,Mcdonald,Female,jessica28@example.net,East Pamela,New York,Philippines,2021-09-12
C003125,Kara,Miller,Male,hwagner@example.com,Nortonside,Nebraska,Saint Pierre and Miquelon,2022-03-30
C003126,Carla,White,,cookwilliam@example.com,South Scott,Wyoming,Andorra,2022-06-02
C003127,Billy,Berry,Male,webblindsay@example.com,Lake Mercedes,Maine,Yemen,2024-12-07
C003128,Michael,Gonzalez,,kimberly05@example.org,Morrismouth,Alabama,Marshall Islands,2022-11-12
C003129,Luis,Kelley,Male,chickman@example.org,Port Tyler,Kentucky,Jordan,2023-10-29
C003130,Travis,Gross,Male,wendysantos@example.com,Donnaton,Michigan,Vietnam,2024-02-12
C003131,Marc,Robbins,Female,millerraven@example.com,South Danielle,New Hampshire,Ecuador,2026-03-20
C003132,Devin,Lopez,,wilsonhannah@example.org,North Michael,Colorado,Sao Tome and Principe,2022-05-10
C003133,Margaret,Scott,,ywoodard@example.net,North Ninaton,Mississippi,Antarctica (the territory South of 60 deg S),2022-06-17
C003134,Blake,Edwards,,craigdanielle@example.com,Phamland,New Jersey,Australia,2024-11-27
C003135,Joseph,Bell,,gknight@example.net,Craneland,Hawaii,Uganda,2026-05-06
C003136,Laura,Gallegos,Female,mrodgers@example.org,Cynthiaside,Utah,Belgium,2026-04-08
C003137,Amy,Sandoval,Female,rayrobin@example.org,Lorimouth,Vermont,Ireland,2024-01-25
C003138,Heather,Marshall,Male,lbarrera@example.com,West Anne,West Virginia,Antarctica (the territory South of 60 deg S),2022-01-18
C003139,Benjamin,Hernandez,Male,colekirk@example.org,Bergmouth,Wisconsin,South Georgia and the South Sandwich Islands,2021-10-07
C003140,Nicole,Wade,Female,kingtracie@example.org,Shannonburgh,New Hampshire,Kuwait,2024-11-07
C003141,Marcus,Lopez,Male,brianlowery@example.net,New Joseph,Oregon,Moldova,2023-12-09
C003142,Joe,Fletcher,Female,dthompson@example.org,East Courtney,Michigan,Reunion,2023-12-06
C003143,Gabrielle,Smith,,anthony93@example.net,Wadeborough,Virginia,New Caledonia,2025-07-26
C003144,Kyle,Cruz,Male,joseph73@example.net,West Jennifer,Montana,South Africa,2024-12-13
C003145,David,Allen,Female,tranangela@example.net,Sullivanberg,New Mexico,Egypt,2023-03-27
C003146,Tina,Perez,,melodyjacobson@example.com,North Melissa,Nebraska,Jamaica,2022-07-16
C003147,Joseph,Brown,,hayley21@example.com,Norrisview,Vermont,Guam,2022-06-14
C003148,Morgan,Lewis,,laurenrice@example.com,East James,New Jersey,Antigua and Barbuda,2022-12-25
C003149,Joseph,Cox,Female,singhnicole@example.com,West Monica,Georgia,Belize,2021-12-14
C003150,Tanner,Baker,Female,kelly95@example.com,Garrettland,South Dakota,Micronesia,2024-03-23
C003151,Kevin,Chase,Female,nicholas81@example.com,East Claireville,Nebraska,Faroe Islands,2025-04-30
C003152,Darlene,Thompson,,donna42@example.net,Thompsonmouth,Washington,Costa Rica,2023-03-08
C003153,Denise,Howell,,pbrooks@example.net,West Johntown,Arkansas,Kyrgyz Republic,2023-02-23
C003154,David,Richardson,,roblesjeffrey@example.com,Stephensonburgh,Utah,Ukraine,2022-09-27
C003155,Matthew,Owens,Female,jordansingh@example.org,Lake Wesleyberg,Kentucky,Iraq,2026-06-19
C003156,Rebecca,Allen,Female,rnichols@example.com,West Jamie,Arkansas,Svalbard & Jan Mayen Islands,2024-09-29
C003157,Samantha,Welch,Male,simmonsjill@example.net,Wilsontown,Missouri,Sudan,2025-11-22
C003158,Courtney,Allen,,mgentry@example.org,Port Michele,California,Maldives,2026-02-17
C003159,Carla,Graves,Female,cruzalbert@example.org,Samuelstad,Pennsylvania,Algeria,2022-01-29
C003160,Rachel,Flores,Male,jessicalee@example.com,North Reneeton,Idaho,United States Minor Outlying Islands,2026-06-25
C003161,Frederick,Hebert,Male,gmccormick@example.org,North Sara,Arkansas,Micronesia,2023-07-10
C003162,Christopher,Adkins,,donald07@example.net,Hinesmouth,North Carolina,Turkey,2022-11-15
C003163,Antonio,Brown,,mitchelljoshua@example.com,West Philip,Tennessee,Lebanon,2022-09-06
C003164,Tracy,Wright,Female,wjones@example.net,Genemouth,West Virginia,Netherlands Antilles,2025-02-09
C003165,Carol,Bryant,Male,donna63@example.com,New Jerome,Michigan,Germany,2024-01-23
C003166,Bailey,Keller,,peterhamilton@example.com,Jenniferville,Arizona,Heard Island and McDonald Islands,2024-07-01
C003167,Catherine,Blair,,stewartkelsey@example.org,East Matthewchester,West Virginia,Anguilla,2025-12-09
C003168,Alyssa,Saunders,Male,ymontgomery@example.com,Port Christinaborough,Minnesota,Gambia,2024-12-12
C003169,Rebecca,Long,,fmurphy@example.org,North Christopherport,Florida,Iceland,2022-05-23
C003170,Derrick,Collins,Male,robin80@example.org,Michaelport,Arkansas,Macao,2023-04-24
C003171,Kristie,Schultz,Male,richard35@example.org,Daniellefort,Wyoming,Korea,2025-05-21
C003172,Sierra,Rivera,,asharp@example.net,Kiaramouth,New Jersey,Ukraine,2022-09-07
C003173,Nancy,King,Male,jessica25@example.org,East Sherry,West Virginia,Micronesia,2025-09-18
C003174,Robert,Mcguire,Male,millertravis@example.com,Port Eric,New Mexico,Namibia,2025-04-29
C003175,Rebecca,Howell,Female,kmurphy@example.org,Crawfordshire,Oregon,Nicaragua,2021-10-30
C003176,Brian,Walker,Male,joseph70@example.org,Katherinemouth,Oregon,Rwanda,2021-12-23
C003177,David,Thomas,,terry53@example.net,Chadborough,Utah,Western Sahara,2024-08-10
C003178,Timothy,Thornton,Male,eugene46@example.org,Davidchester,West Virginia,Chad,2021-09-03
C003179,Brian,Gomez,Male,sandersjohn@example.com,Joneshaven,Rhode Island,Luxembourg,2024-03-12
C003180,Jacob,Thomas,,debrawinters@example.net,Lake Jeffery,North Carolina,Armenia,2023-01-01
C003181,Jennifer,Austin,Male,zmiller@example.com,East Jamesbury,Arkansas,Madagascar,2025-08-23
C003182,Kelly,Miller,Male,john60@example.net,Lake Allen,Rhode Island,Uruguay,2022-07-24
C003183,Jeffrey,Lozano,Male,simongabrielle@example.org,New Johnchester,New York,Saint Kitts and Nevis,2026-06-13
C003184,Sarah,Jimenez,,dlogan@example.org,Petersonmouth,Missouri,Georgia,2023-05-09
C003185,Kent,Williamson,Female,clarkrachel@example.net,New Markview,Illinois,Guinea-Bissau,2025-06-04
C003186,Jennifer,Rodriguez,Female,taylorclaudia@example.net,Nathanbury,Arkansas,Mauritania,2024-08-28
C003187,Karen,Lee,Male,jacobshah@example.org,West Erika,California,Georgia,2026-06-09
C003188,Abigail,Rogers,,marshalldouglas@example.com,South Dillonchester,Alabama,Hungary,2023-10-07
C003189,Jennifer,Flores,,franciskenneth@example.net,Kimville,Nebraska,France,2024-05-18
C003190,John,Zhang,,shawnkoch@example.net,Wrightburgh,Pennsylvania,Finland,2021-11-01
C003191,Ashley,Bryan,,michaelestrada@example.org,Lake Lauren,Mississippi,Madagascar,2024-08-31
C003192,Shawn,Tate,Female,nicholaswhite@example.com,New Elizabethshire,Maryland,Switzerland,2024-08-01
C003193,Stephanie,Cruz,,colleen19@example.com,Maryfurt,Texas,French Polynesia,2026-07-24
C003194,Ryan,Saunders,Female,johnsilva@example.org,Charlesstad,Hawaii,Gabon,2025-12-07
C003195,Tiffany,Koch,Male,xsimpson@example.com,Tristantown,California,Macao,2024-07-04
C003196,Kathleen,George,Male,kathy14@example.com,Mcmillanbury,Nevada,Liechtenstein,2022-04-13
C003197,Darlene,Cooper,,paulrebecca@example.net,North Laurenport,Texas,Belarus,2023-11-16
C003198,Rachel,Johnson,,sallen@example.com,Lake Johnchester,Connecticut,Cyprus,2024-11-19
C003199,Alexander,Freeman,Female,lauriereese@example.com,Michaelmouth,Idaho,Libyan Arab Jamahiriya,2023-04-17
C003200,Deborah,Robbins,Male,mistywolf@example.com,Mcdanielhaven,Michigan,Uruguay,2022-01-06
C003201,Michael,Williams,Male,gmeyer@example.org,Michaelmouth,Delaware,Puerto Rico,2023-03-11
C003202,Mary,Byrd,,heathrobert@example.net,Tinashire,Kansas,Italy,2026-03-28
C003203,John,King,,petersonnicole@example.com,Lake Robertland,Iowa,Cote d'Ivoire,2024-07-02
C003204,Robert,Lopez,Female,josewatson@example.org,West Randall,Montana,Bangladesh,2024-07-14
C003205,Christopher,Thomas,,cberger@example.net,Angelafurt,Pennsylvania,Libyan Arab Jamahiriya,2024-05-02
C003206,Alicia,Duncan,Female,fstevenson@example.net,Spearston,Minnesota,Central African Republic,2024-01-15
C003207,Brent,Erickson,Male,lduncan@example.org,Lisaland,Nevada,El Salvador,2022-03-26
C003208,Adam,Martinez,,lcampbell@example.net,North Tonyborough,Connecticut,Sao Tome and Principe,2024-08-06
C003209,Ashley,Shaw,,rsanchez@example.net,Port Alexandriastad,Iowa,Sudan,2023-07-05
C003210,Robert,Hernandez,,alexanderlopez@example.com,Harrisstad,New York,Korea,2023-06-08
C003211,Christine,Roberts,Female,lauren04@example.org,East Melissaburgh,New Mexico,Costa Rica,2021-08-28
C003212,Karen,Parker,Male,jennatorres@example.net,Clarkmouth,Florida,Pitcairn Islands,2025-03-10
C003213,Kristin,Combs,Male,wilsonzachary@example.org,East Maryside,Alabama,Poland,2025-10-13
C003214,Melody,Chambers,Male,william62@example.net,New Matthewland,Virginia,Bosnia and Herzegovina,2022-01-13
C003215,Sarah,Shaw,,owenslaura@example.org,Lake Peter,Missouri,India,2022-09-16
C003216,Debra,Mays,Male,timothy81@example.net,East Robert,Massachusetts,Mozambique,2024-02-22
C003217,Matthew,Lee,Male,tcarr@example.org,Vanessatown,Iowa,Liechtenstein,2023-05-16
C003218,Michael,Barker,Male,kellereric@example.com,Davidmouth,Vermont,Greenland,2023-08-22
C003219,Maria,Perkins,,brandon30@example.com,Masonside,Arkansas,Korea,2025-07-07
C003220,David,Hodge,,srivera@example.net,Lauraland,North Carolina,Guinea-Bissau,2022-05-14
C003221,Jennifer,Huber,Female,williamlam@example.org,West Davidshire,New Jersey,Kenya,2024-01-19
C003222,Joseph,Davis,Female,aswanson@example.com,Gutierrezstad,Florida,Malawi,2026-01-29
C003223,Garrett,Anderson,Female,krodriguez@example.net,Dianeshire,Texas,Suriname,2021-09-07
C003224,Meredith,Anderson,Female,anna49@example.com,Lake Melissa,Kentucky,Saint Vincent and the Grenadines,2025-11-10
C003225,Stephen,Bass,Male,eboyer@example.net,New Amanda,Nevada,Guam,2024-09-10
C003226,Allen,Doyle,Female,mannbrandi@example.org,Brookefurt,West Virginia,Kenya,2024-02-22
C003227,Donald,Clark,Female,susan93@example.com,North Bethport,Colorado,Cape Verde,2024-10-02
C003228,Anthony,Reyes,Female,emily60@example.net,Nicholsmouth,Florida,Afghanistan,2024-11-29
C003229,Anthony,Hodge,,sarajoseph@example.net,North Ericshire,South Carolina,Japan,2023-07-19
C003230,Thomas,Good,Male,bmartin@example.org,Walkerview,North Carolina,Czech Republic,2026-07-03
C003231,Nicholas,Fisher,,stevenscraig@example.net,West Richardmouth,New York,Sri Lanka,2023-01-01
C003232,Michelle,Lee,Male,cburns@example.com,Petermouth,Illinois,Netherlands Antilles,2022-10-14
C003233,Philip,Swanson,Female,garzajulia@example.com,Vanessaside,Tennessee,Martinique,2024-01-16
C003234,Tammy,Higgins,,fischerzachary@example.net,Fergusonton,Hawaii,Greenland,2022-08-17
C003235,Cody,Ponce,Male,robertokhan@example.org,Josephfort,Wyoming,Malawi,2026-01-15
C003236,Gina,Elliott,,torresmelissa@example.com,Martinezmouth,Rhode Island,Solomon Islands,2023-11-25
C003237,Jessica,Williams,,hendricksemily@example.org,Clarkhaven,Massachusetts,Equatorial Guinea,2023-07-13
C003238,Samantha,Fletcher,Male,jessica43@example.com,Port Audrey,Arizona,Micronesia,2024-08-03
C003239,Daniel,Rodriguez,Male,stacey67@example.org,East Daniel,Alabama,Guernsey,2023-01-13
C003240,Sarah,Weaver,Female,diana25@example.net,North Christophershire,Tennessee,Armenia,2022-07-19
C003241,Michael,Evans,Female,lanegabriel@example.net,Bryanburgh,Massachusetts,Mongolia,2023-10-23
C003242,Colleen,Hoover,Female,chandlerjeremy@example.org,New Amy,New Hampshire,Philippines,2023-08-30
C003243,Taylor,Phelps,,chaneypaul@example.org,Paulaland,Illinois,Slovakia (Slovak Republic),2026-04-24
C003244,Kyle,Holland,Female,ipierce@example.com,Kellyborough,Alaska,Marshall Islands,2022-01-24
C003245,James,Allen,Male,cynthiasalas@example.com,East Paulfurt,Kansas,Malawi,2022-05-26
C003246,Adam,Martinez,,anita85@example.org,East Mallory,Connecticut,Belarus,2025-08-18
C003247,William,Brown,Male,zcalderon@example.com,Jonesberg,Virginia,Slovenia,2025-12-08
C003248,Elizabeth,Tran,,kathrynbaxter@example.org,New Tara,New Hampshire,Ghana,2025-08-02
C003249,Joseph,Howard,Male,johnhuff@example.org,Smithmouth,New York,Marshall Islands,2023-12-23
C003250,Brooke,Schneider,Male,katherine72@example.com,Matthewmouth,California,Comoros,2026-03-09
C003251,Juan,Skinner,Female,sgould@example.com,Lake Juliemouth,Iowa,Korea,2023-05-08
C003252,Gregory,Ramos,Female,teresa48@example.net,Port Marcus,Washington,Italy,2024-11-03
C003253,Stacy,Berry,,mannlisa@example.com,Port Saraville,Massachusetts,Saint Pierre and Miquelon,2023-09-24
C003254,Patricia,Cobb,Female,charles76@example.com,Snyderton,Tennessee,Heard Island and McDonald Islands,2021-11-13
C003255,Robert,Glenn,,walleramy@example.net,North Michele,Iowa,Eritrea,2023-09-26
C003256,Jacqueline,Thompson,Male,bflores@example.org,Lake Kevin,West Virginia,United Arab Emirates,2023-04-15
C003257,James,Allen,,kimberlylane@example.org,Cindystad,Florida,Fiji,2025-05-31
C003258,Shannon,Morgan,Male,michelle57@example.net,South James,Ohio,Albania,2025-09-08
C003259,James,Martin,Male,wanda27@example.org,Rodriguezhaven,West Virginia,Paraguay,2023-07-07
C003260,Eugene,Spears,Male,dcarpenter@example.net,Timothyburgh,Indiana,Norfolk Island,2023-11-30
C003261,Jason,Hawkins,,terrence72@example.com,New Vickiborough,Delaware,South Africa,2024-08-14
C003262,Harold,Armstrong,,christopher23@example.org,Port Sheilafurt,Idaho,Guernsey,2022-10-08
C003263,Bethany,Dillon,Female,pruittmichael@example.com,Joshuaside,South Carolina,Chad,2023-02-27
C003264,Priscilla,Barron,Female,christophercannon@example.org,West Richard,Alaska,Cook Islands,2026-02-02
C003265,Eric,Hernandez,Male,qlee@example.com,West Tonyashire,Wisconsin,Mayotte,2026-04-28
C003266,Michael,Garcia,Male,fpena@example.org,Port Jocelyn,Mississippi,Bahamas,2024-03-10
C003267,Gerald,Fernandez,,paul34@example.com,Williamshaven,Ohio,China,2022-08-15
C003268,Barbara,Rosales,Female,mthompson@example.net,Randallborough,Montana,Cote d'Ivoire,2021-12-15
C003269,James,Smith,,paul17@example.org,Ponceberg,North Carolina,Seychelles,2021-08-21
C003270,Shirley,Haynes,,dcollins@example.net,Kristafort,Maine,Montserrat,2021-12-20
C003271,Christopher,Roman,,jonathanpearson@example.org,East Sherriton,Virginia,Zambia,2025-01-06
C003272,Paul,Young,Male,wreynolds@example.org,Michaelmouth,Maryland,Barbados,2023-01-07
C003273,Aaron,Reid,Male,ygilbert@example.org,New Michael,Wisconsin,Taiwan,2022-02-01
C003274,Aaron,Collins,Female,ymiller@example.net,Burgesston,Idaho,Tonga,2023-07-07
C003275,Adam,Barnes,Male,walshscott@example.net,Jamesville,Washington,Hong Kong,2026-01-09
C003276,Dennis,Collins,Male,brandtrobert@example.net,Gardnerport,Massachusetts,Latvia,2025-12-08
C003277,Jeffrey,Carey,,jordanbrian@example.org,Ericborough,Wyoming,Malta,2024-06-05
C003278,Michael,Newton,Male,murraylauren@example.net,Lake Stevenburgh,South Carolina,Maldives,2023-06-10
C003279,Gary,Stanley,,mooneydanielle@example.net,Port Ronaldmouth,Connecticut,El Salvador,2024-04-09
C003280,Jesus,Walker,Female,kimberlyporter@example.org,Spencermouth,Minnesota,Equatorial Guinea,2025-03-30
C003281,Cameron,Hart,Male,kellychang@example.org,North Lori,Idaho,Madagascar,2026-05-11
C003282,Rachel,Jones,Female,brandonwillis@example.net,Dillonmouth,Montana,Mexico,2021-08-01
C003283,Teresa,Moore,Male,cmartin@example.com,South Jillberg,Louisiana,San Marino,2026-02-27
C003284,Bryan,Clay,,john32@example.com,Lake Katelynfort,Kentucky,Netherlands Antilles,2023-07-22
C003285,Edwin,Mcpherson,Male,williamcampbell@example.org,South Dawn,Minnesota,Equatorial Guinea,2022-08-14
C003286,Brandy,Adams,,jo03@example.org,New Robertview,Connecticut,France,2024-05-07
C003287,Diana,Gallegos,Female,robertsonlisa@example.com,Port Mariahaven,New York,Panama,2022-02-04
C003288,Brenda,Huff,,hawkinsrhonda@example.com,Jacksonton,South Carolina,Austria,2023-12-25
C003289,Keith,Ruiz,,ashleyholt@example.com,South Sheilatown,Alaska,Cook Islands,2025-02-12
C003290,Michael,Rice,Female,rose86@example.com,Websterfort,Maine,Slovakia (Slovak Republic),2022-12-16
C003291,Nicholas,Bennett,Female,ramosjeffery@example.com,Port Kellyfort,Kentucky,Bosnia and Herzegovina,2022-04-22
C003292,Angela,Daniels,,samuelwheeler@example.net,West Mary,Florida,Somalia,2024-03-26
C003293,Sherry,Garrett,Male,torresbeverly@example.com,South Andrewfurt,Rhode Island,Singapore,2025-02-09
C003294,Timothy,Alexander,,hannahjordan@example.net,Staceyton,Indiana,Papua New Guinea,2025-04-09
C003295,Ronald,Morales,,stevensedward@example.net,East Matthewfort,Missouri,Turks and Caicos Islands,2022-11-26
C003296,Chelsea,Suarez,Male,katelynrobinson@example.org,Johnstad,Florida,Saint Vincent and the Grenadines,2025-01-21
C003297,Melinda,Williams,,jacob98@example.com,West Janet,Alaska,Bermuda,2021-12-26
C003298,Christine,Morrison,,spencer54@example.net,Harrismouth,New Jersey,Argentina,2022-12-11
C003299,Brianna,Gilbert,Female,eellis@example.net,Michaelfurt,Michigan,Morocco,2023-12-18
C003300,Shannon,Lynch,Male,chananthony@example.org,Andrewfort,Indiana,United States of America,2026-01-19
C003301,Amber,Sweeney,Male,nielsenapril@example.net,West Lisafort,Massachusetts,Japan,2024-09-09
C003302,Joshua,Lewis,Female,kfoley@example.org,Stanleyland,Utah,Saint Helena,2023-09-09
C003303,Sandra,Chapman,Male,dflores@example.org,South John,Wisconsin,Bangladesh,2022-02-27
C003304,Joseph,Trevino,Male,tbarajas@example.com,Fitzpatrickville,Georgia,Hungary,2023-03-16
C003305,Thomas,Moore,Female,trandouglas@example.net,East Melissaside,South Carolina,Norway,2025-10-22
C003306,William,Buck,,jonathanmoses@example.net,New Natashatown,South Dakota,Marshall Islands,2023-01-10
C003307,Jennifer,Bailey,,nancy37@example.net,North Jasmin,Louisiana,Croatia,2023-11-05
C003308,Robert,Martinez,,miguel67@example.org,Underwoodchester,Wisconsin,Nigeria,2025-09-27
C003309,Jonathan,Mckinney,Female,nelsonkevin@example.org,Lake Jessicaton,New Hampshire,Heard Island and McDonald Islands,2023-08-14
C003310,Edward,Schroeder,Female,williamsroberto@example.org,Mackfort,Hawaii,Myanmar,2023-08-16
C003311,Joy,Thompson,Male,kara42@example.com,Lake Joseph,Pennsylvania,Rwanda,2023-12-29
C003312,Mackenzie,Greene,,danny97@example.net,Port Robert,South Dakota,Swaziland,2025-12-14
C003313,Victoria,Griffin,Female,william78@example.net,Lake Todd,California,United States Minor Outlying Islands,2021-11-12
C003314,Jaclyn,Lopez,Female,michaelklein@example.org,Steelefort,New Jersey,British Indian Ocean Territory (Chagos Archipelago),2024-05-10
C003315,James,Morales,Female,alvarezsarah@example.net,West Bryanburgh,Minnesota,Honduras,2026-05-04
C003316,Brian,Carter,Male,rachelortiz@example.com,Marshallberg,New Mexico,Singapore,2026-07-26
C003317,Samuel,Ewing,Female,tjohnston@example.net,Garciachester,Indiana,Saint Vincent and the Grenadines,2026-05-10
C003318,Albert,Marks,,gregory72@example.net,Lake Kellyhaven,Oklahoma,Norfolk Island,2022-01-25
C003319,Rebekah,Russell,Female,ktaylor@example.com,East Joannaport,Kansas,Zambia,2021-12-04
C003320,Danielle,Esparza,Female,floreskyle@example.com,Ninaberg,Michigan,Italy,2021-11-01
C003321,Justin,Roman,Male,tinawilliams@example.org,Oliverfurt,Vermont,United States of America,2022-02-07
C003322,Jennifer,Warner,,alvaradojack@example.org,West Anthony,South Carolina,Trinidad and Tobago,2026-07-10
C003323,Jeremy,Grimes,,laurapowers@example.net,Reyeschester,Montana,Gibraltar,2022-12-31
C003324,Adam,Young,,joshuaburton@example.net,Lake Michelleshire,Louisiana,Cyprus,2023-03-29
C003325,Jacqueline,Landry,Female,dmcintyre@example.net,West Angelaland,Kansas,Maldives,2021-09-22
C003326,Mason,Walker,Male,walkerkimberly@example.com,Phillipsmouth,Mississippi,Burkina Faso,2023-08-11
C003327,Leslie,Johnson,,haneymichael@example.com,Smithburgh,South Carolina,Yemen,2023-06-08
C003328,Anna,Schmidt,Female,keith23@example.com,Riosmouth,Oklahoma,Indonesia,2024-07-20
C003329,Morgan,Wright,Male,yjohnson@example.net,West Elizabeth,California,Haiti,2022-01-01
C003330,Lauren,Lynn,,xneal@example.org,South Natalie,Kentucky,Namibia,2023-03-29
C003331,Carl,Krause,Male,rlang@example.com,Alyssatown,Texas,Bahrain,2024-09-08
C003332,Travis,Watts,Male,gonzalezjoseph@example.org,Ramirezfurt,California,Ghana,2022-04-23
C003333,Holly,Moon,Female,john22@example.net,Rebeccamouth,Arizona,Saint Vincent and the Grenadines,2024-12-12
C003334,Cody,Mayo,Male,nelsonhannah@example.org,Jonesside,Ohio,Faroe Islands,2021-10-13
C003335,Mary,Burke,Female,john48@example.net,Port Derekfurt,North Carolina,Bouvet Island (Bouvetoya),2024-01-02
C003336,Sara,Wright,,boydandrew@example.net,West Melissahaven,Arizona,Mayotte,2022-03-03
C003337,Allen,Robinson,,morganarthur@example.net,Lake Jenniferton,Michigan,Honduras,2026-06-22
C003338,Jennifer,Peterson,Male,lpatrick@example.net,Lake Jackville,Wyoming,Dominica,2026-07-26
C003339,Colton,Miles,,robert21@example.org,Rebeccamouth,Nevada,Singapore,2022-11-09
C003340,William,Hernandez,Female,ashlee36@example.org,South Lorettaview,South Carolina,Malawi,2025-09-07
C003341,Krista,Baker,Female,carol26@example.org,North John,Colorado,Saint Kitts and Nevis,2025-10-13
C003342,Julie,Wood,Female,tyler16@example.com,Travishaven,South Dakota,Bhutan,2022-08-15
C003343,Justin,Andrews,Male,melissa43@example.net,Robertsville,Montana,Faroe Islands,2023-04-29
C003344,Allison,Thomas,Male,james22@example.org,South Wendyview,Washington,Micronesia,2026-02-26
C003345,Paul,Davis,Male,robertstafford@example.net,Lisastad,New York,El Salvador,2023-03-03
C003346,Randy,Gordon,Female,wattsmelissa@example.org,West Nicole,Arizona,Maldives,2022-08-30
C003347,Joseph,Ochoa,Female,mary78@example.net,Annehaven,Delaware,Namibia,2022-06-05
C003348,Ryan,Reyes,Female,laustin@example.com,Patrickmouth,Nevada,Portugal,2022-05-20
C003349,John,Ryan,Female,draketheodore@example.org,Davidborough,South Carolina,Saint Vincent and the Grenadines,2024-08-08
C003350,Karen,Cooper,Male,cynthia78@example.net,East Rebeccaberg,North Carolina,Andorra,2022-01-02
C003351,Shawn,Miller,Male,fisheranne@example.com,East Kaitlynshire,Maine,Ethiopia,2023-11-03
C003352,Kimberly,Estrada,Male,cody43@example.net,North Juliaburgh,Kansas,Saint Pierre and Miquelon,2025-01-25
C003353,Margaret,Reynolds,Male,kburch@example.net,South Robertfort,West Virginia,Equatorial Guinea,2023-12-02
C003354,Debbie,Taylor,Female,marquezconnor@example.net,West Aaronbury,North Carolina,El Salvador,2022-10-20
C003355,Taylor,Grant,Female,fsmith@example.net,Harrisonfort,South Carolina,Sao Tome and Principe,2023-04-18
C003356,Jeffrey,Delacruz,,douglas53@example.net,New David,Kentucky,Brunei Darussalam,2023-05-14
C003357,Kathryn,Woods,,stephenking@example.com,Brandonville,Texas,Spain,2024-03-04
C003358,Natalie,Lopez,,wallsjulian@example.com,Carneybury,Virginia,Honduras,2022-07-07
C003359,Jerry,Wilcox,Female,gweaver@example.com,Port Kristen,Wisconsin,San Marino,2025-07-18
C003360,Justin,Rivera,Male,miguelshaw@example.net,Sergiofort,Arkansas,Turkmenistan,2023-06-26
C003361,Jacqueline,Bowen,Male,feliciathompson@example.com,East Deanna,Arkansas,Canada,2026-07-10
C003362,Sarah,Collins,Male,phelpsjennifer@example.net,Vargasport,Nebraska,San Marino,2026-07-03
C003363,Deanna,Fox,Female,meyerkathleen@example.net,Lewischester,West Virginia,Uruguay,2021-12-16
C003364,Jeffrey,Andrews,,kimberly59@example.org,North Jennifermouth,West Virginia,Kazakhstan,2022-06-06
C003365,Stephanie,Cook,Male,millerjuan@example.org,Freemanchester,Florida,Iran,2024-12-09
C003366,William,Casey,,wware@example.com,Sheltonshire,Colorado,Russian Federation,2023-12-17
C003367,Courtney,Hernandez,,andrewpierce@example.net,North Kristinaville,West Virginia,Equatorial Guinea,2022-06-16
C003368,Lisa,Contreras,Female,fosterluis@example.com,Morrismouth,Connecticut,El Salvador,2025-11-26
C003369,Katrina,Juarez,Female,ogriffin@example.net,Lake Williamtown,Virginia,Estonia,2024-09-21
C003370,Michael,Neal,Male,joshuahopkins@example.com,Nancyshire,Montana,Jamaica,2023-04-25
C003371,Donna,Harvey,Female,melissadodson@example.com,South Davidmouth,Georgia,Samoa,2023-03-24
C003372,Hector,Robinson,Female,jamie35@example.org,Fordmouth,Utah,Liberia,2024-01-21
C003373,Jason,Leach,Female,paulwhitaker@example.com,Morrisborough,Texas,Bangladesh,2021-08-11
C003374,Jeanne,Garza,Male,scottthomas@example.com,Lake Paulaburgh,North Carolina,Antarctica (the territory South of 60 deg S),2026-05-06
C003375,Robert,Bentley,,olsonjoseph@example.com,Claychester,Rhode Island,Serbia,2024-01-20
C003376,Elizabeth,Wells,,stevenskaren@example.org,Kaylastad,Missouri,Jamaica,2024-01-26
C003377,Lisa,Patton,Male,robinsonmichael@example.org,Conradshire,Mississippi,Saint Barthelemy,2022-04-15
C003378,Michael,Patel,,uburns@example.net,South Taraland,West Virginia,Azerbaijan,2024-11-14
C003379,Gregory,Barker,,lisa64@example.net,Curryland,Idaho,Pitcairn Islands,2023-06-18
C003380,Jorge,Wolfe,Male,dianasantiago@example.org,Port Ashleyburgh,New Hampshire,Grenada,2023-07-16
C003381,Kenneth,Walker,,aguilarbryce@example.net,Phillipfurt,Indiana,Andorra,2021-11-15
C003382,Phillip,Price,Female,sparksbrian@example.net,South Jonathonmouth,North Carolina,Kyrgyz Republic,2025-12-01
C003383,Tammy,Pacheco,Male,pittsmary@example.net,North Jamesstad,Wisconsin,Tonga,2026-01-10
C003384,James,Randolph,Male,qgoodman@example.net,New Robert,Hawaii,Liberia,2026-03-06
C003385,Olivia,Cannon,Female,beverly86@example.com,Harrisonton,Michigan,Guyana,2023-01-21
C003386,Brittany,Klein,Female,wellsvalerie@example.net,Lynchville,Massachusetts,French Guiana,2025-01-31
C003387,Isaac,Short,Female,qsmith@example.org,East Kimberly,Connecticut,Croatia,2026-06-21
C003388,Peter,Armstrong,Female,aochoa@example.org,North John,Wisconsin,Mayotte,2025-10-15
C003389,Justin,Ward,Male,imiller@example.net,New Josephstad,California,Saint Helena,2024-07-08
C003390,Laura,Mullins,Male,xgraham@example.com,East Jeffrey,Mississippi,Guyana,2025-12-25
C003391,Hannah,Morris,Male,bbarnett@example.org,Port Elizabethberg,Oklahoma,Slovakia (Slovak Republic),2025-12-01
C003392,Gregory,Hebert,Female,michaelthomas@example.com,Garciaborough,Minnesota,Spain,2026-02-04
C003393,Deborah,Evans,Female,robertbeck@example.net,Adamsview,Utah,Guyana,2023-03-04
C003394,Shawn,Hernandez,Female,curtissmith@example.org,Jessicaton,North Dakota,Mayotte,2021-10-23
C003395,Amber,Stewart,Female,lori50@example.net,Amytown,Massachusetts,Marshall Islands,2021-08-14
C003396,Aaron,Conway,Female,ftucker@example.com,Victorland,Pennsylvania,Croatia,2023-10-19
C003397,Lisa,Blair,Male,ybennett@example.net,Paulmouth,Kansas,Vietnam,2022-08-30
C003398,Kevin,Wallace,Female,julia63@example.org,Rayberg,Georgia,South Africa,2025-11-22
C003399,Heather,Gillespie,Female,waynejensen@example.org,Aaronborough,New York,French Guiana,2022-08-07
C003400,Olivia,Jimenez,Male,valerie05@example.org,New Keithmouth,South Dakota,Afghanistan,2022-10-30
C003401,David,Butler,,plin@example.net,Martinland,Louisiana,Guinea,2026-04-25
C003402,Tommy,Young,,kgray@example.net,Beverlyside,Colorado,Kazakhstan,2025-04-28
C003403,Todd,Le,Female,ngraham@example.net,Brewerhaven,Minnesota,Malta,2023-10-26
C003404,Kevin,Adkins,,rebecca57@example.org,North Lauren,South Carolina,Mauritania,2022-10-31
C003405,Jose,Rubio,,bbrown@example.org,Herbertfort,Kentucky,Lesotho,2023-12-13
C003406,Joshua,Gonzales,Male,christopherwalker@example.com,Wallacefurt,California,Solomon Islands,2025-11-08
C003407,Christine,Reilly,Female,frivera@example.net,East Jessica,Rhode Island,Armenia,2024-10-05
C003408,Anthony,Brown,Male,floresmichael@example.org,Hallmouth,Oklahoma,Haiti,2022-12-27
C003409,Marcus,Bradley,Male,joshuafrost@example.com,Martinezfort,Connecticut,Burkina Faso,2022-07-05
C003410,Jimmy,Pace,Female,hamptonkathryn@example.com,East Nathan,Illinois,Turkey,2025-02-18
C003411,Cheyenne,Kennedy,Male,hudsonwhitney@example.org,Lake Jane,Rhode Island,Iraq,2026-02-23
C003412,Alicia,Castro,Female,cynthia88@example.org,Joycemouth,Nevada,Egypt,2021-10-20
C003413,Sarah,Bryant,Female,mikaylabruce@example.com,New Victorshire,New York,Macao,2025-08-14
C003414,Sarah,Cherry,,parkskelly@example.com,South Janetfurt,Hawaii,Western Sahara,2024-08-13
C003415,Teresa,Mayo,Female,parksandre@example.com,Lake Hunter,Georgia,Iraq,2023-05-06
C003416,Shane,Moore,Female,paul05@example.net,Emilystad,Nevada,Luxembourg,2022-03-04
C003417,Stephen,Flores,Female,zmartin@example.net,Angelashire,Oklahoma,Kuwait,2024-12-02
C003418,Tina,Lambert,Female,adrian55@example.org,West Jamesfurt,Michigan,Niger,2024-09-12
C003419,Donald,Boyd,Female,arthur70@example.com,Port Jameston,Nebraska,New Caledonia,2023-08-23
C003420,Hunter,Chan,,stewartamy@example.net,Harringtonburgh,New Mexico,Tonga,2026-04-16
C003421,Sharon,Walker,,danielgood@example.net,West Christopher,New Mexico,Bosnia and Herzegovina,2023-12-18
C003422,Aaron,Mercado,Male,ashleypoole@example.net,Alyssaton,Nebraska,Monaco,2022-11-14
C003423,Samantha,Harris,Female,wosborne@example.net,South Scottborough,Ohio,Indonesia,2023-09-11
C003424,Elizabeth,Williams,Female,xwells@example.com,Shanebury,West Virginia,United States Minor Outlying Islands,2025-05-02
C003425,Mark,Garcia,,floresjulie@example.net,Olsonberg,Minnesota,American Samoa,2023-01-13
C003426,Harold,Barker,,johnsonamber@example.com,Allisonberg,Indiana,Guam,2023-12-28
C003427,Kelly,Ward,Male,csoto@example.net,East Keithville,Alaska,South Africa,2022-12-30
C003428,Mitchell,Mccormick,Female,bethany16@example.com,New Emilychester,Wyoming,Pitcairn Islands,2025-09-05
C003429,Christopher,Reid,Female,fcosta@example.org,Allenview,New Hampshire,Panama,2024-11-02
C003430,Brandon,Williams,Male,matthew40@example.net,East Connie,Alaska,Iraq,2025-12-09
C003431,Ashley,Maldonado,Female,ycollins@example.com,West Samuel,Minnesota,Saint Vincent and the Grenadines,2025-01-17
C003432,Paula,Holloway,Female,knappjeffrey@example.net,Clarkborough,Montana,French Guiana,2024-01-02
C003433,Monica,Torres,Female,kellie17@example.org,East Michael,Wisconsin,Sierra Leone,2023-01-19
C003434,Dawn,White,,deborah96@example.com,Lake Catherine,Wyoming,Armenia,2025-03-20
C003435,Jordan,Lewis,,nelsonteresa@example.net,Simpsonburgh,Massachusetts,Bosnia and Herzegovina,2023-01-28
C003436,Grace,Bennett,,lwilliams@example.net,Clarkfort,Alabama,Zambia,2024-07-07
C003437,Tanya,Clay,Female,jchung@example.org,North Jerry,South Dakota,Mayotte,2023-01-14
C003438,Carrie,Shelton,,diazcraig@example.com,Josechester,Missouri,Cape Verde,2023-06-01
C003439,Jesse,Moore,Male,jeffery12@example.com,Watkinsmouth,Montana,China,2025-06-02
C003440,Evan,Avila,Female,sarah94@example.com,Michaelside,Arkansas,Norfolk Island,2024-05-21
C003441,William,Bowers,Female,owensjesse@example.org,Port Matthewfort,Connecticut,Venezuela,2023-09-09
C003442,Patricia,Thompson,Female,bakerrebekah@example.com,Millerchester,Michigan,Argentina,2025-10-22
C003443,Jose,Garcia,Female,russellcampbell@example.com,New Rebecca,Nebraska,Saint Vincent and the Grenadines,2024-07-19
C003444,Jessica,Wood,Female,kellermary@example.org,Lake Lisa,Oklahoma,Aruba,2022-11-02
C003445,William,Poole,Male,andrewlopez@example.net,South John,Montana,Venezuela,2023-03-12
C003446,Fred,Nolan,,asantiago@example.net,Campbellville,Maryland,Jordan,2022-11-15
C003447,Kathryn,Nelson,Male,ryanmartinez@example.com,West Eric,Minnesota,Guam,2023-06-30
C003448,Angela,Thomas,,fcortez@example.org,Sheilastad,Minnesota,Barbados,2025-10-12
C003449,Barbara,Bell,,monicafuller@example.org,Morganstad,Montana,United Kingdom,2024-04-09
C003450,Danielle,Dixon,Male,deborah82@example.net,South Ericland,Georgia,India,2022-07-04
C003451,Kurt,Schwartz,,dianelewis@example.net,Lake Kristaberg,Nebraska,Latvia,2022-05-11
C003452,John,Moore,,cmartinez@example.net,Gonzaleschester,South Carolina,Grenada,2026-02-15
C003453,Laura,Heath,Male,kathryn87@example.net,Goodwinshire,Utah,Canada,2026-06-12
C003454,Keith,Lawson,,kristinharris@example.com,Danafort,Hawaii,Tonga,2025-09-18
C003455,Karen,Powell,Female,jenna90@example.net,Jerrychester,New Hampshire,Oman,2024-01-28
C003456,Kathryn,Johnson,,sandersrachel@example.net,Port Daniel,New Hampshire,Nepal,2021-08-22
C003457,John,Williams,Male,angelaferguson@example.org,North Destiny,Texas,Wallis and Futuna,2026-01-01
C003458,Cody,Smith,Female,ipowell@example.org,East Rodney,Ohio,Azerbaijan,2025-11-29
C003459,Monica,Walker,Female,stephanie11@example.com,Kimberlybury,Oregon,Liberia,2024-04-15
C003460,Clinton,Washington,,lisa59@example.org,Lake Nicholaschester,Alabama,Macao,2023-09-01
C003461,Isaac,Baldwin,Male,brian60@example.org,Durhamburgh,Georgia,Georgia,2025-11-18
C003462,Troy,Fowler,Female,duanemclean@example.com,Lake Kimberlyberg,Nevada,Norway,2022-01-23
C003463,Laura,Sanchez,,mosesdavid@example.org,Antoniomouth,New Mexico,Tanzania,2024-08-19
C003464,Bonnie,Leblanc,Female,fosterjenna@example.net,North Annefort,Tennessee,Guinea,2022-06-27
C003465,Stephanie,Schmidt,Male,dcantu@example.net,South Andrea,Wisconsin,India,2024-05-08
C003466,Lisa,Cantu,,carterscott@example.org,Duketon,North Dakota,Poland,2026-06-08
C003467,Christopher,Ramirez,Female,bethlee@example.org,North Robin,Michigan,Tanzania,2025-07-09
C003468,Elizabeth,Thompson,Male,olsoncynthia@example.net,Travishaven,Massachusetts,Uganda,2024-10-31
C003469,Cindy,Moran,Female,bryanjackson@example.org,West Sheilaberg,Rhode Island,Slovenia,2025-09-12
C003470,Gerald,Andrews,,tamaramurphy@example.org,West Brittanybury,Oklahoma,Poland,2026-04-27
C003471,Patricia,Burns,Male,kelly18@example.net,Cobbstad,Rhode Island,Ethiopia,2023-11-03
C003472,Brett,Alvarez,,jilladams@example.com,South Robert,Rhode Island,Syrian Arab Republic,2024-03-07
C003473,Timothy,Bell,Female,deborah45@example.net,New Trevor,Arizona,American Samoa,2025-12-09
C003474,Vincent,Marshall,Female,williamsonbrian@example.org,South Kristineville,South Dakota,Turkey,2021-12-15
C003475,Jeremy,Cox,Male,campbelljason@example.org,Emilyshire,Nebraska,Estonia,2021-08-28
C003476,Brandon,Edwards,Female,davischristine@example.org,West Jacob,Nevada,Chad,2026-07-01
C003477,Lisa,Reyes,,chrishughes@example.com,Port Paul,Iowa,Djibouti,2022-02-24
C003478,Cody,Williams,Female,jamessmith@example.com,Lake Shaneshire,Maine,Ghana,2023-11-22
C003479,Joanna,Williams,,munozdana@example.com,New Charlestown,Alabama,Tajikistan,2025-09-19
C003480,Lisa,Gutierrez,Female,oyates@example.net,Ericchester,Iowa,Haiti,2024-07-22
C003481,Christopher,Marsh,,michaelbaker@example.org,East Janethaven,Wisconsin,Honduras,2023-12-18
C003482,Corey,Sanders,,julia02@example.com,East Michael,New Hampshire,Kazakhstan,2023-10-14
C003483,Christopher,Turner,,richardsonchristopher@example.com,East David,New York,Tonga,2024-12-23
C003484,Sarah,Boone,Female,rbenson@example.com,South Traci,Massachusetts,Malta,2023-11-21
C003485,Roberta,Weber,,moralesjessica@example.org,South Taramouth,Delaware,Bermuda,2021-11-24
C003486,Francisco,Baker,Male,kellyshaffer@example.com,Oliviachester,New Hampshire,Cuba,2021-12-08
C003487,Emily,Harris,Female,leblanctheodore@example.net,Christophertown,Utah,Ireland,2023-07-30
C003488,Manuel,Conway,,diamond85@example.com,East Jonathanville,Tennessee,South Africa,2022-01-07
C003489,Trevor,Andrade,,murraypaul@example.org,North Daleberg,New Hampshire,Croatia,2024-03-24
C003490,Mercedes,Ortega,,gibsonanthony@example.org,Theodorefurt,Minnesota,Zimbabwe,2025-10-05
C003491,Jordan,Johnson,,wademelissa@example.net,Kellyberg,Wyoming,Iran,2025-03-07
C003492,Jenna,Marks,Male,melissajones@example.com,Jamieburgh,Maryland,Panama,2025-02-07
C003493,Megan,Huff,Male,natalie75@example.com,Benderberg,Louisiana,United States of America,2025-05-01
C003494,Dustin,Perez,Male,newmanpatricia@example.com,Lake Charles,Colorado,Jamaica,2026-03-03
C003495,Jose,Brown,,corey59@example.org,West Samantha,Nevada,India,2023-02-28
C003496,Calvin,Molina,,roger53@example.org,South Karenview,Pennsylvania,Somalia,2023-02-20
C003497,Russell,Maxwell,Female,dale37@example.net,East Darleneport,Tennessee,Jamaica,2025-04-13
C003498,Kristine,Chen,Male,pottsamy@example.net,Lake Timothychester,Oregon,Syrian Arab Republic,2024-12-27
C003499,Manuel,Adkins,,rodriguezlauren@example.net,North Joshua,Vermont,Peru,2023-03-07
C003500,Michele,Ramirez,,tracy73@example.org,Jacquelinestad,Tennessee,Switzerland,2024-10-31
C003501,Charlotte,Wright,Male,qjohnson@example.com,Ericstad,Kansas,Belarus,2024-11-23
C003502,Meagan,Webb,,brandon09@example.org,Smithville,North Dakota,Greece,2024-09-03
C003503,Angela,Horton,,dawn95@example.org,West Jenniferstad,Arizona,Netherlands Antilles,2023-04-26
C003504,Sandra,Hernandez,,schmidtsergio@example.org,Sanderston,Montana,Yemen,2022-08-05
C003505,Natasha,Obrien,,keithsimmons@example.net,North Candiceview,Arizona,Sudan,2025-01-06
C003506,Jennifer,Roach,Female,fthompson@example.net,New Tiffanyton,Montana,Macao,2025-07-24
C003507,Christopher,Martinez,Female,stevensbrandi@example.net,New Edgar,Hawaii,Cote d'Ivoire,2022-10-10
C003508,Christopher,Murphy,Female,wjimenez@example.org,New Melissa,Wisconsin,Uganda,2023-09-17
C003509,Roger,Norris,Male,rubiojose@example.org,Kyliefort,Tennessee,Russian Federation,2024-01-15
C003510,Douglas,Stewart,Male,fhall@example.com,Port Craig,Maryland,Saint Helena,2022-04-27
C003511,Chelsea,Lopez,Male,ewheeler@example.com,West Debramouth,California,Niger,2025-02-10
C003512,Karl,Peterson,Female,wendy25@example.org,Port Katiestad,Minnesota,Portugal,2025-10-23
C003513,Gabriella,Vasquez,Male,randallpowers@example.org,Clarkshire,Minnesota,Korea,2022-04-24
C003514,Abigail,Sims,,ywoodward@example.org,New Edgar,Kansas,Gibraltar,2022-01-31
C003515,Donna,Fields,,dianawilliams@example.org,Murphystad,Wisconsin,Philippines,2021-10-15
C003516,Miranda,Sullivan,,stephanie41@example.org,East Mackenzie,Florida,Cocos (Keeling) Islands,2022-09-15
C003517,George,Johnson,,hfloyd@example.com,Brownshire,Maryland,Cote d'Ivoire,2024-06-28
C003518,Martha,Wright,,riggstheresa@example.net,Benjaminborough,New Mexico,Niger,2022-05-31
C003519,Jeffrey,Archer,,vcabrera@example.net,East Nicholas,Arkansas,Maldives,2021-08-06
C003520,Wendy,Carlson,,gjones@example.net,North Sara,Ohio,Gabon,2022-12-01
C003521,Carmen,Hansen,Male,ambergonzalez@example.net,Traceymouth,West Virginia,Spain,2022-09-21
C003522,David,Walker,Female,seanlambert@example.net,Randallport,Mississippi,Germany,2023-02-09
C003523,Scott,Freeman,Female,smithrobin@example.com,Debrahaven,North Dakota,Bulgaria,2025-11-02
C003524,Sally,Arnold,Female,estradakimberly@example.org,New Denise,Iowa,Maldives,2026-07-13
C003525,Brian,Arias,Female,travis98@example.org,Zacharystad,Iowa,Kyrgyz Republic,2021-12-01
C003526,Nathan,Carrillo,,morrismelissa@example.org,Lake Arthur,Wyoming,Andorra,2023-06-22
C003527,Robert,Snow,,newmanelaine@example.com,Port Rebecca,Colorado,Bolivia,2024-06-07
C003528,Valerie,Higgins,,duarteveronica@example.net,Matthewbury,Alaska,Nepal,2022-10-16
C003529,Jamie,Wilson,,jonathanbrown@example.com,Deanmouth,Alabama,Singapore,2026-04-22
C003530,Todd,Welch,Male,anthonydavis@example.net,North Paula,Maine,Uruguay,2023-06-03
C003531,David,Woods,Female,myersmaria@example.com,Davidchester,Oklahoma,Faroe Islands,2026-03-24
C003532,John,Ward,Male,bruce65@example.org,West Jenniferbury,Missouri,Sri Lanka,2026-02-22
C003533,Scott,Reid,Female,andrewcole@example.org,New Michaelside,Texas,Netherlands,2021-09-05
C003534,Jim,Dominguez,Male,alex81@example.net,Ryanview,Louisiana,Gibraltar,2023-09-29
C003535,Stephanie,Griffin,Female,hollowayseth@example.com,North Tara,Kentucky,Azerbaijan,2026-03-14
C003536,Cynthia,Strong,Female,sandra56@example.com,Alecburgh,Arkansas,Brazil,2025-03-19
C003537,Debbie,Lindsey,Male,austinpollard@example.org,West Michelle,Colorado,Gabon,2025-12-07
C003538,Michael,Soto,Male,hughestimothy@example.net,Port Jonathanview,Nevada,Guinea-Bissau,2023-02-11
C003539,Jonathan,Cherry,,williamskelly@example.org,Jenniferview,Minnesota,El Salvador,2024-09-06
C003540,Paul,Conner,Male,jessica87@example.com,West Richard,Maine,Ukraine,2024-04-28
C003541,Cassidy,Heath,Female,ucoleman@example.com,Brownborough,North Dakota,Armenia,2025-01-18
C003542,Carrie,Rodgers,Female,huertadaniel@example.net,Port Lisastad,Idaho,Pitcairn Islands,2024-11-08
C003543,Brian,Leonard,Female,ashlee90@example.com,North Matthew,Alaska,Kazakhstan,2025-11-27
C003544,Sarah,Jones,Female,oscott@example.com,Timothyfort,Wyoming,Saint Helena,2024-11-15
C003545,Natalie,Cardenas,Male,garretthannah@example.org,Lake John,Pennsylvania,Kuwait,2023-07-30
C003546,Brian,Cox,,ggarcia@example.com,Joshuashire,Nebraska,Finland,2023-05-24
C003547,Stacy,Wagner,Female,johnparker@example.net,East William,Wyoming,Bangladesh,2025-11-25
C003548,Melissa,Pope,Female,rchen@example.net,Katrinaburgh,Wyoming,Mozambique,2023-11-08
C003549,Jennifer,Werner,Female,robbinsjoseph@example.com,Andrewtown,Oregon,Panama,2023-02-11
C003550,Matthew,Hodges,Male,penny39@example.org,Annhaven,New York,Monaco,2021-08-28
C003551,Susan,Walton,Female,osanders@example.net,Barnesview,Oregon,Latvia,2026-03-12
C003552,Shawn,Williams,,joshuahernandez@example.org,Port Amandaville,Nevada,Brunei Darussalam,2025-10-19
C003553,Ashley,Parker,,broman@example.com,Molinaland,Pennsylvania,British Indian Ocean Territory (Chagos Archipelago),2024-07-28
C003554,Patricia,Martin,Female,david99@example.org,South Ryanshire,New York,Tanzania,2026-03-18
C003555,Alexis,Leon,Female,cwalton@example.com,North Courtneychester,Washington,Solomon Islands,2022-08-18
C003556,Patricia,Garza,Male,qwashington@example.com,Kristenfort,New Mexico,United States Virgin Islands,2025-09-10
C003557,Daniel,Johnson,Female,dsingleton@example.org,West Wendy,West Virginia,Andorra,2025-01-19
C003558,Michael,Estes,Male,christine09@example.net,Stephenmouth,Florida,Heard Island and McDonald Islands,2023-07-07
C003559,Crystal,Henry,,sarah84@example.com,Jessicafort,Missouri,Western Sahara,2025-09-25
C003560,Karen,Ortiz,Male,mariavaughn@example.org,Lake Rebeccamouth,Alaska,Mongolia,2026-01-22
C003561,Stephanie,Deleon,Male,umartin@example.com,New Colleen,Vermont,Singapore,2022-04-13
C003562,Paul,Murphy,Female,tbrown@example.net,Mckenzieburgh,West Virginia,Turkmenistan,2024-10-16
C003563,Ronald,Powell,,roberthenderson@example.net,Port Daisymouth,Nevada,Pitcairn Islands,2025-12-10
C003564,Joseph,Thompson,Male,james50@example.org,Morrisonfurt,Connecticut,Jersey,2023-05-05
C003565,Timothy,Harrell,,qbecker@example.org,Travischester,Maine,Mongolia,2026-07-17
C003566,Brenda,Price,Male,bperkins@example.net,Langmouth,Rhode Island,Christmas Island,2023-04-15
C003567,Cory,Obrien,,ronald78@example.org,Weberberg,Indiana,Austria,2023-12-16
C003568,Brandon,Warren,Male,jasonhorn@example.com,East Jasonfort,Maryland,Djibouti,2022-06-15
C003569,Vanessa,Andrews,,katherineramirez@example.com,New Adamfurt,Utah,Morocco,2024-10-04
C003570,Rebecca,Austin,Male,newmangreg@example.com,Santanaton,Kansas,Bangladesh,2026-07-10
C003571,Amy,Tran,,bakerrobin@example.net,Codyland,Tennessee,Cameroon,2021-09-14
C003572,Jacob,Hall,Male,haneycarrie@example.com,Fraziershire,Kentucky,Cape Verde,2022-08-26
C003573,Stacey,Roberts,Female,angelaclark@example.com,Nicoleport,Hawaii,Marshall Islands,2024-01-27
C003574,Paul,Wells,,oallen@example.net,Brianbury,Alabama,Suriname,2026-06-22
C003575,Harry,West,Female,gabrielamiller@example.com,Port Charles,Hawaii,Guinea-Bissau,2021-10-19
C003576,Mckenzie,Gomez,Female,rogerwilliamson@example.org,Michelleport,Utah,Singapore,2025-01-30
C003577,John,Owens,Male,tfinley@example.com,Lawrencebury,Washington,Malawi,2025-12-19
C003578,Alisha,Collier,Female,solismelissa@example.com,Martinfort,New Mexico,Equatorial Guinea,2024-01-21
C003579,Amanda,Calhoun,,williamsandrew@example.com,New Nicholas,South Carolina,South Africa,2023-06-21
C003580,Ian,Curry,Male,manningtodd@example.org,East Andrewtown,Kentucky,Belarus,2025-02-01
C003581,Alan,Shaffer,Male,taylorkimberly@example.com,Port Haley,New Jersey,Azerbaijan,2026-07-05
C003582,Hector,Diaz,,carterrandall@example.com,Anthonyshire,Indiana,Heard Island and McDonald Islands,2022-08-11
C003583,Bryan,Miller,,ballwilliam@example.com,Ramosbury,Colorado,Suriname,2022-08-29
C003584,Brian,Williams,Female,benitezheather@example.com,North Rebecca,New Hampshire,Guyana,2023-08-22
C003585,Anthony,Porter,Female,adamacevedo@example.net,Lewisborough,Kansas,Syrian Arab Republic,2024-07-18
C003586,Lisa,Hopkins,Male,skinnernancy@example.org,Arielchester,Hawaii,Belarus,2025-09-14
C003587,Tiffany,Jensen,,samanthamoore@example.net,Alexistown,Nebraska,Belarus,2022-08-11
C003588,Patrick,Nelson,,dhouse@example.org,Melissaview,Kansas,Guam,2024-04-12
C003589,Blake,Hill,Male,jmiller@example.net,Port Antonioport,Michigan,Austria,2021-12-24
C003590,Leslie,Sanchez,Female,zimmermanashley@example.com,Brownberg,New Mexico,Iraq,2024-07-26
C003591,James,Oneal,,laura77@example.net,Butlermouth,Kentucky,United States Minor Outlying Islands,2024-01-29
C003592,Patricia,Bennett,Female,thomas04@example.org,West Richard,Kentucky,Saudi Arabia,2021-11-06
C003593,Brittany,Baker,Female,xsherman@example.net,Morganview,Connecticut,Saint Vincent and the Grenadines,2024-02-27
C003594,Victor,Porter,Male,evansangela@example.org,Brownside,Alaska,Yemen,2021-12-11
C003595,Victor,Floyd,,michael70@example.net,South Travis,Oklahoma,Hong Kong,2025-10-26
C003596,Mark,Williams,Male,jessica14@example.com,New Teresa,Kentucky,Seychelles,2022-04-16
C003597,Richard,Gibbs,Male,morenobruce@example.com,North Markville,Iowa,Kazakhstan,2024-11-29
C003598,Diane,Krause,Female,robertking@example.net,Williamsberg,Kentucky,Bahrain,2023-08-15
C003599,Anna,Wagner,,edward07@example.com,South Deniseton,Nevada,Martinique,2021-12-15
C003600,Joseph,Simmons,Male,omoore@example.net,Myersville,Utah,Australia,2023-02-17
C003601,David,Stevens,,morrisanthony@example.com,Smithmouth,Minnesota,Saudi Arabia,2026-05-17
C003602,Jennifer,Herrera,Male,smithshane@example.com,Haroldport,Mississippi,Guyana,2023-11-07
C003603,Curtis,Garrett,,colson@example.com,Freemanland,Rhode Island,Saint Kitts and Nevis,2022-05-13
C003604,Maria,Tran,Male,kevinlin@example.com,North Stephanie,Pennsylvania,South Africa,2022-04-27
C003605,Michael,Chavez,Female,juliedean@example.net,East Roberto,New Jersey,United States Minor Outlying Islands,2026-06-07
C003606,Kristen,Brown,Female,jacksonkaylee@example.com,Lindseymouth,South Dakota,Turkey,2025-06-07
C003607,Brittany,Boone,Male,davisemily@example.org,Karinaberg,Arkansas,Martinique,2022-08-24
C003608,Cody,Smith,Female,hernandeztravis@example.net,Port Chadfurt,Tennessee,Chile,2025-02-26
C003609,Jill,Sanders,Male,stephenperez@example.com,Christineville,Massachusetts,British Virgin Islands,2023-07-11
C003610,Rachel,Mullins,Female,jthornton@example.net,Liustad,Ohio,Tokelau,2023-07-20
C003611,Morgan,Lee,,andersonmichael@example.com,Lopezberg,Arkansas,Niger,2022-04-22
C003612,Mark,Hill,Female,trujillovirginia@example.org,Mendeztown,South Carolina,Kazakhstan,2024-05-12
C003613,Sarah,Weiss,,ipruitt@example.org,Patriciaton,Arkansas,Northern Mariana Islands,2021-08-03
C003614,Perry,Fernandez,,victoria39@example.org,Port Adamchester,Arkansas,Czech Republic,2025-01-27
C003615,Lawrence,Santos,Female,ismith@example.net,Clayfurt,Louisiana,Mongolia,2025-11-17
C003616,Felicia,Ruiz,,mitchelltaylor@example.net,Lake Mariamouth,West Virginia,Micronesia,2025-09-03
C003617,Brian,Harrison,Female,tracymoreno@example.org,Port Stanley,Kentucky,Heard Island and McDonald Islands,2022-02-18
C003618,Jacob,Jennings,,florescrystal@example.org,New Amymouth,New York,Greenland,2023-01-22
C003619,Jason,Weaver,Female,weaverhector@example.com,South Ernestburgh,North Carolina,Greece,2025-06-27
C003620,Sean,Cooper,,ivanwood@example.org,Charlesstad,Arkansas,Brazil,2022-07-05
C003621,Eric,Mcdonald,Male,owenangela@example.com,Alexanderstad,Delaware,Cote d'Ivoire,2026-06-26
C003622,Cindy,Holt,Female,christopher05@example.net,Port Keithberg,Alaska,Rwanda,2026-04-01
C003623,Aaron,Green,Female,maddenjessica@example.com,West Ronaldborough,Indiana,Spain,2025-06-04
C003624,Thomas,Graves,Female,kristenreyes@example.net,Shanehaven,New Jersey,Taiwan,2024-08-16
C003625,Bobby,Walls,,gregory39@example.org,Irwinstad,Nebraska,Congo,2023-08-16
C003626,Brandon,Miller,Male,maria13@example.com,New Megan,South Carolina,Benin,2022-04-02
C003627,Lawrence,Hinton,,bradleypatricia@example.com,Mollychester,Maryland,Cote d'Ivoire,2026-05-29
C003628,Michael,Steele,,barrettrachel@example.com,Nathanchester,Oklahoma,Senegal,2022-02-25
C003629,Anthony,Daniels,Female,victoria46@example.net,Port Denise,Connecticut,Martinique,2023-10-22
C003630,Andrea,Mendoza,,pnorman@example.net,East Jamesview,Georgia,Sudan,2025-09-09
C003631,John,Walker,,dalehudson@example.org,West Anthony,Washington,Rwanda,2024-11-10
C003632,Tyler,Green,Male,osbornejohn@example.net,Hickmanchester,North Carolina,Gabon,2023-11-26
C003633,Lisa,Pearson,,kwilliams@example.com,Thomashaven,Rhode Island,Italy,2026-04-30
C003634,James,Gordon,Male,jamie73@example.net,Port Angelahaven,Georgia,Cook Islands,2022-07-07
C003635,Melissa,Elliott,Female,davislaura@example.net,West Steven,Arkansas,Norfolk Island,2025-01-01
C003636,Michael,Mills,Male,ataylor@example.net,Francofurt,New Jersey,Marshall Islands,2026-03-29
C003637,Gina,Wagner,Male,suarezamy@example.net,Smithfurt,Wyoming,Turks and Caicos Islands,2026-01-22
C003638,Melissa,Gordon,Female,hutchinsonerik@example.net,West Jessicaburgh,Mississippi,Chile,2024-04-15
C003639,Joseph,Morris,Male,hendersonkimberly@example.net,Carlsonburgh,South Dakota,France,2022-01-26
C003640,Cheryl,Hartman,Male,hsmith@example.org,New Jasonside,Washington,Albania,2024-08-27
C003641,Robin,Reed,Female,jonathan87@example.net,Port Laurenview,Ohio,Egypt,2022-07-12
C003642,Robert,Flynn,,dhardin@example.net,South Brian,Connecticut,Cuba,2021-12-01
C003643,Wendy,Watts,Male,vwarner@example.net,Evansmouth,South Dakota,New Caledonia,2025-12-27
C003644,Thomas,Sutton,,danielleschmidt@example.net,Port Jacquelinemouth,North Dakota,China,2026-03-07
C003645,Dawn,Cook,Female,scottmartinez@example.net,Johnsonland,Michigan,Solomon Islands,2026-05-05
C003646,Tommy,Sampson,Female,youngjessica@example.org,West Loriville,New Mexico,Paraguay,2023-04-04
C003647,Tina,Nelson,,tammy43@example.org,South Theresaburgh,New Hampshire,Czech Republic,2025-03-06
C003648,Benjamin,Banks,Male,iortiz@example.org,Mallorymouth,North Dakota,Falkland Islands (Malvinas),2025-02-21
C003649,Richard,Prince,,riverashane@example.com,Taylorfort,North Carolina,Panama,2023-02-24
C003650,Ronald,Welch,Female,rebecca42@example.com,Annachester,Montana,Korea,2022-06-09
C003651,Guy,Lawson,Female,tmartin@example.com,Gilbertton,Nevada,Papua New Guinea,2021-09-06
C003652,Leonard,Ayala,Male,perezfrank@example.net,New Richard,Ohio,Malta,2022-08-29
C003653,Joel,Taylor,Female,maryestrada@example.net,Taylorstad,Tennessee,Turkmenistan,2022-10-31
C003654,Debra,Singh,,annabarry@example.org,East Michaelstad,New York,Ethiopia,2024-10-09
C003655,Brett,Sloan,,tracyhowe@example.net,Marissashire,Hawaii,Isle of Man,2022-04-18
C003656,Jesse,Diaz,,ujohnson@example.org,Port Ronnie,Maine,Timor-Leste,2023-07-09
C003657,Maria,Richards,,mjones@example.org,North Brandonville,Nevada,India,2023-05-06
C003658,Elizabeth,Salas,Male,matthew43@example.org,North Thomashaven,Louisiana,Timor-Leste,2023-07-27
C003659,Diamond,Booth,,michelle20@example.net,Henryberg,Michigan,Papua New Guinea,2024-12-09
C003660,Ashley,Peck,Male,mparks@example.org,Ayalaborough,Hawaii,Botswana,2023-08-17
C003661,Randy,Nicholson,Female,ghudson@example.org,Brownside,Utah,Papua New Guinea,2023-08-03
C003662,Rebecca,Lin,Female,qdavis@example.com,Lake Dylanton,Alaska,Ireland,2022-11-30
C003663,Dylan,Ellis,Male,qodonnell@example.org,Marilynport,Wisconsin,Paraguay,2023-08-21
C003664,Donald,Jordan,Male,bruce53@example.com,Onealview,Colorado,Belgium,2026-07-19
C003665,Alexis,Romero,Female,james88@example.net,Cooperside,New York,Uzbekistan,2023-02-24
C003666,Sarah,Lopez,Female,jennifer55@example.org,Port Jeremy,Connecticut,Iran,2026-03-09
C003667,Joshua,Hall,,courtneydavies@example.net,Ellisview,Maine,Norway,2025-06-10
C003668,Jeremy,Rowe,Male,brittanyparker@example.net,Foxfort,Vermont,Norway,2025-03-23
C003669,Natalie,Brown,Female,ihahn@example.com,Ballfort,Georgia,Solomon Islands,2025-11-27
C003670,Joanne,Hicks,Male,curtis06@example.com,North Antonioshire,New Hampshire,Monaco,2023-01-09
C003671,Tracey,Austin,Female,bethwright@example.com,Davidberg,North Carolina,Brunei Darussalam,2023-09-08
C003672,William,Horne,Male,dmontes@example.org,Zacharyland,Alabama,Guam,2024-10-13
C003673,Terrence,Berry,Male,wardmelinda@example.net,Jeremystad,Missouri,Guernsey,2026-05-17
C003674,Debra,Mcknight,Female,justinellison@example.com,Lake Mistytown,North Carolina,Sierra Leone,2021-08-31
C003675,Melissa,Robinson,,brittanybishop@example.com,West Sarah,Ohio,San Marino,2025-06-26
C003676,Sabrina,Vincent,,newtonjason@example.net,East Alexandraland,South Dakota,Bolivia,2025-07-15
C003677,Ian,Parker,,codykeller@example.org,Jonathanfort,Oklahoma,Madagascar,2024-06-26
C003678,Katrina,Reid,Female,dwilliams@example.com,South Anthonystad,Tennessee,Saint Helena,2021-08-31
C003679,Richard,Anderson,Female,jacobsullivan@example.com,East Ronald,New Hampshire,Cape Verde,2021-08-01
C003680,Kayla,Obrien,,scotttravis@example.com,South Cassandra,North Dakota,Luxembourg,2024-01-15
C003681,Mark,Graves,Female,christinehowell@example.org,Knightville,North Dakota,French Southern Territories,2023-05-18
C003682,Joseph,Cline,Female,tinarocha@example.com,New Gabriel,Georgia,Samoa,2024-08-03
C003683,Craig,Pratt,,daniel99@example.com,South Sarah,New Hampshire,Timor-Leste,2025-07-28
C003684,Marie,Mcknight,Female,wardmartin@example.org,East Chad,Tennessee,Kiribati,2024-06-08
C003685,Kim,Jones,Female,danielleroth@example.com,Hobbschester,West Virginia,Bhutan,2025-11-12
C003686,Noah,Mccoy,Male,danielsmith@example.org,East Victorchester,Maryland,Panama,2024-08-14
C003687,Anna,Barron,Male,abrown@example.com,Lake Davidmouth,Iowa,Malaysia,2026-01-20
C003688,Brian,Banks,,nlee@example.net,West Rachelfort,Missouri,Netherlands Antilles,2022-08-10
C003689,Jessica,Mcdonald,Male,jennaschaefer@example.com,Emmafurt,Wyoming,Colombia,2022-06-18
C003690,Renee,Rhodes,Male,fstewart@example.org,Frankview,Wisconsin,South Africa,2022-08-07
C003691,Travis,Villarreal,Female,wallacesean@example.org,West Michelleport,Kentucky,Palau,2024-08-11
C003692,Lisa,Lloyd,Male,ukeller@example.net,Thompsonview,Texas,Cook Islands,2024-05-01
C003693,Adam,Andrews,Female,katiegriffin@example.net,Port Michaelbury,Texas,North Macedonia,2023-08-21
C003694,Mark,Holland,Male,floresdaniel@example.net,West Christopher,Delaware,Somalia,2021-09-19
C003695,James,Delgado,,bchavez@example.com,Bethview,Louisiana,Switzerland,2025-04-11
C003696,Robert,Bean,Female,harveylinda@example.net,Parkstown,Colorado,Saint Helena,2023-03-26
C003697,Jennifer,Young,Male,mackaaron@example.org,Valdezmouth,New Jersey,Honduras,2025-01-14
C003698,Steven,Barnes,Female,dcox@example.org,New Dawn,New Mexico,Gabon,2021-12-25
C003699,Brian,Smith,,christina23@example.org,New Kristachester,Wisconsin,Reunion,2022-06-30
C003700,Lance,Washington,,shieldsmary@example.com,Jeffreymouth,Iowa,Taiwan,2025-09-29
C003701,Alexander,Harris,Female,frederick90@example.com,Lake Patriciachester,Georgia,Mozambique,2022-07-30
C003702,Sarah,Pratt,,drodriguez@example.com,Port Meganchester,Montana,British Virgin Islands,2023-07-21
C003703,Brian,Hamilton,,kbrown@example.org,Davidmouth,Texas,Tajikistan,2024-06-08
C003704,Melissa,Harrison,Male,gleonard@example.net,Robertton,Oregon,Venezuela,2024-09-04
C003705,Emily,Dunn,,christina12@example.org,North William,Wisconsin,Liechtenstein,2024-04-09
C003706,Larry,Harrison,Male,jonathanrobinson@example.com,Andersenfurt,Ohio,Poland,2023-09-21
C003707,Gregory,Downs,Female,sheilayoung@example.org,Brownmouth,Kentucky,Libyan Arab Jamahiriya,2025-08-21
C003708,Brittany,Kelly,,burnettjames@example.org,Chavezberg,Washington,Palestinian Territory,2022-01-02
C003709,Mary,Reyes,Female,hillamanda@example.net,West Karen,Montana,Gambia,2026-04-05
C003710,Dawn,Wall,,davidsonshannon@example.com,Brianview,Texas,Northern Mariana Islands,2022-05-28
C003711,Lisa,Robinson,Male,brooksashley@example.net,South Tonya,Colorado,South Africa,2022-09-05
C003712,Nicole,Gallegos,,diazwilliam@example.org,South Lindsay,Alaska,Anguilla,2022-12-11
C003713,Scott,Williams,Female,sgross@example.net,Brianstad,Utah,Sri Lanka,2024-04-19
C003714,Mark,Jacobs,,christinavelez@example.com,Port Jacquelineland,South Carolina,Poland,2022-05-15
C003715,Kristine,Nichols,Male,smithvincent@example.com,Lake Robertohaven,California,Uganda,2026-05-17
C003716,Kelly,Dalton,Female,bmosley@example.net,Davisfort,Wisconsin,Lao People's Democratic Republic,2024-12-28
C003717,Mary,Ramirez,Male,ortizmichelle@example.org,West Joystad,Oklahoma,Cape Verde,2022-12-19
C003718,Erika,Scott,,rwashington@example.net,Jacquelineburgh,Maine,Albania,2021-09-25
C003719,Brian,Miller,,francisapril@example.com,South Michaelside,Rhode Island,Jordan,2022-06-16
C003720,Edwin,Collins,Male,cynthia76@example.com,New Josephstad,North Carolina,Venezuela,2022-08-17
C003721,Wendy,Jones,Female,millerderek@example.com,East Jose,South Carolina,Syrian Arab Republic,2022-03-27
C003722,Dustin,Calhoun,Male,eterry@example.org,Barbaraburgh,Nevada,Madagascar,2022-06-05
C003723,Christina,Paul,Female,joseph44@example.net,North John,South Dakota,Albania,2022-02-25
C003724,Lawrence,Mathews,Female,rsullivan@example.org,Mollyville,Indiana,Nigeria,2024-04-17
C003725,Patricia,Mcgrath,Female,ericmcconnell@example.com,Alexanderborough,South Carolina,Lithuania,2022-10-11
C003726,Steven,Merritt,Male,edward32@example.com,West Holly,Connecticut,Saint Vincent and the Grenadines,2022-08-03
C003727,Michael,Harmon,Female,bnguyen@example.org,South Jamesbury,Mississippi,Andorra,2021-08-17
C003728,Jenna,Gates,Male,kelsey80@example.com,New Patricia,Arizona,Lebanon,2025-11-09
C003729,Amber,Stone,Male,michaelreed@example.com,New Jaime,Washington,San Marino,2023-10-29
C003730,Katie,Mcdowell,Male,crystalward@example.net,Ramseyfurt,Alaska,Malta,2021-11-13
C003731,Michael,Anderson,,robertcampos@example.net,South Victoriastad,Alaska,Bahrain,2021-12-27
C003732,James,Taylor,,xburgess@example.org,Katieport,New Hampshire,Lesotho,2026-03-11
C003733,Katherine,Rosales,,flewis@example.org,South Vanessa,Pennsylvania,Mauritania,2023-12-06
C003734,Alicia,Hensley,Female,john28@example.net,Port Gregoryberg,Tennessee,Slovenia,2025-06-13
C003735,Tracey,Melton,,vowen@example.com,Meganfort,Wisconsin,Iceland,2022-11-30
C003736,Keith,Wilson,,sara22@example.org,New Tamiborough,Louisiana,Sierra Leone,2023-08-10
C003737,Jonathan,Adams,,briannamcdaniel@example.com,East Aprilmouth,California,Monaco,2024-12-15
C003738,Sherri,Williams,Female,zhudson@example.net,New Carol,Michigan,Belarus,2021-10-01
C003739,Patrick,Sweeney,Male,aprilhernandez@example.org,South Dustinshire,North Dakota,Saint Martin,2023-06-16
C003740,Kevin,Lopez,,jacqueline10@example.org,Curtistown,Mississippi,Honduras,2024-07-23
C003741,Denise,Santos,Male,udurham@example.net,Lake Bonnieport,California,Burundi,2022-08-21
C003742,Gary,Rice,Male,byrdsherry@example.net,Farmerhaven,California,Bermuda,2025-12-27
C003743,Adam,Garcia,Male,robinharris@example.com,East Kimberlychester,North Carolina,Antarctica (the territory South of 60 deg S),2024-02-08
C003744,Matthew,Grant,Male,jose43@example.com,Port Daniel,Illinois,China,2023-09-22
C003745,Kristy,Page,,nnash@example.net,Port Sherri,Virginia,Namibia,2021-12-11
C003746,Sandra,Brown,Female,jesse43@example.org,Hudsonfort,Michigan,Sierra Leone,2023-06-12
C003747,Jennifer,Green,,petersangela@example.org,Port Aliciafort,Louisiana,Kyrgyz Republic,2022-05-25
C003748,Christopher,Mckay,Female,danielmoore@example.com,Christinemouth,Maryland,Iceland,2021-08-08
C003749,Brian,Parks,,andersontracy@example.org,Buchanantown,Maryland,Christmas Island,2025-01-30
C003750,Misty,Snyder,,alicia81@example.org,Cherylburgh,Alaska,Israel,2022-08-29
C003751,Melody,Wilson,Male,david72@example.com,New Pamelaville,Alabama,Morocco,2023-04-15
C003752,Collin,Williams,Female,stevensdonna@example.org,Calebfurt,South Dakota,Chile,2022-05-07
C003753,Amy,Smith,,elainefriedman@example.org,Port Arielside,Colorado,Syrian Arab Republic,2024-07-20
C003754,Adam,Glenn,Female,paul61@example.net,Port Richard,New Jersey,Lithuania,2022-04-12
C003755,Travis,Johnson,Female,michael98@example.org,Fitzgeraldborough,Vermont,Poland,2026-01-02
C003756,Michael,Allen,,michaelrodriguez@example.com,South David,California,Argentina,2023-02-16
C003757,Martha,Nelson,Female,washingtonaustin@example.com,Port Jessicamouth,Connecticut,Costa Rica,2022-09-03
C003758,David,Vargas,,lharris@example.org,Theresafort,Maryland,Bermuda,2024-10-03
C003759,James,Bradley,,pperry@example.org,East Laurabury,Texas,Maldives,2026-05-07
C003760,Michael,Ramirez,Male,cassidychapman@example.net,Lake Alexanderside,Maryland,Bosnia and Herzegovina,2023-07-11
C003761,Erin,Freeman,Male,daviskyle@example.net,Lake David,Montana,Guyana,2021-08-04
C003762,Maria,Smith,Female,kayla55@example.net,Paulport,Tennessee,Central African Republic,2021-11-10
C003763,Wayne,Farmer,Male,taylorgary@example.org,Maddenville,Rhode Island,Mali,2024-04-21
C003764,Cassandra,Sullivan,Female,camerondaniel@example.com,Antoniomouth,Delaware,Uruguay,2026-06-26
C003765,Beth,Martin,,wkennedy@example.org,Richardfurt,Tennessee,Cayman Islands,2024-11-16
C003766,Emily,Solomon,Male,victoria96@example.com,Medinaside,Wisconsin,Northern Mariana Islands,2024-01-23
C003767,Summer,Smith,,scotttara@example.net,Millertown,Iowa,Hungary,2025-06-25
C003768,Matthew,Mitchell,Male,fgoodwin@example.com,Kristenfort,Delaware,Poland,2026-02-06
C003769,Selena,Pace,Male,jeffery45@example.net,Michaelside,Arkansas,Australia,2022-04-17
C003770,Christina,Smith,Male,whiggins@example.com,Gonzalezmouth,Nevada,United States Minor Outlying Islands,2026-02-26
C003771,Derek,Cole,,brittneyharris@example.net,North Stephanietown,Oregon,Mali,2026-04-09
C003772,Jose,Brown,Female,bakerryan@example.com,Williamsborough,Nebraska,Albania,2023-10-07
C003773,Daniel,Brown,Male,lsmith@example.com,West Marcus,Illinois,Panama,2024-11-09
C003774,Jacob,Paul,,lfisher@example.net,New Michaelland,New York,Heard Island and McDonald Islands,2022-11-23
C003775,Anthony,Price,Female,wmendez@example.net,Angelaside,Delaware,Kiribati,2022-07-04
C003776,James,Fischer,Female,gmontgomery@example.org,Port Brenda,Tennessee,Panama,2026-06-12
C003777,Ryan,Rodriguez,Male,harringtonsherri@example.com,Ramirezchester,New Mexico,Honduras,2022-11-12
C003778,Angela,Kelly,,markwilliams@example.com,Brianland,Tennessee,Tonga,2026-07-24
C003779,Sherri,Wright,,michaelandrade@example.net,New Ryan,Alabama,Cambodia,2024-03-03
C003780,Courtney,Duran,Female,kingallison@example.org,Francesberg,Alabama,Egypt,2022-06-30
C003781,Sara,Melton,,krogers@example.org,Port Maryhaven,Arizona,Slovakia (Slovak Republic),2023-04-24
C003782,Alyssa,Harris,Female,hornmatthew@example.org,Burnstown,Washington,Paraguay,2024-04-09
C003783,Lisa,Perez,Female,andrew67@example.com,Vargasland,Pennsylvania,Tonga,2024-10-19
C003784,Jessica,Murphy,Female,libarra@example.com,New Michaelfort,Maine,United States Minor Outlying Islands,2025-05-13
C003785,Michael,Mann,Male,atkinsonbrittany@example.org,Johnmouth,Nevada,Latvia,2022-08-08
C003786,Dawn,Sanchez,,julie56@example.com,Franklinmouth,South Carolina,Central African Republic,2024-05-19
C003787,Hector,Ortiz,Male,jenniferrobinson@example.com,South Katelyn,Illinois,Philippines,2025-11-16
C003788,Christina,Duncan,Female,nguyenrichard@example.com,West Bryanbury,Maryland,Comoros,2021-09-02
C003789,Shane,Holmes,,edwardray@example.net,Cruzside,Colorado,Norway,2024-09-24
C003790,Ryan,Cantu,,aguilarthomas@example.org,Lake Joseph,Kansas,Japan,2025-04-25
C003791,Scott,Daniel,Female,stevenferguson@example.org,North Alicia,Kentucky,Congo,2023-01-01
C003792,Jacob,Villarreal,,zbaldwin@example.com,South David,Connecticut,Saint Vincent and the Grenadines,2026-07-24
C003793,Steven,Schaefer,Female,anthonyharris@example.com,Blackwellbury,Washington,Guatemala,2023-02-16
C003794,Juan,Brandt,Female,laura64@example.com,North Denise,Wyoming,Indonesia,2024-02-16
C003795,Mark,Thompson,Female,ohall@example.net,North Amyhaven,Rhode Island,Ethiopia,2022-09-07
C003796,James,Martinez,Female,thomas16@example.com,Smithhaven,Arkansas,Tuvalu,2024-12-15
C003797,Sherry,Prince,,potteremily@example.com,Stacyburgh,Oklahoma,Malta,2025-06-23
C003798,Ryan,Mcdonald,Male,heather08@example.com,Port Lindsey,Illinois,Belgium,2022-11-16
C003799,James,Davis,,leerhonda@example.org,New Julie,Alabama,Gambia,2023-04-07
C003800,Debra,Smith,Male,joshuarodriguez@example.org,Mitchellchester,Kentucky,Mozambique,2022-06-28
C003801,Thomas,Hoffman,,gpeters@example.org,Lake Thomas,Florida,Tuvalu,2025-01-22
C003802,Cynthia,Pacheco,Female,grantmichael@example.org,West Haley,Ohio,Egypt,2021-09-26
C003803,Gregory,Gonzalez,,dbrown@example.net,East William,California,United States Minor Outlying Islands,2025-03-13
C003804,Katherine,Gibson,,mooretrevor@example.net,South Ernestview,North Dakota,Malawi,2021-12-02
C003805,Matthew,Johnson,,butleramanda@example.org,South Chelsea,Iowa,Netherlands,2024-10-22
C003806,Mark,Walters,Female,shellycowan@example.net,Port Ivan,New Hampshire,Oman,2026-05-05
C003807,Cole,Simmons,Male,john53@example.com,East Stacey,Wyoming,China,2021-10-12
C003808,Gary,Turner,,rgarcia@example.org,Ryanburgh,Iowa,Austria,2025-08-27
C003809,Paul,Tran,Female,sheltonjoshua@example.com,North Joshualand,Georgia,Monaco,2026-01-02
C003810,Aaron,Phillips,Male,braunolivia@example.org,New Jameschester,Florida,Finland,2024-04-23
C003811,Kyle,Rivera,Female,jasonwest@example.net,Parkfort,Iowa,Spain,2025-07-28
C003812,Lauren,Stevens,Male,ajohnson@example.org,Daniellebury,Nebraska,Moldova,2024-05-30
C003813,Brandi,Simmons,Female,scarter@example.com,Deannachester,Montana,Venezuela,2025-02-09
C003814,Emma,Alvarez,Female,robert18@example.com,Jeffreyfort,New Hampshire,Liberia,2025-02-20
C003815,Pamela,Cox,Female,haileyhill@example.com,South Charles,Utah,Vanuatu,2025-08-04
C003816,Rhonda,Lee,Female,larry92@example.org,Johnsonberg,Louisiana,Ethiopia,2023-03-10
C003817,Ian,Wall,Female,dcrawford@example.org,South Lisaburgh,South Carolina,Grenada,2025-07-07
C003818,Briana,Payne,,gentrykatherine@example.net,East Samuelchester,Indiana,Serbia,2022-05-17
C003819,Kelly,Walker,,torrestravis@example.org,South Cheryl,Oklahoma,Wallis and Futuna,2021-08-12
C003820,Jessica,Flores,Male,smithrobert@example.org,Hardintown,New York,Thailand,2025-03-12
C003821,Wayne,Weber,,erikayoung@example.net,Antoniofort,Mississippi,Namibia,2023-01-08
C003822,Michael,Williams,Female,xbrooks@example.com,Thomashaven,Missouri,Croatia,2024-09-27
C003823,Angela,Kaufman,Female,wcaldwell@example.org,Phillipmouth,Massachusetts,Lesotho,2022-08-14
C003824,Jennifer,Hines,,darrell96@example.org,Lake Ryanfurt,Delaware,Ireland,2025-12-17
C003825,Linda,Hensley,Male,james17@example.com,Smithburgh,Maine,French Guiana,2025-01-13
C003826,Nicholas,Ford,Male,dixonkelly@example.org,Delacruzmouth,Michigan,Kuwait,2023-03-25
C003827,Laura,Baker,Male,cruzjames@example.org,Smithborough,Kansas,Trinidad and Tobago,2024-03-10
C003828,Eric,Soto,,ychapman@example.net,New Janetville,North Carolina,Lao People's Democratic Republic,2025-05-10
C003829,Zachary,Johnson,Female,robertsandrew@example.com,West Alicia,Kentucky,Grenada,2022-02-03
C003830,Laurie,Myers,Male,michellesalazar@example.org,Lake Julia,Rhode Island,Cote d'Ivoire,2025-12-18
C003831,Caroline,Watts,Male,jason12@example.org,West Victoria,Virginia,Gibraltar,2023-03-21
C003832,Scott,Bishop,Male,gillespiethomas@example.com,Hughesside,New York,Bulgaria,2026-04-05
C003833,Brian,Davidson,Female,hbailey@example.org,Wolfestad,Connecticut,Solomon Islands,2021-10-30
C003834,Cory,Ross,Female,ywebb@example.com,Lindaborough,West Virginia,Brunei Darussalam,2025-03-01
C003835,David,Berg,Male,dmendoza@example.org,Ruizmouth,Wyoming,Korea,2024-06-24
C003836,David,Anderson,Female,matthew02@example.net,Rachelborough,Oklahoma,Uzbekistan,2025-04-02
C003837,Devon,Pittman,Male,rpowell@example.org,Lake Paul,New York,Faroe Islands,2025-05-26
C003838,Abigail,Randall,,amorrison@example.net,Holmesbury,Oregon,United States Minor Outlying Islands,2021-12-16
C003839,Stephanie,Martinez,Male,marcusjohnson@example.net,Chelseaport,Maine,Eritrea,2023-11-25
C003840,Jacob,Brown,,michaelnelson@example.net,South Ann,California,Bahamas,2024-07-29
C003841,Johnny,Wilcox,Female,andrearamirez@example.org,Stewartland,South Carolina,Ecuador,2024-08-15
C003842,Sarah,Reyes,Male,allenamy@example.net,East Leehaven,Rhode Island,New Caledonia,2025-01-05
C003843,Erica,Smith,Female,amanda77@example.org,Howardville,Illinois,Morocco,2024-11-01
C003844,Claire,Massey,Male,tracielong@example.com,Holtport,Wyoming,Philippines,2025-08-13
C003845,Lisa,Davis,,estrickland@example.net,Whitechester,Washington,Kazakhstan,2025-03-29
C003846,Melissa,Jenkins,Female,ywinters@example.org,Clarkside,Delaware,Dominican Republic,2021-08-13
C003847,James,Garner,Female,randerson@example.net,Turnerview,Montana,Indonesia,2023-05-26
C003848,Mandy,Bradley,Male,ujohnson@example.org,Phillipsbury,Kentucky,Mongolia,2024-10-25
C003849,Justin,Anderson,Female,djames@example.net,Port Charlesburgh,North Dakota,Nicaragua,2022-10-24
C003850,Jonathan,Romero,,starkkristy@example.net,Port Andrew,Kansas,Togo,2023-06-29
C003851,Anthony,Schultz,,nwarren@example.com,North Saraburgh,Indiana,Comoros,2022-01-05
C003852,Rebecca,Anderson,Male,alexis41@example.com,Murphyview,Vermont,Spain,2022-04-17
C003853,Rodney,Butler,Male,pearsongreg@example.com,Port John,Kansas,Switzerland,2023-03-18
C003854,Sheila,Gilbert,Female,andrewarnold@example.com,Sethfurt,Colorado,Israel,2025-11-29
C003855,Jennifer,Duffy,,brian64@example.org,East Christianport,California,North Macedonia,2024-10-26
C003856,Natalie,Tucker,Female,elizabethlittle@example.com,East Jonathan,Nevada,Heard Island and McDonald Islands,2025-01-26
C003857,Priscilla,Campbell,,andersondonna@example.org,Port Katherine,Louisiana,Saint Pierre and Miquelon,2026-06-18
C003858,Spencer,Thompson,,kevin01@example.net,Lake Valerie,Rhode Island,Brazil,2026-01-11
C003859,Erin,Wilcox,Male,matthewochoa@example.com,West Crystal,Nevada,Brunei Darussalam,2025-09-18
C003860,Amanda,Boyer,Female,crawfordveronica@example.org,Port Susan,North Carolina,Finland,2026-05-31
C003861,Shawn,Cook,,sanchezkathy@example.org,Chambersland,North Carolina,Trinidad and Tobago,2025-03-30
C003862,Andrew,Hale,Male,elizabethwilliams@example.com,Kaylachester,Virginia,Guernsey,2021-12-15
C003863,Brian,Jensen,,nrodriguez@example.net,Kelseymouth,Indiana,Northern Mariana Islands,2023-10-07
C003864,Mark,Gibbs,Male,davidnichols@example.com,Jeremyview,Louisiana,Uganda,2025-09-26
C003865,David,Smith,Male,jonathan00@example.net,Port Rhonda,Wisconsin,Cote d'Ivoire,2022-02-07
C003866,Michael,Buckley,Male,pcastro@example.org,Gabrielleshire,Alaska,Thailand,2021-10-03
C003867,Katherine,Walters,Female,sonyareese@example.org,Thomasmouth,Utah,Haiti,2025-05-30
C003868,Michael,Reed,Male,gfuentes@example.com,Watsonstad,Washington,Uzbekistan,2023-10-12
C003869,Heather,Flowers,Male,brookeguzman@example.com,North Anthony,Utah,Guernsey,2021-12-18
C003870,Amber,Romero,,hpayne@example.org,Lake Meghanmouth,New Mexico,Cocos (Keeling) Islands,2025-03-13
C003871,Maria,Allen,Male,astone@example.net,New Carriechester,Mississippi,Norfolk Island,2024-10-13
C003872,Mercedes,Becker,,richard07@example.com,Mistyburgh,Texas,Ghana,2024-12-17
C003873,Nicholas,Mcdonald,,rhondawest@example.net,Kellymouth,Michigan,Austria,2025-07-16
C003874,Andrea,Johnson,Female,austinpeterson@example.net,North Johnny,Pennsylvania,United States Minor Outlying Islands,2021-10-19
C003875,Steven,Roberts,Male,chenmargaret@example.net,Timothyfort,Illinois,Nicaragua,2022-05-28
C003876,Edward,Soto,Male,makayla40@example.net,Youngville,Oregon,Liberia,2021-12-20
C003877,Amber,Weber,,martinezhenry@example.org,Freemanburgh,South Carolina,Pitcairn Islands,2026-06-02
C003878,Charles,Foster,Female,sarah61@example.net,Perrychester,Louisiana,Liberia,2021-11-24
C003879,Anthony,Benson,Male,michaelramos@example.com,Derektown,Ohio,Egypt,2022-02-05
C003880,Gail,Jacobson,Female,alexandersmith@example.net,Millerhaven,Iowa,Christmas Island,2022-01-07
C003881,Eric,Carroll,,brownstephanie@example.com,Port Joannafurt,Virginia,Qatar,2022-11-27
C003882,Stacy,Pierce,Male,pratteddie@example.net,North Raymond,Florida,Croatia,2022-03-21
C003883,Vickie,Reyes,Female,valerie71@example.org,Williamsfurt,Arkansas,Jersey,2023-11-02
C003884,Dawn,Henry,Male,nrice@example.org,West Davidville,Arizona,Bahamas,2023-11-11
C003885,Linda,Johnson,Male,thomas80@example.net,Lake Codyton,West Virginia,Guatemala,2025-05-28
C003886,Joseph,Little,Female,isingh@example.net,Shawnstad,New Hampshire,Nauru,2021-09-02
C003887,Jeffrey,Dennis,Male,ufuller@example.com,Kaylaland,Alaska,Svalbard & Jan Mayen Islands,2024-06-25
C003888,Christine,Montgomery,,juliadavid@example.net,Amberfurt,Massachusetts,Central African Republic,2022-08-26
C003889,Bradley,Smith,Male,mary34@example.org,West Cherylside,Idaho,Anguilla,2025-07-03
C003890,Melinda,Smith,Male,philiphammond@example.com,Josestad,Illinois,Sudan,2025-02-10
C003891,Christina,Ballard,Female,fryjason@example.org,Christopherfort,Georgia,Svalbard & Jan Mayen Islands,2026-07-01
C003892,James,Lee,Female,william17@example.org,Fryebury,Alaska,Mayotte,2025-05-26
C003893,Brian,Shah,Female,angela08@example.net,Gilmoreland,Connecticut,Chad,2025-06-05
C003894,Wayne,Turner,Male,brianjarvis@example.net,Livingstonberg,Colorado,Bolivia,2022-03-26
C003895,Daniel,Sullivan,Female,smithalyssa@example.org,Kiddchester,Iowa,United States Minor Outlying Islands,2023-05-28
C003896,Christopher,Hernandez,Male,pwebb@example.com,North Alexandertown,Montana,Martinique,2023-08-14
C003897,Deanna,Hill,,craig73@example.com,Ronaldshire,Michigan,Congo,2024-09-29
C003898,Kelly,Lopez,,lonniewallace@example.com,Lovebury,Utah,Switzerland,2024-06-06
C003899,Christopher,Sims,Male,ujohnson@example.org,Lake Timothy,Alaska,Bolivia,2022-11-22
C003900,Jenny,Macias,Male,jennifer07@example.net,West Dawnville,South Carolina,New Zealand,2026-04-19
C003901,Jessica,Welch,,donaldbrown@example.com,Bartlettberg,Michigan,Saint Barthelemy,2024-07-09
C003902,Charles,Davis,,gloria33@example.net,Christopherberg,Wisconsin,Pitcairn Islands,2025-08-25
C003903,Frances,Kerr,Male,hamiltonamy@example.net,West Jenniferchester,Montana,Austria,2024-11-15
C003904,Latasha,Lee,,bellchristopher@example.net,West Sarah,Louisiana,Suriname,2024-05-27
C003905,Rick,Morris,,schwartzsarah@example.com,Gilbertbury,Maine,Libyan Arab Jamahiriya,2022-04-16
C003906,Rachel,Green,Male,jford@example.org,Mcgeebury,Alaska,Niger,2023-08-08
C003907,Vincent,Anderson,Female,donaldrice@example.net,Alexandratown,Rhode Island,Saint Helena,2026-04-26
C003908,Gerald,Allison,Female,fishergary@example.net,New Larryview,North Dakota,Somalia,2022-05-04
C003909,Donald,Woods,,jeffreyhensley@example.org,Adrianaberg,Texas,Seychelles,2026-04-28
C003910,Ann,Marshall,Male,awalker@example.com,New Scottview,Kentucky,Uruguay,2026-07-03
C003911,Ronald,Espinoza,,kevinkirk@example.com,Shelbyville,Nebraska,Nauru,2022-06-16
C003912,Thomas,Jones,,wrightgwendolyn@example.org,Markmouth,Alaska,Rwanda,2024-09-12
C003913,Mark,Garrett,Male,linda74@example.net,Jennaton,New York,Israel,2023-08-31
C003914,Amanda,Holmes,Female,perezelizabeth@example.org,South Ryan,New York,Mauritania,2025-06-07
C003915,James,Obrien,,danarusso@example.org,Michaelport,Wisconsin,Mauritius,2024-04-01
C003916,Paul,Smith,,nicholeroman@example.com,South Rodneystad,Maryland,Ireland,2022-02-05
C003917,Jose,Garcia,Female,johnsoncory@example.net,Linshire,Tennessee,Panama,2024-12-20
C003918,Christopher,Jackson,Male,sheliaedwards@example.com,Anntown,Utah,Bolivia,2022-03-29
C003919,Thomas,Taylor,Male,spetty@example.org,Paulhaven,Michigan,Congo,2025-09-14
C003920,Carolyn,Whitaker,Male,maldonadojuan@example.com,Alexishaven,Alabama,Palestinian Territory,2022-07-12
C003921,Laura,Arellano,Male,garrettreid@example.com,Mariafurt,Massachusetts,Moldova,2025-04-24
C003922,Antonio,Neal,Male,stevenking@example.org,Bowmanside,New Hampshire,Bulgaria,2024-03-10
C003923,Sarah,Young,,lflores@example.com,North Angelastad,Pennsylvania,Mayotte,2021-09-10
C003924,Misty,Roy,,smithjohn@example.org,Sarahmouth,Ohio,Cape Verde,2024-04-18
C003925,Ray,Warren,Female,ysoto@example.net,North Rebekah,Illinois,Algeria,2023-11-03
C003926,Bryan,Trevino,Female,lamroger@example.net,East Jamie,Virginia,Nauru,2023-11-26
C003927,Shirley,Myers,Female,diazcesar@example.net,New Victoriaton,New Hampshire,Afghanistan,2025-10-04
C003928,Erika,Martinez,Female,christinejackson@example.net,Melindaberg,Texas,Monaco,2023-08-12
C003929,Martin,Mack,Male,kirkjackson@example.com,New Brandi,South Dakota,Svalbard & Jan Mayen Islands,2024-04-08
C003930,Deanna,Adams,Male,michael10@example.net,Port Kim,Iowa,Wallis and Futuna,2022-10-07
C003931,Michael,Warren,Female,stanley28@example.net,West Ricardo,Indiana,Oman,2024-02-23
C003932,Chelsea,Clay,,batesanthony@example.com,Diaztown,Vermont,North Macedonia,2022-04-25
C003933,Robert,Nelson,Male,hoopernancy@example.net,Calebmouth,Oregon,Greece,2024-09-13
C003934,Eric,Williams,Male,glarson@example.net,West Markview,Ohio,Belgium,2025-08-13
C003935,Anna,Gilbert,,kennedyevan@example.com,Kristaport,Ohio,Saint Vincent and the Grenadines,2023-12-26
C003936,Brenda,Williams,,johnstongrant@example.org,Reedside,Alaska,Turks and Caicos Islands,2024-01-13
C003937,Jacob,Smith,,grantebony@example.com,Phamland,Oregon,United Kingdom,2024-01-21
C003938,Michelle,Brandt,,sean29@example.org,Mauricestad,South Dakota,Italy,2024-01-25
C003939,Jacqueline,Kelley,,umeyers@example.org,North Matthewside,Delaware,Brunei Darussalam,2025-06-20
C003940,Omar,Hernandez,Female,kellybrewer@example.net,Kristenton,Alabama,Burkina Faso,2026-06-07
C003941,Michael,Armstrong,,longdebra@example.org,Heatherchester,Arkansas,Nigeria,2026-04-06
C003942,Lisa,Kennedy,Male,smerritt@example.net,Washingtonmouth,Missouri,Ecuador,2026-05-01
C003943,Susan,Raymond,,mathewanderson@example.net,New Codyton,Arizona,Saint Barthelemy,2025-01-08
C003944,Robert,Adams,Female,xparker@example.net,New Alexisview,Wyoming,Burkina Faso,2021-10-17
C003945,Eric,Lee,Male,kimberly97@example.com,Wrightchester,Oklahoma,Singapore,2024-10-30
C003946,Jacob,Mason,,cgray@example.com,Michaelmouth,North Carolina,Isle of Man,2024-05-09
C003947,Shelley,Mcdowell,,angel66@example.com,Warrenfurt,Maryland,Tunisia,2026-06-08
C003948,Thomas,Walker,,brownmatthew@example.com,Davidsonmouth,Kansas,Dominican Republic,2022-12-29
C003949,Christy,Bailey,Male,cynthia84@example.com,Smithville,Vermont,Qatar,2023-02-14
C003950,Austin,Estrada,,mlewis@example.com,South Carriemouth,Tennessee,Botswana,2025-10-30
C003951,Alexandra,Garza,Female,gonzalezdeanna@example.com,Markview,Hawaii,Christmas Island,2024-06-10
C003952,Sheila,Ortega,Female,nicoleholland@example.com,New Elizabethmouth,New Jersey,Saint Helena,2022-01-01
C003953,April,Valencia,,yalexander@example.com,Shelleyborough,Missouri,Austria,2025-09-19
C003954,Amy,Stanton,Male,cassandra71@example.com,Lake Robert,Wyoming,Faroe Islands,2023-12-02
C003955,Yolanda,Harris,Male,kimberly68@example.net,Lake William,Colorado,India,2024-09-22
C003956,Christopher,Nielsen,Female,ytrujillo@example.com,Alexandraton,Ohio,French Guiana,2022-07-06
C003957,Kristine,Perry,Female,francisco17@example.net,Lake Kristinmouth,Illinois,Panama,2021-11-21
C003958,Victoria,Smith,Male,heidi74@example.org,Lake Wanda,Ohio,Sao Tome and Principe,2026-03-20
C003959,Sara,Howell,Male,uhenderson@example.com,Lake Georgehaven,Colorado,Denmark,2021-09-27
C003960,April,Hayes,Female,danielmeyer@example.net,West Bonnie,Maryland,Botswana,2022-06-03
C003961,Joel,Manning,,mark23@example.org,Heatherton,West Virginia,Cocos (Keeling) Islands,2023-01-04
C003962,Luis,Porter,,cannonvictoria@example.net,Nelsonborough,Michigan,Bosnia and Herzegovina,2026-02-13
C003963,Justin,Martinez,Male,fharris@example.net,East Jamiemouth,Kentucky,North Macedonia,2026-01-30
C003964,Arthur,Warren,,williamsomar@example.net,Hughesport,Louisiana,Cote d'Ivoire,2022-08-09
C003965,Erin,Smith,Male,nwaller@example.org,Raymondland,Virginia,Iraq,2024-10-04
C003966,Brittany,Kelley,Female,kjohnson@example.com,North Michael,Washington,Turkey,2022-01-03
C003967,Erica,Frye,Female,staceydickerson@example.org,Andersonborough,Texas,Hong Kong,2026-03-08
C003968,Michael,Baker,Male,amanda26@example.org,Port Jennifer,Kansas,Grenada,2023-01-01
C003969,Thomas,Wiley,Female,austin55@example.org,Port Richardland,Delaware,Czech Republic,2024-08-18
C003970,Adam,Diaz,,thomassingleton@example.org,West Brett,New York,Argentina,2025-04-29
C003971,Robert,Norton,Female,jefferydiaz@example.com,Allenstad,Pennsylvania,Moldova,2021-11-18
C003972,Kayla,Hawkins,Female,cheyennestrickland@example.com,Rileyton,Arizona,Tunisia,2023-04-17
C003973,Michael,Dawson,,margaretrandall@example.net,South Cindyberg,Montana,Norfolk Island,2023-07-05
C003974,Becky,Roberts,,johnathan50@example.org,Aguirretown,Michigan,Isle of Man,2024-12-18
C003975,Peter,Casey,Male,brewermarcus@example.com,Grimesberg,Hawaii,Cook Islands,2022-05-31
C003976,Hunter,King,Female,brownjohn@example.org,Port Benjaminchester,Oregon,Latvia,2025-10-04
C003977,Craig,Abbott,Male,vblake@example.net,Port Emilyland,Maryland,Saint Barthelemy,2022-04-20
C003978,Brandon,Huff,Male,jrodriguez@example.org,New Robert,Wisconsin,British Indian Ocean Territory (Chagos Archipelago),2022-11-30
C003979,Jennifer,Anderson,,sarah42@example.org,Joannaberg,Hawaii,France,2022-10-07
C003980,Edgar,Vazquez,Male,smithcolin@example.org,Foxburgh,Ohio,Palestinian Territory,2024-12-04
C003981,Joseph,Young,Male,davidsonmary@example.net,Lake Sarahmouth,Iowa,Senegal,2022-05-17
C003982,Marcus,James,Female,lbright@example.net,Patriciahaven,Louisiana,Ireland,2025-03-30
C003983,Lauren,Mitchell,Male,xellis@example.org,Jonesview,Alabama,Micronesia,2022-07-06
C003984,Dawn,Williams,Male,myerspaula@example.org,Brownfort,Illinois,United States of America,2022-03-05
C003985,Tara,Henderson,Male,robertburns@example.org,Lopezberg,Maine,Gibraltar,2025-08-16
C003986,Elizabeth,Armstrong,Female,mhancock@example.net,Lake Kevin,North Carolina,Cape Verde,2021-11-19
C003987,Ryan,Wheeler,,jacobmartin@example.net,East Alexa,Colorado,Congo,2024-01-25
C003988,Sarah,Thompson,Female,jeffguzman@example.org,Thomastown,Wyoming,Mozambique,2025-11-16
C003989,Kelly,Hatfield,,richgrace@example.com,Charlesport,Michigan,Uzbekistan,2022-05-15
C003990,Brittany,Moore,,paul08@example.net,New Jasmin,Vermont,Norway,2023-04-23
C003991,Joshua,Stout,,jamesbest@example.com,West Sandramouth,Oklahoma,Svalbard & Jan Mayen Islands,2025-08-18
C003992,Nicole,Shields,Female,jennifergriffin@example.net,Kristinland,Washington,United Kingdom,2025-08-07
C003993,Chelsea,Peterson,Female,rileyjulie@example.com,Wardstad,Arkansas,Malawi,2025-01-23
C003994,Jacob,Stokes,,landerson@example.net,North Adam,Alabama,Monaco,2023-09-03
C003995,Pamela,Grant,Female,wesley46@example.net,Mitchellstad,Hawaii,Samoa,2024-08-31
C003996,Joseph,Wright,Male,stephanie65@example.org,Duncanberg,New Jersey,Tanzania,2026-04-06
C003997,Savannah,Smith,,masonanderson@example.net,Leahview,South Dakota,Bosnia and Herzegovina,2025-07-19
C003998,Julie,Brown,,michael62@example.net,Tiffanyberg,Nevada,Palestinian Territory,2023-08-10
C003999,Robert,Newman,,hartmansarah@example.com,Lake Lawrencefurt,Maryland,Liberia,2021-09-28
C004000,James,Underwood,,maureenkirby@example.com,Lake Eric,Nevada,Ghana,2022-12-02
C004001,Jessica,Walker,Male,swalters@example.org,Mirandaborough,New Mexico,Barbados,2023-04-17
C004002,Pamela,Dawson,Female,laurawilliams@example.org,Emmachester,Ohio,Egypt,2024-10-26
C004003,Anthony,Mcintyre,Male,john12@example.org,Frankfurt,Louisiana,Namibia,2023-10-15
C004004,Samuel,Ford,Female,ogonzales@example.net,Robertsburgh,North Carolina,Isle of Man,2024-09-13
C004005,Misty,Johnson,Male,stevenschristopher@example.org,Lake Benjaminberg,Maine,Taiwan,2026-06-02
C004006,Alexandra,Smith,,tobrien@example.org,North Joannefort,Maryland,Saint Barthelemy,2024-07-01
C004007,Andrew,Ramirez,Male,serranodiane@example.net,South Gavinborough,Vermont,Barbados,2025-03-24
C004008,Linda,Lowery,Male,yvettecampbell@example.net,North Jennifer,Nebraska,French Guiana,2021-11-06
C004009,Joseph,Anderson,,ellisemily@example.com,North Anthony,Minnesota,Heard Island and McDonald Islands,2025-06-30
C004010,Jay,Diaz,Female,cdunn@example.com,Smithchester,New Hampshire,Sudan,2023-05-10
C004011,Darrell,Wilson,Female,michaeljones@example.com,New Michaelview,Washington,Bulgaria,2026-03-23
C004012,Thomas,Jennings,,cooperjerry@example.com,North Tamiville,Delaware,Belgium,2026-02-07
C004013,Ryan,Hancock,,qmathis@example.org,Christinaview,Delaware,Argentina,2023-07-13
C004014,Deborah,Henderson,,alex47@example.org,Michaelville,Vermont,Argentina,2024-01-19
C004015,Victor,Jones,,adamthomas@example.net,New Deborahport,Massachusetts,Suriname,2025-03-10
C004016,Gregory,House,,cball@example.net,Craigberg,Massachusetts,Seychelles,2026-04-17
C004017,Lisa,Russell,Male,powerssandra@example.net,Port Charles,Pennsylvania,Bolivia,2026-04-15
C004018,Janet,Adams,Female,johnsonbrooke@example.net,East Marymouth,Virginia,Bouvet Island (Bouvetoya),2026-07-15
C004019,Brenda,Stanley,,zacharywest@example.com,West Jenniferview,South Carolina,Canada,2025-07-27
C004020,Joseph,Lee,Female,lori26@example.com,Deannafort,Kansas,Martinique,2026-04-02
C004021,Ryan,Larson,,rlarsen@example.net,North Benjaminland,Wyoming,Chile,2024-05-24
C004022,Jessica,Hale,Male,rhernandez@example.org,Lake Ronaldfort,New York,Niger,2024-02-24
C004023,Elizabeth,Gibson,Male,smithaaron@example.net,West Susan,North Carolina,New Zealand,2025-07-12
C004024,Cynthia,Miller,Male,jamesgill@example.com,Johnstonton,Oklahoma,Cocos (Keeling) Islands,2024-12-04
C004025,Lacey,Cruz,Male,bday@example.org,Mckenzieberg,Pennsylvania,Sudan,2026-05-28
C004026,Jessica,Shelton,Female,znewman@example.org,Tapiachester,Wyoming,Bouvet Island (Bouvetoya),2026-06-15
C004027,Melissa,Smith,Male,aaron39@example.org,Lake Diana,New Mexico,India,2026-01-21
C004028,Javier,Jenkins,Female,zperez@example.org,Port Brandy,Tennessee,Guatemala,2021-10-14
C004029,Peter,Sullivan,,ypatterson@example.net,Michaelhaven,Tennessee,Anguilla,2024-10-23
C004030,Matthew,Dorsey,,kelleybradley@example.net,West Brandon,Virginia,Nauru,2025-05-17
C004031,Maria,Bell,Male,patricia44@example.org,Kimberlyberg,Kentucky,Croatia,2023-08-28
C004032,Philip,Watson,Female,caitlynwalton@example.net,South Raymondshire,Delaware,Serbia,2024-09-19
C004033,Daniel,Villanueva,,cheryl83@example.com,Boydtown,Kansas,Burkina Faso,2025-10-03
C004034,Clayton,Ramos,,dicksonkatie@example.com,Cooktown,Vermont,Papua New Guinea,2025-07-08
C004035,Joshua,Petersen,,darlene31@example.com,Gomezberg,Idaho,Niger,2023-03-06
C004036,Jennifer,Wright,,mjohnson@example.net,East Rogerport,Oklahoma,Japan,2023-10-11
C004037,Michael,Foster,Male,melissa51@example.com,West Doris,New York,Finland,2022-07-29
C004038,Sarah,Crawford,Male,jacksonstephen@example.org,East Travisland,Alabama,Brazil,2021-07-31
C004039,Cynthia,Pham,Male,shawmelanie@example.com,Port Kaylatown,Rhode Island,Poland,2024-08-21
C004040,Barbara,Bailey,,daniel66@example.org,South Nicoleview,Maryland,Ethiopia,2026-01-17
C004041,Brandon,Walker,Male,julie61@example.com,East Hannah,New Jersey,Portugal,2025-10-07
C004042,Scott,Reynolds,,petersonkimberly@example.org,Lake Patrick,West Virginia,Thailand,2022-06-20
C004043,Debra,York,Male,vkelly@example.net,North Jasmine,Pennsylvania,Ghana,2023-06-25
C004044,William,Morales,Male,morgan99@example.org,Lake Brenda,Louisiana,Guinea,2022-07-08
C004045,Catherine,Brown,Female,thompsonamber@example.net,Jenkinsport,Maryland,Equatorial Guinea,2022-09-07
C004046,Jennifer,Walker,Female,ymckee@example.net,New Tanyaton,North Carolina,Greenland,2023-10-04
C004047,Jeffrey,Rojas,,scott31@example.net,Lake Jonathan,Virginia,Montserrat,2021-08-24
C004048,Eric,Randolph,,dawnmedina@example.com,Port James,Montana,Saint Kitts and Nevis,2026-04-27
C004049,Christian,Jones,,danielolsen@example.com,Mosshaven,Rhode Island,Ireland,2021-10-14
C004050,Andrew,Dougherty,Female,grusso@example.net,Shawburgh,Virginia,Georgia,2022-03-19
C004051,Mike,Fisher,Male,karlarobinson@example.com,Jacquelineton,South Dakota,Palestinian Territory,2023-01-26
C004052,Kenneth,Rogers,Female,nicolepierce@example.org,Lake Jon,Missouri,Netherlands,2025-05-06
C004053,Alexandra,Duarte,Male,catherine60@example.org,Leonbury,Idaho,Poland,2024-05-06
C004054,Patricia,Glenn,,elizabeth30@example.com,South Patriciaville,South Carolina,Armenia,2025-07-19
C004055,Janice,Horton,Female,eacevedo@example.com,New Jenniferbury,Kansas,Venezuela,2026-07-20
C004056,Lisa,Jones,,carriebrewer@example.com,Joshualand,North Carolina,Cote d'Ivoire,2022-07-25
C004057,Tyler,Meyer,Male,debra42@example.com,South Leahport,Iowa,Malta,2025-10-15
C004058,Brandon,Gonzalez,Male,margaret00@example.com,Westmouth,Michigan,Afghanistan,2021-09-27
C004059,Manuel,Bonilla,Female,timothy60@example.net,South Michele,Indiana,Cuba,2026-07-22
C004060,Carlos,White,Female,thomas15@example.org,Navarroberg,South Carolina,Germany,2023-10-01
C004061,Jeanne,Davidson,Female,susanbaker@example.org,Turnermouth,California,Kenya,2024-03-15
C004062,Heather,Maldonado,,dwells@example.com,West Monicafurt,Alaska,Belgium,2024-01-11
C004063,Jonathan,Miller,Male,uparker@example.org,Port Jessicaberg,Massachusetts,Isle of Man,2024-12-13
C004064,Kristy,Stein,Female,sara62@example.com,Lake Lindsay,Oklahoma,Lebanon,2023-12-15
C004065,Patrick,Green,,jeffreymcmillan@example.com,West Melvinborough,New Hampshire,Faroe Islands,2024-11-10
C004066,Adam,Anderson,,robertkelly@example.net,Maynardburgh,Oregon,Czech Republic,2026-02-18
C004067,Nicholas,Cox,,shawngill@example.com,Alexanderport,Pennsylvania,North Macedonia,2026-05-30
C004068,Katelyn,Waller,Male,cassidyward@example.com,Joelport,South Dakota,Wallis and Futuna,2022-05-31
C004069,Gina,Chase,Female,samuel54@example.com,Glennstad,North Carolina,Turkey,2025-02-09
C004070,James,Stanley,Female,jonesanna@example.net,Cruzburgh,New Hampshire,Bahamas,2022-12-05
C004071,John,Fernandez,,michellestone@example.org,Kaylahaven,Iowa,Faroe Islands,2024-10-28
C004072,Deborah,Adams,Female,andersonbrandy@example.net,Roachbury,Oklahoma,Ghana,2023-02-13
C004073,Monique,Thompson,Male,bruce94@example.net,West Hollyhaven,North Dakota,Hungary,2025-01-29
C004074,Pamela,Harvey,Female,ryanshannon@example.org,Sharonburgh,New York,Chad,2023-02-07
C004075,Linda,Garcia,,sean73@example.com,West Pamelaville,Montana,Cayman Islands,2021-11-21
C004076,Tracy,Gray,Male,pkirk@example.net,Gonzalezport,Alaska,Qatar,2024-10-06
C004077,Jason,Jones,Female,sandersrobert@example.net,South Genefurt,South Carolina,Saint Kitts and Nevis,2024-04-17
C004078,Jennifer,Day,Male,zmendoza@example.org,New Dillonport,New Jersey,Montenegro,2026-06-08
C004079,Crystal,Martinez,Female,jsullivan@example.com,Williamsmouth,Connecticut,India,2025-10-11
C004080,Christopher,Adams,Male,steve25@example.com,Heatherborough,Massachusetts,Canada,2024-07-21
C004081,Brian,Bright,,kellyjones@example.com,West Matthew,Florida,France,2023-12-16
C004082,Monica,Avila,,reedleroy@example.org,North Angela,Oregon,Grenada,2021-12-26
C004083,Christopher,Munoz,,hayesanthony@example.com,Delgadoborough,Delaware,Cote d'Ivoire,2022-01-19
C004084,Melanie,Winters,Male,larry83@example.org,Prestonburgh,Minnesota,Gibraltar,2026-07-04
C004085,Melissa,Woodward,Male,johnhull@example.net,Port Jessica,Arizona,Bolivia,2022-05-15
C004086,Stacy,Wolfe,,mmurphy@example.org,Bethstad,Oregon,Serbia,2025-10-30
C004087,Shane,Williams,,warnertimothy@example.com,Patelberg,Mississippi,Micronesia,2022-07-19
C004088,Blake,Nolan,Male,markwood@example.org,Goldenhaven,North Carolina,Poland,2025-08-02
C004089,Teresa,Kim,Male,oyoung@example.com,Jennifershire,North Carolina,Turkey,2022-02-24
C004090,Dorothy,Galvan,Male,karenbowers@example.com,New Donald,Alaska,Honduras,2025-09-02
C004091,Kristen,Hill,Male,dylan92@example.org,New Mariaview,New Hampshire,Estonia,2026-05-09
C004092,Dawn,Conner,Male,brendan97@example.net,North Barbara,West Virginia,Cote d'Ivoire,2024-01-30
C004093,Dennis,Wilson,Female,sarahlewis@example.org,New Katherine,Rhode Island,Turkmenistan,2025-09-26
C004094,Blake,Wood,Female,normanstephanie@example.net,Christyport,New York,Japan,2021-12-16
C004095,Angelica,Walton,Female,phunt@example.org,Jessicatown,Alabama,Tonga,2026-06-06
C004096,Evelyn,Terry,Male,fmeyer@example.net,North Lori,Louisiana,Croatia,2026-02-26
C004097,Robert,Sexton,Male,lgreen@example.org,North Reneestad,Louisiana,Morocco,2023-03-25
C004098,Crystal,Rios,Male,beckyblake@example.com,New Nicholaston,Rhode Island,Tonga,2021-11-24
C004099,Nicolas,Jones,,sstewart@example.net,North Regina,Mississippi,Montserrat,2023-01-29
C004100,Cynthia,Hartman,,santanaveronica@example.org,Summerstown,Connecticut,Saudi Arabia,2021-12-23
C004101,Patricia,Holloway,,veronicabutler@example.net,Carterport,Mississippi,Norfolk Island,2025-10-16
C004102,James,Adams,,dclark@example.org,Johnsonville,Mississippi,Congo,2023-03-29
C004103,Linda,Rollins,Female,howardharold@example.com,Mcgeeport,Utah,Monaco,2024-04-19
C004104,Michele,Lucas,Male,linkevin@example.net,Williamschester,Louisiana,Micronesia,2025-12-26
C004105,Mark,Kelly,Female,vegaashley@example.org,Lake Justin,Michigan,Uganda,2025-05-23
C004106,Patricia,Sherman,Male,cory93@example.com,New Corey,Alabama,Dominica,2024-02-18
C004107,Kimberly,Jones,Female,zolsen@example.com,Mcdanielstad,Georgia,Barbados,2026-06-24
C004108,Robin,Cook,,tschmidt@example.org,Heatherborough,Rhode Island,Eritrea,2022-04-15
C004109,Alexis,Barajas,Female,markbuck@example.net,Timothyborough,Rhode Island,Saint Barthelemy,2025-08-30
C004110,Amy,Lee,Female,lewisthomas@example.org,North Micheal,Oklahoma,Somalia,2024-05-04
C004111,Ashley,Watts,Male,jamie07@example.com,Valentineland,Illinois,Equatorial Guinea,2026-06-11
C004112,Jennifer,Bailey,,glassalexis@example.org,New Craigfurt,California,Lithuania,2025-12-17
C004113,Aaron,Donaldson,Female,kevin12@example.net,Lake John,Connecticut,Algeria,2025-12-10
C004114,Brandi,Gregory,Male,lucashenson@example.net,Thomasstad,Nevada,Belgium,2022-12-04
C004115,Craig,Moore,,dbrown@example.net,Lake David,Michigan,Cameroon,2024-07-05
C004116,Daniel,Drake,,rodrigueznicole@example.com,East John,Virginia,Argentina,2024-07-24
C004117,Kara,Reilly,Male,sarahjenkins@example.org,North Paul,Nebraska,Rwanda,2024-05-20
C004118,Zachary,Rangel,Male,smithcaleb@example.net,East Tiffany,Alaska,British Virgin Islands,2023-08-31
C004119,Bethany,James,Male,connie67@example.org,East Amy,Tennessee,South Georgia and the South Sandwich Islands,2026-06-28
C004120,James,Wagner,,carterkyle@example.com,East Laurie,Alaska,San Marino,2024-01-01
C004121,Elaine,Day,Male,tina89@example.net,West Jessicastad,Alabama,Nicaragua,2025-05-20
C004122,Samantha,Cordova,Female,aliciajones@example.net,South Elijah,New Hampshire,Liechtenstein,2022-06-18
C004123,Anthony,Shaw,Male,stevenashley@example.org,Port Sharonshire,Colorado,United States Virgin Islands,2026-05-10
C004124,Michael,Murray,Female,brooksmatthew@example.net,Brittanystad,Hawaii,Nigeria,2023-09-08
C004125,John,Stewart,Female,codygonzalez@example.net,Donaldhaven,New Mexico,Vanuatu,2024-10-12
C004126,George,Nichols,Female,andrewmoore@example.org,Zhangfurt,Massachusetts,Singapore,2022-02-05
C004127,Deborah,Ball,Female,antoniogarrett@example.com,East Danielstad,Wisconsin,Tonga,2023-06-19
C004128,Jennifer,Perez,Male,brucetaylor@example.org,North Alexis,Delaware,Cote d'Ivoire,2021-11-23
C004129,Roger,Wall,,christopherwright@example.net,Shawtown,Mississippi,Grenada,2024-11-19
C004130,Christina,Stevenson,Female,bchurch@example.net,South Brian,Maryland,Mongolia,2023-11-25
C004131,Cindy,Santos,Male,wdominguez@example.com,Wongport,California,Bahrain,2022-08-16
C004132,Alexis,West,Female,nhartman@example.net,Hayesmouth,Virginia,Iraq,2022-07-08
C004133,Annette,Hunter,Male,ramosrenee@example.net,Victorton,Texas,Yemen,2025-06-21
C004134,Cynthia,Anderson,Female,jonesnicole@example.com,Lake Julianberg,Vermont,Heard Island and McDonald Islands,2026-03-24
C004135,Jessica,Young,,jasonarnold@example.com,East Daniel,California,Jersey,2026-06-29
C004136,Joanna,Howell,Female,tparker@example.com,Williamsville,Delaware,Netherlands,2026-07-19
C004137,Lindsay,Carpenter,,connerdavid@example.com,Andersonshire,Arkansas,United States Minor Outlying Islands,2022-07-21
C004138,David,Holland,,zsmith@example.com,East Richard,Idaho,Saint Kitts and Nevis,2025-10-08
C004139,Matthew,Hicks,Male,jennifer93@example.com,Port Juanside,New York,Guatemala,2025-11-21
C004140,April,Johnson,Female,esims@example.com,Crystalview,Arkansas,Bahamas,2022-05-07
C004141,Tony,Green,Female,george43@example.com,South Peter,Arkansas,France,2023-02-11
C004142,Katelyn,Floyd,,iwilson@example.net,South Carlosburgh,West Virginia,Liechtenstein,2025-02-24
C004143,Deanna,Phillips,Female,lford@example.com,Comptonport,Mississippi,Reunion,2022-03-12
C004144,Paula,Holt,Male,dawnbowman@example.net,West Robertmouth,Maine,British Indian Ocean Territory (Chagos Archipelago),2025-08-31
C004145,Kylie,Ramirez,,matthew79@example.com,Lake Steventon,New Mexico,Uganda,2023-10-11
C004146,Brian,Parker,,matthew30@example.org,South Jamesview,Connecticut,Canada,2023-12-03
C004147,Suzanne,Matthews,Male,littleautumn@example.net,Patrickberg,Kentucky,Austria,2023-05-27
C004148,Matthew,Brewer,Male,markmassey@example.com,Robertsside,Minnesota,Jersey,2023-03-03
C004149,Sandra,Powell,Male,katherinecurry@example.org,Parkerhaven,West Virginia,Burkina Faso,2025-06-23
C004150,Andrew,Martinez,Female,charles64@example.net,Williamsburgh,Missouri,Guam,2022-05-07
C004151,Bryan,Poole,Male,ramseywilliam@example.com,New Robertbury,New Hampshire,Chile,2023-06-09
C004152,Brian,Allen,Male,terrinavarro@example.com,Leborough,Idaho,Bahamas,2023-06-10
C004153,Aaron,Chandler,,sandersashley@example.net,Lake Jennifermouth,Ohio,Mali,2022-10-31
C004154,Elizabeth,Martinez,Female,qwright@example.org,Lake Anthonyton,Utah,Chile,2021-09-24
C004155,Ashley,Vasquez,,evansstacey@example.com,East Sonya,Connecticut,Taiwan,2023-05-19
C004156,Heather,Greer,,david67@example.net,New Ricky,Michigan,Mali,2023-09-20
C004157,Jimmy,Avery,Male,josephthompson@example.org,Serranoport,Indiana,Belgium,2025-07-08
C004158,Brandon,Gibson,Female,gabrielhoffman@example.com,Ritashire,Illinois,Saint Martin,2023-07-27
C004159,Sarah,Martin,Male,fjohnson@example.com,Contrerashaven,New Hampshire,Zimbabwe,2022-08-19
C004160,Wayne,Hutchinson,,wilsonbryce@example.org,Lake Michaelshire,Georgia,Western Sahara,2022-08-09
C004161,Jeffrey,Bradshaw,Female,earlowens@example.com,West Justinhaven,Alaska,Indonesia,2024-10-31
C004162,Crystal,Baker,,adunn@example.org,Meganburgh,Nebraska,Bosnia and Herzegovina,2023-07-19
C004163,Julia,Nguyen,,david93@example.org,Brownville,Maryland,Paraguay,2023-06-21
C004164,Judith,Salazar,Female,collinselizabeth@example.org,East Tammychester,Texas,Senegal,2024-10-22
C004165,Vanessa,Baker,Male,matthewsbradley@example.com,South Steven,Arizona,Chad,2024-08-27
C004166,Robert,Middleton,Male,riverajamie@example.com,East Stacy,Idaho,Sao Tome and Principe,2022-12-09
C004167,Elizabeth,Ingram,,ismith@example.com,North Brendaton,Montana,Ghana,2025-05-01
C004168,Jessica,Thompson,Male,emilywashington@example.org,North Lisahaven,Michigan,Brazil,2022-06-19
C004169,Carrie,Jackson,Female,lwhite@example.org,Carlsonberg,Wisconsin,Cameroon,2022-03-21
C004170,Melanie,Thomas,Female,john41@example.net,Riverafort,Missouri,Benin,2024-01-07
C004171,Nicholas,Washington,Male,elizabethroy@example.com,South Ryan,New York,Myanmar,2024-05-13
C004172,Jimmy,Bates,Male,palmerjessica@example.org,Dixonfurt,South Dakota,Bouvet Island (Bouvetoya),2023-04-29
C004173,Cynthia,White,,zperry@example.com,New Shirleyfort,Pennsylvania,Heard Island and McDonald Islands,2023-08-27
C004174,John,Johnson,Female,lisawashington@example.com,New Jameschester,Texas,Suriname,2021-08-23
C004175,Thomas,Smith,Male,annyoung@example.org,Solisview,Georgia,Pitcairn Islands,2022-02-14
C004176,Linda,Roberts,Male,victorcarroll@example.net,Lake Douglas,Nebraska,Saint Kitts and Nevis,2025-01-31
C004177,Christy,Sawyer,Male,jordan76@example.net,New John,Washington,Senegal,2022-10-19
C004178,Randall,Andrews,,donaldparker@example.net,Thompsonhaven,Colorado,Slovenia,2026-07-12
C004179,Maria,Carr,Female,mccoyelizabeth@example.org,New Laurentown,Rhode Island,Martinique,2024-05-16
C004180,Bryan,Smith,,jerrycummings@example.com,West Kimberly,Michigan,Switzerland,2022-03-15
C004181,Timothy,Guzman,Female,peterhall@example.org,Whiteberg,Connecticut,South Georgia and the South Sandwich Islands,2023-02-22
C004182,Michael,Thomas,Female,watersphilip@example.net,Port Morgan,Oregon,Venezuela,2026-02-08
C004183,Jon,Davis,,smorgan@example.org,Smithfurt,Idaho,Singapore,2026-05-13
C004184,Martha,Logan,Male,walkerbianca@example.com,Lake Stephaniemouth,Massachusetts,Tanzania,2022-04-24
C004185,Bailey,Foster,,rebecca71@example.net,New Christopherberg,Texas,Afghanistan,2023-11-01
C004186,James,Berry,Male,medinateresa@example.com,Michellechester,Indiana,Jersey,2024-06-20
C004187,Elizabeth,Romero,,bookerstephen@example.net,Banksstad,Minnesota,Niger,2024-08-29
C004188,Karen,Jones,Male,abolton@example.net,Sullivanburgh,Florida,Congo,2023-06-17
C004189,Tonya,Armstrong,,gina43@example.com,Lake Josephview,Georgia,French Polynesia,2024-08-08
C004190,Melissa,Moore,Female,davidmcdonald@example.com,Dylanberg,Connecticut,Togo,2022-06-30
C004191,Kevin,Rasmussen,Male,patricklaura@example.com,New Christopher,Washington,Tunisia,2025-07-30
C004192,Barbara,Rangel,,scott17@example.com,North Dorothyshire,Mississippi,Mauritius,2022-09-30
C004193,Anita,Smith,,joewells@example.org,Leemouth,Colorado,Cuba,2023-02-26
C004194,Ronald,Harris,Male,wendy17@example.org,South Jerryborough,Wisconsin,Guernsey,2022-11-15
C004195,Courtney,Miles,Female,michelle33@example.net,West Kevin,New York,Spain,2023-08-14
C004196,Ashley,Taylor,,antonioleblanc@example.org,Matthewside,Vermont,Armenia,2022-06-08
C004197,William,Torres,Male,jwilson@example.com,Port Annehaven,Colorado,Japan,2025-04-14
C004198,Mike,Carter,Male,danielturner@example.org,Morganborough,Indiana,Uruguay,2024-02-26
C004199,Ryan,Buchanan,Female,sowens@example.com,South Craigtown,Massachusetts,Faroe Islands,2022-10-09
C004200,Shawn,Smith,Female,patrickmiller@example.com,Timothychester,Rhode Island,Sao Tome and Principe,2026-02-20
C004201,Nicholas,Allen,Female,thompsonshawn@example.net,Melissafurt,South Carolina,Sierra Leone,2023-10-28
C004202,Vanessa,Simmons,Female,melissanelson@example.net,Jacksonborough,California,Nicaragua,2025-05-07
C004203,Daniel,Bennett,,oarnold@example.com,Juliaside,Missouri,Portugal,2022-11-09
C004204,Tamara,Smith,,lawsondouglas@example.com,Johnville,New Hampshire,Grenada,2023-03-13
C004205,Aaron,Myers,Female,hamiltonkenneth@example.org,Brandonmouth,Florida,Tanzania,2023-06-17
C004206,Matthew,Reed,Female,ocardenas@example.org,Christopherberg,Minnesota,Vietnam,2024-11-12
C004207,Bryan,Gomez,Female,rileysimon@example.org,Debbieburgh,North Carolina,Saudi Arabia,2024-03-07
C004208,James,Shepard,Female,christinefrey@example.com,Port Michele,Illinois,Venezuela,2023-05-12
C004209,Holly,Lambert,Male,savagesteven@example.com,Wrightstad,North Carolina,Venezuela,2023-07-11
C004210,Lauren,Johnston,Male,matthewholland@example.com,South Heather,Illinois,Italy,2023-08-05
C004211,Wayne,Davis,Male,zburnett@example.com,Michellemouth,Rhode Island,Saudi Arabia,2023-03-26
C004212,Tiffany,Jacobs,Male,lindsay69@example.net,Wayneberg,Rhode Island,Estonia,2024-04-04
C004213,Joe,Pham,,hpadilla@example.com,Heatherview,Delaware,Kiribati,2024-06-20
C004214,Jaclyn,Mack,Male,rita14@example.net,West Erikland,Minnesota,El Salvador,2023-02-12
C004215,Morgan,Sawyer,Male,yford@example.org,Reneeside,Mississippi,Lithuania,2022-11-16
C004216,Kyle,Fry,Male,erik77@example.org,West John,New Jersey,Jersey,2023-06-20
C004217,Lisa,Olsen,Male,oconnellkristina@example.net,Hudsonfort,Massachusetts,Belarus,2024-11-25
C004218,Aaron,Johnson,Female,katie19@example.com,South Gavinbury,Louisiana,Zambia,2025-08-04
C004219,Curtis,Barber,Female,david17@example.org,New Edward,Arkansas,Namibia,2022-04-14
C004220,Louis,Sherman,Female,christinesmith@example.net,Bradleyland,Maryland,Kazakhstan,2022-11-07
C004221,Emily,Singleton,Female,christinabrown@example.com,Marcbury,New Mexico,Madagascar,2022-07-04
C004222,Christine,King,Male,scooper@example.com,Nicholasside,Maine,Finland,2022-04-01
C004223,Patrick,Gonzalez,,kimberlyrosales@example.net,Nicolechester,Michigan,Bahrain,2024-06-02
C004224,Bobby,Marquez,Female,latoyahansen@example.com,East Blakechester,Arkansas,Iraq,2024-11-16
C004225,Kristy,Stanley,Male,linda03@example.com,Port Wanda,Delaware,Libyan Arab Jamahiriya,2024-12-24
C004226,Jodi,Garrett,Female,jameshiggins@example.net,Port Jeanne,Arizona,Senegal,2025-01-31
C004227,Sabrina,Gibson,Female,marilyngarcia@example.net,North Lauren,Texas,Andorra,2025-12-28
C004228,Elizabeth,Carroll,Female,carlmcfarland@example.com,Lake Christophertown,Ohio,Spain,2026-04-23
C004229,Bruce,Schaefer,Female,samanthahawkins@example.com,Browningberg,Texas,South Africa,2023-05-07
C004230,Cathy,Stewart,Male,rodney41@example.org,West Kelly,Wyoming,Korea,2025-01-13
C004231,Alexandra,Wright,Male,zmartin@example.org,East Wayne,Kentucky,Nigeria,2022-04-14
C004232,Jeremiah,Wells,Male,cindy45@example.org,New Dawnborough,South Carolina,Peru,2023-05-24
C004233,Timothy,Boyd,,ngilbert@example.com,New Stephanie,Colorado,Anguilla,2023-06-25
C004234,Jennifer,Perez,Female,samanthalopez@example.com,Loriport,Ohio,Paraguay,2021-10-29
C004235,Gregory,Evans,,nmyers@example.net,East Sydney,Mississippi,Mexico,2023-04-17
C004236,Mark,White,,smithsandra@example.net,Erikaport,Wyoming,Gambia,2024-04-26
C004237,Kyle,Wheeler,,griffinbrian@example.org,Smithborough,Utah,Burkina Faso,2022-06-01
C004238,Jennifer,Hayes,Male,christina02@example.com,Kaitlinhaven,Kansas,Montserrat,2021-12-09
C004239,Susan,Clark,Male,vazquezdaniel@example.org,Lake Tommy,North Carolina,Serbia,2021-11-26
C004240,Vanessa,Stout,Female,vjackson@example.com,Victoriaville,Georgia,Jersey,2022-08-22
C004241,Brian,Brown,Male,pcarrillo@example.net,East Jacqueline,Idaho,Cayman Islands,2023-04-24
C004242,Steven,Jordan,Male,davidmartin@example.com,Martinborough,Indiana,Gabon,2023-05-22
C004243,Pamela,Bailey,,daniellearroyo@example.com,Raymondland,Pennsylvania,Zimbabwe,2022-06-03
C004244,Savannah,Nguyen,Male,silvajessica@example.com,Charlesport,New York,Haiti,2026-02-28
C004245,Kathleen,Patterson,Female,karinahodges@example.net,West Susan,Maine,Sierra Leone,2024-02-09
C004246,Amy,Browning,Female,lkim@example.com,Ericafort,Washington,Albania,2023-03-05
C004247,Ann,Hensley,,fostercarol@example.net,Mcleanmouth,California,Bolivia,2023-06-09
C004248,Danielle,Edwards,Male,morganbridges@example.com,Smithburgh,Nevada,Estonia,2023-06-16
C004249,Cheryl,Williamson,,charlesamy@example.com,Russelltown,Vermont,Zambia,2024-09-15
C004250,Jeffrey,Padilla,Female,williamjohnson@example.com,South Douglasmouth,Michigan,Afghanistan,2025-11-11
C004251,Crystal,Martin,Female,henrythompson@example.org,New Alexander,Pennsylvania,Svalbard & Jan Mayen Islands,2024-12-04
C004252,Juan,Graves,Male,iwerner@example.com,Sanchezville,Maine,Malawi,2023-11-20
C004253,Brittany,Ruiz,Male,edwardsconnor@example.net,Joshuaside,Rhode Island,Dominican Republic,2025-03-20
C004254,Amy,Walker,Female,martinshields@example.com,South Brittanybury,Minnesota,Uzbekistan,2025-05-17
C004255,Deborah,Joseph,Female,dennisbaldwin@example.net,Christiantown,Oregon,Puerto Rico,2021-10-14
C004256,Amy,Crawford,,karen73@example.org,North Justinchester,Kansas,Cote d'Ivoire,2023-09-07
C004257,Anthony,Daniels,,noblebrian@example.net,West Emilymouth,Rhode Island,Sao Tome and Principe,2023-07-07
C004258,Melissa,Montgomery,,ryoder@example.org,Port Janetfort,Mississippi,Singapore,2024-03-01
C004259,Jose,Chambers,Male,michael42@example.org,Lake Kevintown,Utah,Malawi,2026-02-03
C004260,Lisa,Walter,Male,amyhowe@example.com,Josephton,New Jersey,Mexico,2023-10-13
C004261,Mark,Johnson,Female,lance51@example.net,New Jamiestad,New Hampshire,Senegal,2023-11-24
C004262,Aaron,Huff,Male,lclayton@example.com,Port Erinland,Texas,Jamaica,2024-07-02
C004263,Daniel,Hodges,Male,jacksonamber@example.net,South Melanie,Massachusetts,Singapore,2025-06-28
C004264,Brianna,Diaz,Male,toddmclaughlin@example.net,Aguilarberg,Florida,Israel,2024-07-24
C004265,Diana,Hoover,Male,qelliott@example.com,South Oliviahaven,Tennessee,Christmas Island,2024-01-20
C004266,David,Smith,Male,michaeljones@example.org,New Kathrynview,Mississippi,Namibia,2025-02-09
C004267,Patrick,Rodriguez,Male,qharris@example.net,Nicoleside,Minnesota,Vanuatu,2024-09-27
C004268,Rodney,Harris,Male,ashley84@example.net,East Jessicafort,Virginia,Marshall Islands,2024-01-21
C004269,Aaron,Hoffman,Male,sotoeileen@example.net,North Jenniferbury,New Mexico,New Zealand,2023-03-13
C004270,Elizabeth,Moore,Female,claytonyoung@example.com,Lake Rebeccatown,Texas,Lao People's Democratic Republic,2025-12-16
C004271,Kathleen,Thomas,Female,aingram@example.org,Lake William,Wisconsin,Suriname,2024-08-24
C004272,Blake,Hunt,,leestacey@example.org,Port Williamberg,Idaho,Turkmenistan,2021-11-01
C004273,Julian,Carter,,michellerodriguez@example.com,South Nicoleshire,Minnesota,Lebanon,2022-02-14
C004274,Katherine,Solis,,elizabethpeterson@example.net,North Jacquelineburgh,North Carolina,French Polynesia,2022-05-21
C004275,Joshua,Davis,Male,mccarthyamber@example.net,Port Courtney,Connecticut,Dominican Republic,2024-01-15
C004276,Erica,Clark,,walkerpamela@example.org,Joannefort,Oregon,Chile,2023-03-24
C004277,Lindsay,Davis,,jeffreydorsey@example.net,East Rickyburgh,Wisconsin,Central African Republic,2021-10-19
C004278,Courtney,Cook,Female,christiepennington@example.com,Tranport,Montana,China,2021-12-21
C004279,Paul,Hayes,Male,butlerbradley@example.org,Port Davidtown,New Jersey,Taiwan,2025-06-10
C004280,Nicholas,Mitchell,Male,elizabeth36@example.org,North Katherine,Kansas,Tuvalu,2025-03-09
C004281,Bradley,Nash,Male,allenjonathan@example.net,Weavershire,Massachusetts,Anguilla,2024-07-07
C004282,Lori,Miller,Male,william99@example.com,Josephshire,Louisiana,Saint Pierre and Miquelon,2024-07-14
C004283,Donald,Phillips,,donnagallagher@example.com,Kingport,Florida,Philippines,2022-02-07
C004284,Mary,Jenkins,Female,brenda46@example.com,Port Justinview,Maryland,Italy,2025-01-13
C004285,Michael,Collins,Male,yatesjocelyn@example.org,Dennishaven,Wisconsin,Malawi,2024-03-27
C004286,Laura,Evans,Male,michelle89@example.org,West Johnland,New Mexico,Vanuatu,2024-05-10
C004287,Eric,Young,Female,walkersamuel@example.net,Petersonhaven,Iowa,Nicaragua,2022-08-22
C004288,Todd,Woodard,Male,kaitlyndavies@example.net,West Johnberg,Hawaii,Equatorial Guinea,2022-02-22
C004289,Wendy,Arellano,Male,moranmelissa@example.net,West Katherine,Idaho,France,2023-12-10
C004290,Henry,Villegas,Female,cmcintyre@example.com,Robinfort,Minnesota,Cuba,2025-09-06
C004291,Brandon,Leonard,Male,pyoung@example.net,Hurleyborough,Iowa,Zimbabwe,2023-06-07
C004292,Collin,Smith,Male,sabrina37@example.com,Faithside,Idaho,Israel,2026-04-16
C004293,Erik,Miller,,lauren51@example.net,New Alexandrahaven,Oregon,Romania,2025-01-04
C004294,Zachary,Mckinney,Female,roserhonda@example.net,Howardville,New York,Svalbard & Jan Mayen Islands,2026-01-04
C004295,Ann,Mitchell,,jenkinsjake@example.net,Matthewport,Illinois,Comoros,2022-12-26
C004296,Erica,Joseph,Female,aanderson@example.com,Port Sarashire,Utah,Western Sahara,2022-08-24
C004297,Kelly,Hill,Female,mariamaddox@example.org,New Deannamouth,Iowa,Bouvet Island (Bouvetoya),2023-06-13
C004298,Jeffrey,Carter,Male,adamblack@example.net,Hubbardburgh,Maryland,Equatorial Guinea,2023-12-20
C004299,John,Berry,Female,livingstondavid@example.org,East Michaelside,Pennsylvania,Jersey,2026-03-29
C004300,Tracey,Williams,,melissa98@example.net,South Kathy,Louisiana,French Guiana,2024-10-28
C004301,Michael,Key,Female,lreyes@example.net,West Douglasside,Indiana,Belize,2022-01-06
C004302,Kim,Ford,Male,daniel65@example.org,New Brandonstad,Louisiana,French Polynesia,2026-06-08
C004303,Karen,Owens,Female,qbrown@example.org,North Paul,Michigan,Tajikistan,2023-12-04
C004304,Christopher,Bird,Male,lewismichelle@example.net,Thomasport,Kansas,Myanmar,2025-06-17
C004305,Valerie,Chaney,Male,anamathews@example.com,Lake Heatherview,Mississippi,Macao,2021-12-09
C004306,Paul,Callahan,Female,danielvargas@example.org,East Richard,New Mexico,Burkina Faso,2023-03-21
C004307,Daniel,Taylor,Female,manningjamie@example.net,North Ericberg,Iowa,Kazakhstan,2021-09-08
C004308,Benjamin,Casey,Female,angela25@example.org,New Erik,Maine,Thailand,2026-01-06
C004309,Phillip,Mckay,Male,troy31@example.com,West Mitchellton,Indiana,Hungary,2023-04-05
C004310,Michael,Adkins,Male,eric37@example.org,Samuelmouth,Missouri,Samoa,2025-10-16
C004311,Gary,Buck,,fprice@example.com,Chapmanview,Minnesota,Sao Tome and Principe,2023-03-30
C004312,Gabriel,Thomas,,heatherward@example.com,Taraberg,Mississippi,France,2024-08-03
C004313,Amanda,Bennett,,timothywilliamson@example.net,Williamsborough,Maine,Thailand,2025-04-27
C004314,William,Tucker,Male,cesarpatterson@example.org,Normanmouth,Kansas,Tuvalu,2025-12-27
C004315,Carrie,Lopez,,davisjudy@example.net,Joshuaburgh,Kentucky,Albania,2022-01-12
C004316,Andrew,Figueroa,Female,marymarshall@example.org,Monroetown,North Dakota,Spain,2024-02-15
C004317,Matthew,Higgins,Female,patricia83@example.com,Malikside,New Hampshire,Holy See (Vatican City State),2025-05-24
C004318,Shane,Cunningham,Female,wgreen@example.net,Sandrashire,Tennessee,Azerbaijan,2025-03-22
C004319,Melanie,Lewis,,lauranguyen@example.net,Brendafort,Utah,Marshall Islands,2023-03-16
C004320,Lindsay,Wu,Female,pmills@example.com,Housemouth,Iowa,Azerbaijan,2025-05-13
C004321,Daniel,Moreno,Male,hrichmond@example.net,Nathanville,Rhode Island,United Kingdom,2022-09-05
C004322,Rebecca,Moore,Male,robert19@example.net,South Matthew,Indiana,Kazakhstan,2026-01-24
C004323,Andrew,Smith,Female,jessicadean@example.com,Leeland,Wyoming,Monaco,2025-10-20
C004324,Michael,Brown,Female,lisawilliams@example.net,South Charles,Utah,Norfolk Island,2021-08-31
C004325,Keith,Roman,Male,kristy19@example.com,Lake Anne,Texas,France,2021-12-02
C004326,Brian,Simmons,Female,alyssa06@example.net,East Jenna,Wyoming,Sierra Leone,2025-03-08
C004327,Patricia,Adams,Male,hornestephen@example.org,Port Johnfort,Alaska,Niger,2023-11-13
C004328,Allison,Jenkins,,jgarza@example.com,Marshbury,New Mexico,Cuba,2026-06-04
C004329,Daniel,Butler,,sethlynch@example.com,Robertton,Colorado,Aruba,2021-08-24
C004330,Ricardo,Lynch,Male,druiz@example.org,Brownhaven,Indiana,Bulgaria,2023-06-02
C004331,Emma,Patton,,emanning@example.net,South Claytonhaven,Michigan,Solomon Islands,2022-10-14
C004332,Shawn,Smith,,calderoncraig@example.org,East Jenny,Hawaii,Reunion,2023-07-19
C004333,Maria,Sawyer,Male,floresmegan@example.org,Port Chaseside,California,Saint Martin,2023-06-18
C004334,James,Adams,Female,smithpatrick@example.com,Gilbertfort,California,Armenia,2025-10-05
C004335,Daniel,Austin,,millerlinda@example.com,Port Harry,Georgia,Samoa,2022-04-29
C004336,Daniel,James,Female,rhondastark@example.com,Martinezmouth,Georgia,Botswana,2021-11-17
C004337,Nancy,Smith,Female,lisaking@example.com,Stewartton,Hawaii,Romania,2022-12-11
C004338,Joanne,Santana,,richardelizabeth@example.org,Marthaview,South Dakota,Malta,2021-10-26
C004339,Heather,Meza,Female,aaron24@example.org,Debraberg,Nebraska,Cuba,2022-10-16
C004340,Nicholas,Perez,Female,ssoto@example.net,Jimenezville,Utah,Congo,2022-05-02
C004341,Eric,Morales,,christinawalsh@example.org,North Kimberly,Nebraska,Korea,2023-09-11
C004342,Jessica,Velasquez,,kyle22@example.net,Spencerfort,Illinois,Nicaragua,2021-11-15
C004343,Samantha,Roach,Female,shall@example.net,Butlermouth,Wisconsin,Taiwan,2023-10-02
C004344,Ashley,Johnson,Female,staceyfletcher@example.com,Meganland,South Dakota,Armenia,2022-11-07
C004345,Jennifer,Martinez,Female,mevans@example.com,Vanessamouth,South Dakota,Macao,2025-10-23
C004346,Jessica,Blankenship,Male,taylor13@example.net,Rodriguezborough,Kentucky,Chad,2023-11-23
C004347,Julie,Lewis,Male,adrianasweeney@example.org,Port Kimberly,New Jersey,Seychelles,2023-06-15
C004348,Susan,Scott,Female,david49@example.com,Barkermouth,South Dakota,Falkland Islands (Malvinas),2024-10-21
C004349,Jaime,Blair,,moorecraig@example.com,South Robert,Wisconsin,Thailand,2026-01-11
C004350,Anna,Howard,Male,angelatran@example.org,East Kevin,Michigan,Saint Kitts and Nevis,2022-10-16
C004351,Michael,Butler,Male,valerieschroeder@example.net,Cabrerafort,Texas,Heard Island and McDonald Islands,2023-01-31
C004352,Rachel,Hernandez,Female,mcphersontiffany@example.net,North Jamesmouth,South Dakota,Indonesia,2021-12-06
C004353,Cheryl,Mccullough,Male,aolson@example.org,Nancyville,Colorado,Guinea-Bissau,2025-04-23
C004354,Allison,Fields,Female,jasongomez@example.net,Ethanland,Delaware,Guinea-Bissau,2024-04-17
C004355,Nancy,Calhoun,,benjamin16@example.org,Gilmorestad,Alaska,Heard Island and McDonald Islands,2026-01-01
C004356,Lori,Jacobs,Female,davidlang@example.org,Lake Sheenaside,Colorado,Bahamas,2021-09-19
C004357,Belinda,Baker,,alexistaylor@example.com,East Karen,Utah,Honduras,2023-03-31
C004358,Ariel,Thomas,Male,jfuller@example.org,South Michelle,Hawaii,Tunisia,2023-07-15
C004359,Sean,Doyle,Male,millerjohn@example.net,South Matthewhaven,New Mexico,Belgium,2022-12-12
C004360,Joseph,Davila,Male,ryanwoodard@example.org,North Laura,Texas,Spain,2022-11-08
C004361,Patrick,Rodriguez,Male,williamharris@example.net,South Tylerberg,Vermont,Mauritius,2025-03-13
C004362,Marissa,Odonnell,,kellyjustin@example.com,Johnshire,Maine,Liechtenstein,2025-12-14
C004363,Dennis,Romero,Male,kowen@example.net,Matthewmouth,Oregon,Moldova,2026-04-13
C004364,Amy,Lopez,Female,matthew40@example.net,Edwardtown,Alabama,Bouvet Island (Bouvetoya),2023-01-25
C004365,Brittany,Ross,,juarezmary@example.com,Laurenstad,Indiana,Mongolia,2025-04-05
C004366,Deborah,Griffith,,iwarner@example.com,Mahoneychester,Rhode Island,Christmas Island,2025-10-25
C004367,Jason,Knight,Male,sarasimon@example.org,Lake Emilyberg,Tennessee,Guatemala,2025-04-04
C004368,Sherri,Larson,Male,michellewood@example.net,South Megan,New York,Paraguay,2025-04-19
C004369,Daniel,Montoya,,larryschmidt@example.com,North Jeffreyville,West Virginia,Suriname,2022-02-24
C004370,Sean,Martinez,Female,elizabethdiaz@example.org,Thomasport,Oregon,Norfolk Island,2022-06-13
C004371,Matthew,Morgan,Female,larry87@example.net,Jonesland,Iowa,Gibraltar,2026-04-28
C004372,Nicole,Lewis,Male,durhamrobin@example.com,West Ryan,Washington,United States of America,2023-12-27
C004373,Cheryl,Hartman,Male,emilyharris@example.org,Millerberg,Alabama,Norway,2024-07-25
C004374,Donald,Dunn,Male,jgrant@example.net,Olsonville,Massachusetts,Cyprus,2023-07-21
C004375,Scott,Taylor,,vcallahan@example.com,Port Patrickshire,Connecticut,Poland,2026-03-27
C004376,David,Oconnor,Female,tammy68@example.com,Kellychester,Maine,Swaziland,2024-06-04
C004377,Jamie,Cannon,,millerpatrick@example.net,Larrytown,Hawaii,Iceland,2025-04-23
C004378,David,Holmes,,qmoran@example.org,Port Tiffany,Kansas,Chile,2022-09-20
C004379,Mike,Martinez,Female,michelle29@example.net,South Lorifurt,Colorado,Cook Islands,2025-01-16
C004380,Bryan,Alexander,,laurenrobertson@example.com,Lake Elizabethhaven,Maine,Pitcairn Islands,2023-03-05
C004381,Joseph,Bradshaw,Male,anthonymarshall@example.com,Lisamouth,West Virginia,Liechtenstein,2023-11-29
C004382,Kelly,Wong,,rachel51@example.net,North Richard,Illinois,Saudi Arabia,2022-06-10
C004383,Michael,Villarreal,,janicegonzalez@example.com,Navarromouth,Vermont,Madagascar,2025-08-20
C004384,Richard,Brown,Female,lopezrebecca@example.com,South Jenniferfurt,Nevada,Japan,2021-10-15
C004385,Paul,Davidson,,andrew52@example.com,North Robertchester,Mississippi,Guatemala,2025-11-12
C004386,Jill,Taylor,,tyler14@example.org,Lake Joseph,Utah,Sao Tome and Principe,2025-10-03
C004387,James,Graham,Male,zachary35@example.net,Williamstown,California,Micronesia,2024-11-12
C004388,Eric,Winters,,ogarcia@example.org,New Jasonshire,South Dakota,Norway,2022-04-17
C004389,Christopher,Davis,Male,angelicachase@example.net,Hutchinsonberg,Connecticut,Isle of Man,2023-03-25
C004390,Connor,Warren,Female,marshallmichael@example.com,North Williamhaven,Nevada,Rwanda,2023-10-07
C004391,Megan,Curry,,roberttorres@example.org,Davidhaven,South Carolina,Czech Republic,2022-05-29
C004392,Daniel,Flynn,Female,vbrennan@example.net,South Stacyborough,California,Costa Rica,2021-12-25
C004393,Christina,Lara,Male,ashley13@example.com,Lake Teresa,West Virginia,Liechtenstein,2024-12-12
C004394,Ronald,White,Female,matthew37@example.com,Bryanhaven,Florida,Gibraltar,2023-10-02
C004395,Natalie,Garrett,Male,daniel39@example.org,Jacksonville,Wyoming,Greenland,2022-10-29
C004396,Heather,Gutierrez,Male,oneillvalerie@example.org,Davidmouth,Alaska,Comoros,2022-07-29
C004397,Richard,Reeves,Male,victoria68@example.com,Seanport,Nevada,Reunion,2023-02-22
C004398,Jeanne,Ryan,Male,robertsonpamela@example.com,New Tina,Texas,Christmas Island,2022-02-04
C004399,David,Rivera,,william77@example.com,Port Michaelborough,Wyoming,Bahrain,2023-04-08
C004400,Jared,Duran,Male,ibrooks@example.net,Morrischester,South Carolina,Mongolia,2026-03-02
C004401,Hannah,Robinson,Male,smccormick@example.com,Millerport,Colorado,Chad,2023-04-07
C004402,John,Solis,,josephguerra@example.org,Woodmouth,Florida,New Zealand,2025-03-21
C004403,Tiffany,Oliver,Female,yfisher@example.com,Duranton,Nebraska,Svalbard & Jan Mayen Islands,2024-01-23
C004404,Brandon,Young,Male,jasonbennett@example.net,Gibsonport,Connecticut,Antigua and Barbuda,2025-11-17
C004405,Paula,Sutton,Female,james71@example.net,New Jacobton,Alabama,Cuba,2024-12-03
C004406,Robin,Johnson,,matthewcampos@example.org,Fitzgeraldville,New York,Congo,2025-01-02
C004407,Samantha,Ochoa,Male,clarkelizabeth@example.com,Fosterchester,Vermont,Guyana,2022-01-18
C004408,Sophia,Frederick,Male,ghicks@example.com,Foxhaven,Maryland,Guernsey,2025-11-01
C004409,Connie,Swanson,Female,steven97@example.org,West Morganland,New Jersey,United States Virgin Islands,2026-05-18
C004410,Megan,Butler,,galvanbrianna@example.org,Lake Jennifer,Minnesota,Bhutan,2021-09-01
C004411,Michelle,Estes,Male,stacygill@example.net,Longchester,Ohio,Panama,2026-06-25
C004412,Ashley,Turner,Female,smithjacob@example.com,Brucebury,Arkansas,Turkey,2023-02-24
C004413,Donald,Davis,Male,kari07@example.com,Meganbury,Indiana,Guadeloupe,2022-06-15
C004414,Anna,Greene,Male,pkim@example.net,Royland,Alaska,Mauritius,2022-12-02
C004415,Theresa,Chen,Male,karinagarza@example.org,Kendraborough,North Dakota,Zimbabwe,2023-09-08
C004416,Sean,Jones,,yjenkins@example.org,Lake Shelbyborough,Michigan,French Southern Territories,2024-09-20
C004417,Richard,Jones,,jennifer15@example.net,Lake Sabrina,South Dakota,Comoros,2024-12-26
C004418,Kevin,Morrow,Male,john12@example.org,New Katieshire,Arizona,Georgia,2021-10-21
C004419,Kimberly,Dillon,Male,dalton70@example.org,Moranburgh,Kansas,South Georgia and the South Sandwich Islands,2024-01-08
C004420,John,Jones,,lisa24@example.org,Nicolemouth,Delaware,Spain,2024-02-17
C004421,Rachel,Pitts,Female,emartin@example.com,Jacobsport,Washington,Cambodia,2026-05-18
C004422,Darlene,Thompson,Male,ochoatroy@example.com,Amberberg,Colorado,Russian Federation,2023-04-09
C004423,Christopher,Castillo,Female,tracey79@example.com,North Jeffrey,Louisiana,Poland,2021-11-13
C004424,Michelle,Peck,,nvelasquez@example.com,Christopherfurt,Montana,Chile,2023-12-22
C004425,Joshua,Washington,,sstewart@example.net,Maxwellchester,Hawaii,Syrian Arab Republic,2025-06-02
C004426,Melanie,Alexander,Female,heather77@example.org,Martinezland,Oregon,Nauru,2024-06-02
C004427,James,Benson,,vasquezjennifer@example.com,Lake Michellefort,South Dakota,Algeria,2021-07-28
C004428,George,Gonzales,Male,vhampton@example.com,Matthewmouth,North Carolina,Thailand,2023-01-07
C004429,James,Lyons,Female,robinsonamy@example.net,South Vanessaport,Nevada,Ukraine,2026-04-29
C004430,Martha,Parker,Female,hopkinsmelissa@example.com,Carolynhaven,New York,Qatar,2022-12-04
C004431,Jennifer,Hale,Female,clarkbonnie@example.org,Tranfurt,North Carolina,Latvia,2021-09-10
C004432,Gina,Ruiz,Male,tara78@example.com,Markfurt,Massachusetts,Croatia,2021-08-02
C004433,Douglas,Burgess,Male,broberts@example.net,East Davidburgh,Minnesota,Kuwait,2023-06-03
C004434,Jonathan,Taylor,,wlong@example.org,Jessicatown,Oregon,Fiji,2025-10-04
C004435,Leslie,Ponce,Female,shall@example.net,Lake Susan,Nevada,Christmas Island,2022-04-17
C004436,Diane,Henry,,jsmith@example.org,South Suzanneton,Arkansas,Cambodia,2022-11-04
C004437,Alicia,Bruce,Female,onelson@example.com,New Carrie,Missouri,New Zealand,2023-12-16
C004438,John,Marks,,katelynsalazar@example.org,New James,Illinois,Malta,2023-10-19
C004439,Russell,Hunt,Female,yboyd@example.net,West William,New Hampshire,Cote d'Ivoire,2024-05-09
C004440,Jennifer,Rasmussen,Male,bartlettnicholas@example.org,East Marvin,New York,Sri Lanka,2025-09-15
C004441,Carrie,Page,,timothyproctor@example.org,Deanshire,Rhode Island,Mali,2021-09-09
C004442,Sheri,Scott,,mjohnson@example.org,Gregorystad,Arkansas,Mauritius,2023-07-16
C004443,Eric,Ball,,bbates@example.org,North Shannonmouth,New Jersey,Saint Vincent and the Grenadines,2026-06-22
C004444,Lindsay,Medina,,qnixon@example.net,Lake Carolyn,California,Martinique,2026-07-19
C004445,Tonya,Williams,Female,bbaker@example.net,East Antonio,Indiana,Puerto Rico,2023-12-30
C004446,Brad,Coleman,Male,donald10@example.net,East Edward,Oklahoma,Puerto Rico,2023-12-05
C004447,Jacob,Bell,,kimberly19@example.net,Websterland,Indiana,Cambodia,2024-06-20
C004448,Andrew,Allen,,teresa24@example.com,Allisonside,Minnesota,Lebanon,2025-05-24
C004449,Lindsey,Guerrero,Male,austin72@example.net,Meganhaven,Tennessee,Rwanda,2025-01-14
C004450,Alicia,Marks,Female,johnsonchristy@example.net,Hamiltonshire,Hawaii,Slovenia,2025-01-19
C004451,Joseph,Salinas,Female,hannah51@example.com,West Wesleymouth,West Virginia,Czech Republic,2023-04-16
C004452,Catherine,Brooks,,marybean@example.com,South Mary,South Carolina,Mongolia,2023-07-11
C004453,Jennifer,Freeman,,jbryant@example.org,Lake Ruben,Missouri,Saint Lucia,2024-12-10
C004454,Katelyn,Morris,Female,joeljohnson@example.org,Smithmouth,Wyoming,Haiti,2025-04-11
C004455,Melissa,Alvarez,Male,nballard@example.com,Bensonbury,Ohio,Puerto Rico,2021-10-04
C004456,Luis,King,Male,monicabennett@example.net,North Sarahhaven,California,Cape Verde,2025-05-17
C004457,Nina,Jimenez,,brownrichard@example.net,West Michaelstad,Oregon,Cyprus,2025-11-25
C004458,Patricia,Moore,Male,michellescott@example.com,Morganborough,Idaho,Brunei Darussalam,2022-01-17
C004459,Julia,Herrera,,joshua13@example.net,Dianamouth,Montana,Mongolia,2024-07-25
C004460,Jason,Williams,,stewartbrandy@example.net,South Alexanderchester,Rhode Island,Heard Island and McDonald Islands,2025-02-09
C004461,Alexander,Reynolds,Female,robertrodriguez@example.org,New Melissa,Maine,Armenia,2025-02-02
C004462,Wayne,Wilson,,bcarey@example.net,Lanebury,North Dakota,Cameroon,2021-11-29
C004463,Lee,Gardner,Male,ktaylor@example.org,Port Darleneside,Maine,Azerbaijan,2023-05-15
C004464,Charles,Howard,Male,patrick08@example.org,New Codychester,Arkansas,Estonia,2025-01-27
C004465,Amy,Garner,,nnguyen@example.net,New Teresaview,Alabama,Nepal,2025-12-08
C004466,Amy,Shepard,Female,tgomez@example.com,New Kellifort,Tennessee,Tanzania,2026-04-12
C004467,Grace,Watson,,etorres@example.org,Raymondberg,Iowa,Antarctica (the territory South of 60 deg S),2025-11-09
C004468,Sara,Williams,Male,philip09@example.net,Josephfurt,Connecticut,Guyana,2021-08-14
C004469,Connor,Larsen,,sallywilliams@example.com,Michelechester,Arkansas,Tanzania,2026-06-30
C004470,Michael,Rollins,,davenportmelissa@example.net,Heatherchester,Michigan,Libyan Arab Jamahiriya,2024-04-03
C004471,Autumn,Mckenzie,Male,pberry@example.net,New Kyleview,Iowa,Kyrgyz Republic,2022-04-29
C004472,Ashley,Watkins,Female,markhernandez@example.net,Mortontown,Pennsylvania,British Virgin Islands,2021-09-13
C004473,Stanley,Knox,Male,tyler42@example.com,East Christopher,California,Suriname,2024-09-23
C004474,Brandon,Kim,Female,igill@example.org,Coleside,Connecticut,Slovenia,2022-08-30
C004475,Melissa,Wright,,connorbaker@example.org,South Amanda,Wyoming,South Africa,2021-08-18
C004476,Kyle,Robinson,Male,joanwhite@example.com,Cynthiastad,Nebraska,Ghana,2023-08-02
C004477,Rachel,Tran,Male,chodges@example.net,Samanthaton,Arizona,Australia,2025-02-22
C004478,Rebecca,Johnston,Female,samantha38@example.org,Taylorstad,Arkansas,United States Minor Outlying Islands,2022-01-11
C004479,Lee,Walker,Female,shawn18@example.net,South Shawnview,South Carolina,Vanuatu,2025-03-09
C004480,Daniel,Campbell,Male,baileykatherine@example.net,West Josephchester,Colorado,Tuvalu,2024-07-20
C004481,Brittney,King,,adavis@example.com,Robertberg,Montana,India,2023-09-16
C004482,Angela,Roberts,Male,elizabeth36@example.org,Velazquezfort,Nevada,Jersey,2023-05-15
C004483,Christine,Bell,,jacksonjeremy@example.com,East Patricia,Oklahoma,Bosnia and Herzegovina,2025-09-28
C004484,Henry,James,,william49@example.net,New Deborahville,Maryland,Hungary,2025-12-31
C004485,Ana,Hall,,jennifermedina@example.org,Karenborough,Colorado,Palestinian Territory,2023-05-16
C004486,Crystal,Jones,,michaelwilson@example.org,Mosleyburgh,New York,Madagascar,2023-01-05
C004487,Jacob,Parker,Female,seangoodman@example.org,South Kathrynland,South Carolina,Qatar,2026-06-05
C004488,Richard,Martin,Female,michaelpayne@example.net,Dorisville,Indiana,North Macedonia,2025-02-03
C004489,Lee,Maldonado,Male,htorres@example.com,Sergiotown,New Hampshire,Congo,2024-08-13
C004490,Edward,Fuller,Female,reesemichael@example.com,Washingtonshire,Arkansas,Hungary,2022-03-10
C004491,Rachel,Yang,Male,edward11@example.net,New Lesliemouth,Massachusetts,Belarus,2024-06-28
C004492,Stacy,Martinez,Male,wooddavid@example.com,West Amy,Alabama,Bangladesh,2026-05-20
C004493,Megan,Miller,,pwilliams@example.net,Kingville,Maryland,Gambia,2023-03-12
C004494,Yvonne,Vasquez,Male,megan01@example.com,Austinview,Nevada,Wallis and Futuna,2024-12-06
C004495,Noah,Landry,Female,bellthomas@example.org,Colemanhaven,Louisiana,Albania,2025-03-09
C004496,Christopher,Adams,Female,ahunter@example.net,South Danielstad,New Mexico,Norway,2022-01-28
C004497,Susan,Berger,Male,collinsmichael@example.com,Markborough,Ohio,Libyan Arab Jamahiriya,2025-11-08
C004498,Patrick,Johnson,,zthompson@example.com,Port Mistyton,Ohio,Equatorial Guinea,2022-10-09
C004499,Abigail,Dyer,Male,tcarey@example.net,Port Taylor,Hawaii,Congo,2024-10-29
C004500,Andrew,Wheeler,Male,bryantandre@example.com,Hillmouth,Alabama,Dominica,2021-09-04
C004501,Adam,Powers,Female,michael19@example.net,New Christopherhaven,New Mexico,Djibouti,2022-08-15
C004502,Anthony,Vasquez,Female,iallen@example.com,East Jamie,New York,Cyprus,2025-09-24
C004503,Christie,Nguyen,,mariah26@example.org,Brendaview,New Jersey,Djibouti,2023-05-08
C004504,Mark,Thomas,Female,qtodd@example.com,Brittanyton,Wisconsin,Guatemala,2025-11-15
C004505,Susan,Elliott,Male,kaylabridges@example.org,Lake Donna,South Carolina,Namibia,2023-09-27
C004506,Dustin,Brown,Female,tholloway@example.org,Mooreview,Alabama,Reunion,2023-02-20
C004507,Jonathan,Lyons,Female,rangelpaul@example.org,New Christinaland,Vermont,Cook Islands,2023-09-27
C004508,Robert,Love,Female,helenglass@example.org,Williamschester,Florida,Mauritius,2025-04-30
C004509,Barbara,White,Female,abigailharris@example.com,New Debbie,Massachusetts,Uzbekistan,2024-06-07
C004510,Michael,Conway,,ericbrown@example.com,Michellemouth,Idaho,Nepal,2022-12-02
C004511,Sean,Kelly,Female,leroy28@example.net,Wandaborough,Ohio,Comoros,2023-09-16
C004512,Ricky,Reed,Male,fbrown@example.net,North Garyland,Kansas,Czech Republic,2024-10-14
C004513,Sarah,Sheppard,Female,nkelly@example.net,Gregoryport,Maine,Saint Pierre and Miquelon,2024-02-15
C004514,Makayla,Rogers,,karen74@example.net,New Roger,North Dakota,Cook Islands,2024-05-17
C004515,David,Hernandez,,jason93@example.com,Port Matthew,California,Guinea,2021-11-18
C004516,James,Mercer,,bfisher@example.com,Lake Jonathan,Connecticut,Guinea-Bissau,2023-12-12
C004517,Manuel,Snow,Male,gardnerelizabeth@example.org,Port Jasontown,Hawaii,Christmas Island,2026-01-07
C004518,Jennifer,Clark,Male,susan12@example.org,Carlsonbury,Florida,Comoros,2022-05-02
C004519,Michael,Green,Female,theresa26@example.org,South Julia,West Virginia,Brunei Darussalam,2022-02-18
C004520,Joseph,Harris,Male,prodriguez@example.org,Marcfurt,New York,Mayotte,2025-11-16
C004521,Tristan,Porter,Male,cannonsusan@example.net,Lake Michaelville,Indiana,Christmas Island,2023-09-06
C004522,Kenneth,Gonzalez,Female,jasminlong@example.com,Laurachester,South Carolina,Pitcairn Islands,2021-10-08
C004523,James,Hughes,Male,christopherwalter@example.com,Millermouth,Kansas,Christmas Island,2022-07-26
C004524,Amy,Gomez,Female,matthew78@example.net,Kimburgh,South Dakota,Hong Kong,2021-08-07
C004525,Ian,Lewis,Female,rmitchell@example.net,North Cindy,Wisconsin,Nicaragua,2024-03-27
C004526,William,Spence,Male,alexander86@example.com,Hudsonshire,Indiana,Papua New Guinea,2024-03-10
C004527,Daniel,Hudson,Male,eatoncourtney@example.com,Nelsonville,Idaho,Dominica,2026-05-20
C004528,Christopher,Dominguez,Female,johnsonkeith@example.com,Danielmouth,North Dakota,Senegal,2023-07-20
C004529,Jeff,Weeks,Male,nclark@example.org,South Austin,North Carolina,Singapore,2025-08-22
C004530,Cassandra,Ortiz,Female,zmason@example.net,Lisaview,Indiana,Bangladesh,2022-01-04
C004531,Evan,Jones,Male,wgomez@example.org,Jaclynview,New Jersey,Costa Rica,2025-07-02
C004532,Sarah,Gross,,kaitlyn10@example.com,Scottland,Texas,Aruba,2026-03-25
C004533,Erin,Murillo,Male,stevenberry@example.org,Amymouth,Rhode Island,Comoros,2026-07-06
C004534,Mikayla,Evans,,rachel31@example.com,Kaylaburgh,West Virginia,Bolivia,2022-05-30
C004535,Jasmine,Sanford,Male,iwilliams@example.net,Port Claudiahaven,Connecticut,Micronesia,2021-10-15
C004536,Joseph,Valdez,Female,stewartlauren@example.com,West Aaronton,Oklahoma,Guernsey,2021-08-21
C004537,Christian,Allen,,timothy42@example.net,Stoutchester,Kentucky,Barbados,2026-01-05
C004538,George,Jenkins,,staylor@example.com,Lake Bailey,Idaho,France,2023-04-09
C004539,Carol,Ramsey,Female,boonedavid@example.org,South Justinview,Florida,Heard Island and McDonald Islands,2024-12-06
C004540,Sarah,Lyons,,vrice@example.net,South Laura,Nevada,Macao,2025-11-06
C004541,Andrew,Garcia,Male,martinkristopher@example.com,Martinezview,Hawaii,Slovakia (Slovak Republic),2025-05-27
C004542,Benjamin,Brock,Female,martincathy@example.com,New Ryanbury,Minnesota,Tonga,2026-02-19
C004543,Mariah,Parks,,jonesmatthew@example.org,North Scott,Florida,Paraguay,2025-10-17
C004544,Paula,Allen,Male,ysmith@example.org,Rachaelbury,New Jersey,Serbia,2023-12-17
C004545,Michael,Murray,,james17@example.org,Lake Dannybury,Kansas,Denmark,2021-09-09
C004546,James,Melton,Female,stephanie96@example.com,Gallagherland,Illinois,Uzbekistan,2026-02-05
C004547,Chad,Garcia,Male,larsonwesley@example.net,Valerieport,Hawaii,Cambodia,2023-08-18
C004548,Ryan,Miller,Male,nicole09@example.net,East Dawnport,Vermont,Montenegro,2022-02-25
C004549,Charles,Nicholson,Male,james66@example.com,East Richardchester,Virginia,Congo,2023-03-18
C004550,Julie,Turner,Female,isaiahfischer@example.org,East Nicole,Utah,Cuba,2025-09-20
C004551,William,Morris,Male,madisonlarson@example.net,Lake Jonathan,Nebraska,Guinea,2026-06-08
C004552,Stephen,Pierce,Male,michaelwilson@example.net,Smithfurt,Maine,Albania,2026-05-05
C004553,Keith,Thomas,Female,morrisblake@example.com,Tinahaven,Indiana,Algeria,2025-12-26
C004554,Shaun,Cook,,rossdonald@example.net,East Debrashire,Delaware,El Salvador,2022-01-28
C004555,Allen,Reed,,ofry@example.com,Port Sarah,Maryland,Chad,2023-11-21
C004556,Eric,Jones,,qvalentine@example.net,Shelleyborough,Missouri,Libyan Arab Jamahiriya,2023-08-29
C004557,Deborah,Saunders,,tmendoza@example.com,Sotoburgh,Missouri,Nepal,2024-02-19
C004558,Jenna,Smith,,vazquezjamie@example.org,Gilbertside,West Virginia,Spain,2026-04-15
C004559,Andrea,Taylor,Female,gallegosaaron@example.net,Wadefort,Delaware,Netherlands,2024-05-26
C004560,Chad,Gates,,cindy85@example.org,Jessicastad,Nevada,Zambia,2022-03-08
C004561,Robert,Williams,Female,amyaguilar@example.com,South Anthony,Nebraska,Malaysia,2025-12-20
C004562,Mary,Arellano,Female,tknight@example.com,West Kimberlytown,Oregon,United States Minor Outlying Islands,2023-06-20
C004563,Chad,Walls,Male,christinelee@example.net,Stephaniemouth,North Dakota,Netherlands Antilles,2021-10-17
C004564,Amy,Rogers,Male,hendersonalexis@example.org,West Jill,New Mexico,Saint Pierre and Miquelon,2025-10-02
C004565,Jessica,Juarez,Male,millerbrandon@example.com,North Marie,Tennessee,Burundi,2026-02-01
C004566,Morgan,Garrett,Female,danielle51@example.net,New Connie,Arizona,Kyrgyz Republic,2022-04-30
C004567,James,Clarke,,nathantran@example.org,New Amber,Utah,Guinea-Bissau,2021-11-26
C004568,Holly,Bernard,,ehines@example.org,Guzmanmouth,Oklahoma,Lao People's Democratic Republic,2023-07-08
C004569,Samuel,Ferguson,Female,johnsmith@example.net,Ianshire,Wyoming,Hungary,2025-08-13
C004570,Katherine,Huff,Male,dalton44@example.net,Morganview,Illinois,Anguilla,2026-01-22
C004571,Eric,Johnson,Male,parkererica@example.net,Lisaville,Pennsylvania,Madagascar,2025-01-30
C004572,Donald,Thompson,Female,brownalejandro@example.org,Johnborough,Pennsylvania,British Indian Ocean Territory (Chagos Archipelago),2026-07-26
C004573,Rachel,Riley,Male,fischercharles@example.net,Garzabury,Illinois,Angola,2024-09-11
C004574,Wendy,Lutz,Female,ashley50@example.com,Johnburgh,New Hampshire,Bhutan,2025-09-11
C004575,Brittany,Hudson,Male,thomasabigail@example.net,Kathleenville,Nebraska,Benin,2024-12-08
C004576,Brittany,Werner,Female,rlamb@example.org,Tinaville,Tennessee,Pakistan,2023-09-15
C004577,David,Hunter,,tracywerner@example.net,Timothyport,California,Argentina,2022-10-12
C004578,Robert,Moore,,vfarrell@example.net,Davidmouth,Florida,Guyana,2026-03-23
C004579,Laura,Clark,,christopher63@example.com,Holmesville,Nebraska,Finland,2025-07-03
C004580,Joshua,Hamilton,Female,linda13@example.org,Port Rachelton,Idaho,Syrian Arab Republic,2024-08-02
C004581,Craig,Morgan,Male,gina18@example.com,North Margaretton,Connecticut,France,2023-06-27
C004582,David,Cannon,Male,john59@example.com,New Brittany,Connecticut,Slovenia,2022-12-02
C004583,Brandon,Wilson,Male,heatherrogers@example.org,South Tylerfurt,Montana,Australia,2022-04-13
C004584,Cody,Hoffman,Male,stevenkemp@example.net,Monicahaven,Wyoming,Poland,2025-07-08
C004585,Susan,Gardner,Male,meganschmidt@example.com,Caldwellmouth,West Virginia,Aruba,2023-04-22
C004586,Christopher,Wong,,thomas08@example.org,New Franklin,Connecticut,Cuba,2022-02-18
C004587,Christian,Evans,Female,larryblackwell@example.org,Joanntown,Louisiana,Senegal,2023-01-16
C004588,Patrick,Marshall,Male,dwayne59@example.com,West Bethany,Wisconsin,Andorra,2025-05-15
C004589,Sarah,Garza,Female,ufox@example.net,East Joshua,Alabama,Bahamas,2022-11-09
C004590,Christine,Davis,Male,gonzalezbradley@example.org,Parsonsfurt,California,Lesotho,2021-08-02
C004591,Jacqueline,Rodriguez,Female,rhawkins@example.com,Lauraside,Utah,United States Minor Outlying Islands,2022-03-30
C004592,Danielle,Johnson,Female,tmartinez@example.net,New Danielfurt,Oregon,India,2024-08-03
C004593,Jeremy,Campbell,Female,brian57@example.org,Vernonmouth,Hawaii,Belize,2025-07-09
C004594,Kimberly,Ortiz,Female,debrapowell@example.org,South Adrianview,Pennsylvania,Philippines,2026-03-05
C004595,Stephanie,Woods,,michellejones@example.net,North Scottfurt,Nevada,Swaziland,2024-03-14
C004596,Nicholas,Meyers,Female,corygardner@example.com,Port Michael,Kentucky,Saint Lucia,2025-03-01
C004597,Karen,Williams,Male,timothy57@example.org,Port Robert,Missouri,Guatemala,2023-06-27
C004598,Rebecca,Ramirez,,ystewart@example.com,Davismouth,Wyoming,Somalia,2026-04-16
C004599,Teresa,Short,,benjaminsnyder@example.org,Lake Matthewhaven,Wyoming,Montenegro,2022-07-11
C004600,Michael,Henderson,Female,lindahenson@example.org,Jennifermouth,Florida,Guatemala,2023-11-14
C004601,Christian,Johnson,Male,jacobwiggins@example.net,Amandahaven,Nebraska,Bahrain,2024-02-01
C004602,Emily,Caldwell,Female,karenfuentes@example.org,Stephanieburgh,Pennsylvania,Netherlands,2025-12-09
C004603,Mary,Fernandez,Female,davidparrish@example.net,North Jenniferbury,Pennsylvania,Mayotte,2024-05-23
C004604,Jeff,Cunningham,Female,adrian37@example.com,Angelashire,Texas,Syrian Arab Republic,2021-08-24
C004605,Patricia,Williams,Male,ryan02@example.com,Kelleyton,Utah,Saint Vincent and the Grenadines,2025-08-26
C004606,Carla,Bishop,Female,thomassally@example.net,West Peterfurt,Rhode Island,Togo,2021-11-27
C004607,Brooke,Johnston,Male,blackjames@example.net,Ibarrahaven,Wisconsin,Mauritius,2022-07-03
C004608,Dean,Willis,Female,smiller@example.org,Mckayfort,California,Korea,2026-02-25
C004609,Stephen,Lopez,Female,rbaldwin@example.net,Sarahburgh,Vermont,Hungary,2024-09-05
C004610,Michael,Nelson,Female,ibuckley@example.net,Lake Danaville,Vermont,Burundi,2022-11-09
C004611,Marissa,Norton,Female,cjohnson@example.net,Morganmouth,Arizona,Gibraltar,2023-09-19
C004612,Joseph,Kirby,Male,stephensstephanie@example.net,Ramosshire,Virginia,Heard Island and McDonald Islands,2025-11-20
C004613,Craig,Eaton,Female,morajames@example.com,South Samanthaland,Maryland,Turkey,2022-05-29
C004614,Craig,Hill,,jason28@example.net,West Allenfurt,Idaho,Georgia,2023-12-10
C004615,Samuel,Luna,Male,mary23@example.com,South Ruth,Iowa,Australia,2024-01-28
C004616,Ashley,Allen,Male,kimberly46@example.net,Lindabury,Wisconsin,Christmas Island,2025-09-28
C004617,Tiffany,David,,grimesbrittney@example.com,Hartville,New York,Kuwait,2025-07-30
C004618,Elizabeth,Brown,,aknight@example.net,Lake Monicashire,South Carolina,Norway,2026-03-16
C004619,Cynthia,Conner,Male,randy61@example.com,New Audreyville,Colorado,Sao Tome and Principe,2021-10-06
C004620,Jennifer,Bell,Male,lucassteele@example.org,North Tiffanyton,Georgia,Malta,2021-09-11
C004621,Shawn,Herman,,nathaniel00@example.com,Joshuastad,Nevada,Thailand,2025-10-12
C004622,Kayla,Frazier,Female,landrynicholas@example.com,South Nathan,Georgia,Spain,2025-12-27
C004623,Monica,Johnson,,hayesamber@example.org,New Jackie,Massachusetts,Congo,2023-11-12
C004624,David,Perez,Female,sfletcher@example.net,Lake Stephentown,Texas,Syrian Arab Republic,2022-08-25
C004625,Patricia,Ramirez,,mariahtaylor@example.net,Vancefort,Mississippi,Italy,2024-01-10
C004626,Cheryl,Nelson,Male,ihughes@example.com,Port Jacob,Delaware,Serbia,2023-01-13
C004627,Justin,Barnes,,clayscott@example.com,Samuelstad,North Dakota,Guadeloupe,2024-12-13
C004628,Scott,Watson,Male,michael92@example.com,South Ashley,Kentucky,Hungary,2024-04-04
C004629,David,Delgado,Female,christopher52@example.org,Hesterborough,Massachusetts,Botswana,2021-12-31
C004630,Steven,Moreno,,jordansims@example.com,Anitafort,Texas,Libyan Arab Jamahiriya,2023-10-10
C004631,Sean,Russell,Female,breannahopkins@example.org,East Carlosside,New Hampshire,Timor-Leste,2025-06-12
C004632,Yvonne,Hoover,,ktucker@example.com,Port Robertside,North Carolina,South Africa,2024-03-05
C004633,Patrick,Contreras,,jessica20@example.com,Lake Lorimouth,New Mexico,Martinique,2026-05-29
C004634,Richard,Thomas,Female,sullivanjose@example.com,Christopherfurt,Massachusetts,Sierra Leone,2022-02-17
C004635,Jesse,Anderson,,patricia38@example.org,Hansonside,West Virginia,Switzerland,2025-03-24
C004636,Donna,Simmons,Male,mccalljon@example.com,Port Kristinafort,Alabama,South Georgia and the South Sandwich Islands,2025-05-25
C004637,Michael,Young,Female,gford@example.net,Mikeburgh,Idaho,Iceland,2023-02-09
C004638,Joann,Baker,Female,xfrye@example.com,Lake Dominique,West Virginia,Netherlands Antilles,2023-05-17
C004639,Tom,Chavez,Male,samanthawilson@example.net,East Adam,Idaho,Cayman Islands,2025-07-23
C004640,Steven,Martinez,Female,denisemason@example.org,North Julie,Rhode Island,Maldives,2021-10-28
C004641,Jennifer,Cantrell,,scott55@example.com,Cohenbury,Maine,Poland,2024-10-16
C004642,Edward,White,Male,lopezvirginia@example.net,New Laurabury,Nebraska,Iceland,2024-06-19
C004643,Jessica,Baker,,michaelpalmer@example.org,Peterhaven,Wisconsin,Luxembourg,2022-08-06
C004644,Becky,Harrington,,william56@example.org,Rodriguezborough,New Jersey,Austria,2024-09-10
C004645,Jordan,Evans,,michael89@example.net,New Bryanfurt,Alaska,Montserrat,2023-01-19
C004646,Alice,Beltran,,bthomas@example.com,Lemouth,North Carolina,Ukraine,2024-03-23
C004647,Ashlee,Tran,,valerieadams@example.com,Velezbury,Colorado,Cambodia,2025-03-16
C004648,Gabrielle,Hogan,,rileygerald@example.com,Lake Ashley,Arizona,Namibia,2024-02-23
C004649,Gina,Thomas,Male,whitekaren@example.com,East Deannahaven,Minnesota,Belgium,2022-08-14
C004650,William,Johnson,Male,mary65@example.org,South Alan,Wyoming,Mauritania,2025-11-12
C004651,Shannon,Alvarez,Female,mendezkaren@example.org,East Tamara,Nevada,Anguilla,2023-12-12
C004652,Justin,Brennan,Male,john67@example.com,Robertbury,California,Singapore,2021-11-16
C004653,Linda,Clark,Male,traceygardner@example.net,Lisabury,New Hampshire,Saint Barthelemy,2023-09-28
C004654,Pamela,Young,Male,amy82@example.org,Mcclureview,Wisconsin,Guam,2024-07-30
C004655,Cheyenne,Gardner,Male,josephdavis@example.org,East Michaelstad,North Carolina,Macao,2024-08-19
C004656,James,Jensen,Male,andrewstephens@example.com,East Sandramouth,New Jersey,Angola,2024-11-18
C004657,Shannon,Brown,Male,tdecker@example.net,Port Meagan,Kentucky,Ukraine,2025-02-17
C004658,Matthew,Fitzgerald,Female,mnguyen@example.com,North Jerryville,Mississippi,Sri Lanka,2025-05-04
C004659,Wanda,Mcbride,Male,rclark@example.org,West Eric,Maine,Ghana,2024-07-28
C004660,Leah,Mercado,,tammy84@example.com,Lake Cory,Alabama,South Georgia and the South Sandwich Islands,2024-06-06
C004661,James,Reed,Female,wesley72@example.com,Lake Jacob,New Mexico,Guernsey,2021-09-26
C004662,Jacob,Schultz,Male,paullopez@example.net,East Joemouth,Hawaii,Vanuatu,2025-11-02
C004663,Stephanie,Kelley,,awright@example.net,Ashleyfort,Arizona,Honduras,2024-10-23
C004664,Madison,Riley,Male,chandlerfelicia@example.org,Alvaradoview,Iowa,Samoa,2024-11-16
C004665,Jennifer,Reed,,jacobcook@example.org,North Pamela,Delaware,Turkmenistan,2026-03-28
C004666,William,Smith,Female,yubilly@example.org,East Vanessa,Minnesota,Dominica,2022-03-22
C004667,Garrett,Weaver,Female,barbarahoward@example.org,West Rogerland,New Hampshire,Brazil,2025-09-29
C004668,Alexis,Davis,,lboyer@example.com,Summersshire,South Carolina,Saint Helena,2022-01-24
C004669,David,Tucker,Male,gibbsrobert@example.org,Robertsonhaven,Mississippi,Kyrgyz Republic,2025-02-24
C004670,Kimberly,White,Male,davidsmith@example.com,East Haleymouth,Alabama,India,2025-09-05
C004671,Stephanie,Martinez,Female,dmueller@example.net,Ericview,Colorado,Panama,2026-06-03
C004672,Ronald,Cervantes,,ryan46@example.net,Grayfurt,Wyoming,North Macedonia,2026-03-25
C004673,Jessica,King,Female,ramirezjennifer@example.com,North Adamtown,Vermont,Bouvet Island (Bouvetoya),2022-08-16
C004674,Shelley,Wallace,,sethnelson@example.net,North Katherinebury,North Carolina,Sudan,2022-06-16
C004675,Susan,Thomas,Female,jeffreysimmons@example.org,Port Wendy,Washington,Dominica,2022-11-28
C004676,Bradley,Peterson,Female,ruizrichard@example.com,Lutzchester,Colorado,Armenia,2025-01-21
C004677,Brent,Smith,,carmen18@example.com,Lake Jessica,New York,New Caledonia,2025-04-30
C004678,Cindy,Garrett,Female,susanromero@example.net,West Brianfurt,Pennsylvania,Norway,2024-12-10
C004679,Tamara,Woodard,Male,haleytara@example.com,Ericaton,Tennessee,Andorra,2024-01-31
C004680,Mitchell,Barton,,smurphy@example.org,New Sarahbury,West Virginia,Saint Kitts and Nevis,2024-04-28
C004681,Sharon,Henry,,joshua68@example.net,Allenborough,South Dakota,Mauritius,2022-01-02
C004682,William,Espinoza,,melissa84@example.org,East Stephanie,West Virginia,Fiji,2026-07-10
C004683,Shawn,Jones,,fwright@example.net,North Brandonstad,Illinois,Iran,2021-10-14
C004684,Kelly,Ramsey,Female,emiller@example.net,North Courtney,Ohio,Cape Verde,2025-12-16
C004685,Frederick,Wong,Male,xedwards@example.net,South Heatherport,Delaware,Madagascar,2023-09-26
C004686,Lori,Smith,Female,patrick11@example.net,New Barbara,Colorado,Romania,2021-08-26
C004687,Timothy,Shaw,Male,jeffrey83@example.org,Morrisborough,Vermont,Honduras,2022-07-23
C004688,Susan,Lane,Male,waltervargas@example.net,New Ginaville,Texas,Lebanon,2023-03-02
C004689,Ralph,Reynolds,,rachel49@example.com,Elizabethburgh,Idaho,Antarctica (the territory South of 60 deg S),2023-08-25
C004690,Margaret,Bradley,,matthewcooper@example.org,North Jamesstad,Ohio,Bahamas,2024-11-19
C004691,Jean,Waters,,richard34@example.net,Christinaton,North Carolina,Maldives,2023-04-22
C004692,Jesse,Pollard,Male,samanthaenglish@example.org,Hardyburgh,New Hampshire,Tanzania,2026-04-09
C004693,Rebecca,Hunter,Male,keithcrawford@example.net,East Shelby,North Carolina,Belgium,2026-04-06
C004694,Christopher,Bates,,roachtravis@example.net,North Adamport,Arizona,China,2021-10-31
C004695,Sabrina,Wiggins,Male,tjones@example.com,Shermanview,Connecticut,Lebanon,2024-09-12
C004696,Carl,Nelson,Female,smithbryan@example.org,East Johnburgh,Washington,British Indian Ocean Territory (Chagos Archipelago),2022-12-12
C004697,Amy,Smith,,millerjessica@example.org,North Michael,South Dakota,Moldova,2025-11-21
C004698,Nichole,Carpenter,Female,jtate@example.com,Johnmouth,Virginia,Italy,2026-04-27
C004699,Marcus,Jones,Female,ronald91@example.com,East Rhonda,Michigan,Niger,2025-05-14
C004700,Kyle,Henson,Female,cartersteven@example.net,New Jacobtown,North Carolina,Solomon Islands,2022-09-08
C004701,Sherry,Barron,Female,hbailey@example.net,Nicholsshire,Missouri,Mayotte,2026-01-01
C004702,Derek,Powell,,cruzmegan@example.net,Lake Jennifer,New Jersey,Trinidad and Tobago,2023-10-31
C004703,Anthony,Roberson,Female,yhorton@example.com,Moraport,Ohio,Saint Martin,2023-09-09
C004704,Mary,Cole,,caroline77@example.com,Lewishaven,Alaska,Armenia,2026-01-29
C004705,Louis,Oconnor,,mwarren@example.net,Port Thomas,Iowa,Mongolia,2022-10-05
C004706,Taylor,Campbell,Female,housejennifer@example.com,Hartfurt,Michigan,Kiribati,2021-10-29
C004707,John,Fuentes,Male,jose60@example.net,Ericmouth,Indiana,Burkina Faso,2021-11-24
C004708,Jeffery,Little,Male,lbecker@example.org,East Tonyaburgh,Pennsylvania,Palestinian Territory,2025-08-26
C004709,Matthew,Walton,Female,wsanders@example.org,New Alexandraborough,New York,Suriname,2024-12-26
C004710,Samuel,Dennis,Female,wallemily@example.net,South Davidland,Minnesota,Saint Vincent and the Grenadines,2022-12-23
C004711,Kendra,Carter,Male,harttravis@example.com,Lake Amyport,Ohio,Samoa,2023-07-21
C004712,David,Warner,,kellyrice@example.com,Allenborough,Nevada,Holy See (Vatican City State),2025-09-20
C004713,Terri,Garrison,,damon26@example.com,West Alex,Rhode Island,Hong Kong,2022-05-21
C004714,Elizabeth,Brown,,douglasgarcia@example.com,Coleland,Utah,Tonga,2024-08-31
C004715,William,Wilson,,smithkristi@example.net,Lake Pamela,New Mexico,Sudan,2021-12-16
C004716,Zachary,Franklin,Female,hernandezchristian@example.org,Johnsonton,Illinois,Uruguay,2023-02-16
C004717,Daniel,Mclean,Male,wellskenneth@example.com,Rhondaview,Nebraska,Syrian Arab Republic,2026-04-15
C004718,Michael,Murphy,Female,susanvillarreal@example.com,Brendachester,Wisconsin,Gabon,2025-04-18
C004719,Christopher,Rios,Female,slee@example.org,Gonzalezhaven,Nebraska,Saint Barthelemy,2023-02-08
C004720,Reginald,Smith,,qpineda@example.org,Harrymouth,Tennessee,Afghanistan,2021-11-20
C004721,Ashley,Gutierrez,Male,raymondmurray@example.com,Austinfort,New York,Madagascar,2024-09-09
C004722,Lynn,Clark,Male,parkermatthew@example.com,Amychester,Louisiana,Sierra Leone,2024-06-26
C004723,Gina,Stewart,,samantha90@example.net,Jamesstad,West Virginia,Saudi Arabia,2021-12-11
C004724,Abigail,Williams,Female,mhurley@example.org,Danafurt,Mississippi,Bolivia,2025-06-19
C004725,James,Lowery,Female,williamskevin@example.net,Port Geraldview,Wisconsin,Dominica,2026-05-25
C004726,Joseph,Kennedy,Female,quinnann@example.net,Lake Andre,Arkansas,Venezuela,2024-08-05
C004727,Victoria,Trevino,Male,ashleynavarro@example.org,Port Stephanie,Montana,Brunei Darussalam,2023-02-26
C004728,Wendy,Anderson,Female,vward@example.org,Lake Michelleburgh,Virginia,French Polynesia,2026-06-17
C004729,Julia,Taylor,Female,aaronjohnson@example.org,Port Amanda,North Carolina,Croatia,2026-02-15
C004730,Victoria,Dean,Female,michael67@example.net,South Shannonville,Utah,Saint Barthelemy,2024-06-07
C004731,Alan,Oliver,Female,davisdonald@example.org,East Sonya,Virginia,Greece,2024-05-23
C004732,John,Clark,Female,christopherbrooks@example.com,Jacksonside,New Jersey,Saint Helena,2022-04-02
C004733,Larry,Gomez,,wisejennifer@example.net,New Jonview,New Hampshire,Papua New Guinea,2024-01-18
C004734,Katelyn,Patterson,,amandabishop@example.org,New Debraport,Maine,Hungary,2024-04-21
C004735,Lisa,Davis,Male,nicholasharper@example.org,New Ryan,Tennessee,Finland,2024-10-14
C004736,Heather,Lutz,Male,jhumphrey@example.net,East Rebecca,Florida,El Salvador,2022-05-11
C004737,Ryan,Chavez,Male,philipreese@example.org,Johnport,Michigan,Burkina Faso,2026-03-28
C004738,Kimberly,Pugh,Female,thomas90@example.com,Stevenland,New Hampshire,Jamaica,2023-02-16
C004739,Joshua,Miller,,stephen40@example.com,Ianstad,Indiana,Christmas Island,2024-06-17
C004740,Crystal,Adams,Female,elizabeth34@example.net,Davidshire,Mississippi,Ghana,2026-03-01
C004741,Karen,Pearson,Female,zwebb@example.com,Taylorside,Delaware,Samoa,2023-03-06
C004742,Shannon,Buck,Female,ythompson@example.net,North Janiceburgh,Idaho,Anguilla,2023-01-26
C004743,Donna,West,,greenmichelle@example.net,Martinhaven,Kentucky,Myanmar,2026-05-26
C004744,Russell,Bailey,Female,adamwalton@example.net,Lake Brett,Oklahoma,Timor-Leste,2021-10-19
C004745,Gregory,Hardy,,wheelerwyatt@example.org,North Betty,Florida,Guinea-Bissau,2022-06-14
C004746,Danny,Lucas,,katrina35@example.net,Travisland,Indiana,Australia,2025-03-20
C004747,Tracy,Osborne,Male,brianachung@example.org,West Christopher,Alabama,South Africa,2024-12-05
C004748,Gary,Mendoza,Male,meganmonroe@example.net,West Kristina,Vermont,Sudan,2025-04-06
C004749,John,Lewis,Female,oclarke@example.org,West Brandon,Alabama,Togo,2024-10-23
C004750,Thomas,Johnson,Male,timothyferguson@example.com,Port Michaelfurt,Ohio,Greece,2022-04-23
C004751,Patrick,Hunter,Female,lydia20@example.net,Davestad,Colorado,Slovakia (Slovak Republic),2022-07-02
C004752,Debbie,Dixon,,brivers@example.net,Levyport,Oregon,Fiji,2026-02-27
C004753,Curtis,Ramos,Female,victoria03@example.com,Marissahaven,Washington,Liechtenstein,2022-10-22
C004754,David,Cooper,,fischerdustin@example.net,Hunterhaven,Vermont,Costa Rica,2022-11-29
C004755,Jermaine,Taylor,Female,qweaver@example.com,Jonesport,Texas,Tokelau,2022-06-27
C004756,Lynn,Underwood,Male,emily95@example.com,Port Bonniemouth,Texas,Trinidad and Tobago,2024-11-03
C004757,Brett,Mcdonald,,greenechristopher@example.net,East Michaelbury,Montana,Suriname,2022-09-06
C004758,Michael,Hernandez,Male,rwhite@example.org,Karenland,Mississippi,Gibraltar,2024-03-25
C004759,Jennifer,Daniels,Male,hfisher@example.net,Elizabethside,New Jersey,Azerbaijan,2023-06-11
C004760,Caleb,Torres,Female,rodriguezrachel@example.net,Cherylville,South Carolina,Cameroon,2025-03-11
C004761,Paul,Powers,,david33@example.com,Hendersonside,Delaware,Fiji,2022-09-06
C004762,Jeffery,Hayes,,andrew01@example.net,North Margarettown,Nebraska,Egypt,2024-05-05
C004763,Howard,Monroe,Female,erikreed@example.com,Christopherhaven,Rhode Island,Niue,2024-11-06
C004764,David,Riley,Male,michele17@example.net,West Justinbury,Montana,Mozambique,2024-05-10
C004765,Krystal,Stafford,,josephmorrison@example.com,North Theresa,Maine,Nicaragua,2022-12-06
C004766,Alice,Franklin,,johnsonadam@example.net,Richardside,Colorado,Netherlands,2024-03-30
C004767,Jason,Michael,Male,christopherruiz@example.org,Lloydport,Alaska,Serbia,2026-02-22
C004768,Holly,Zimmerman,Male,vreed@example.net,Lake Staceyview,Alaska,Maldives,2022-02-21
C004769,Nicholas,Rodriguez,Male,alexandernicholas@example.org,Port Lindamouth,Rhode Island,Central African Republic,2025-09-18
C004770,Anthony,Reyes,Male,jenniferroberts@example.com,Hannahside,Illinois,Nepal,2022-07-04
C004771,Alicia,Dillon,Male,tcruz@example.com,Nicolebury,Kentucky,Uruguay,2023-11-17
C004772,William,Mcguire,Male,gholmes@example.net,North Taylorside,Missouri,Romania,2024-09-13
C004773,John,Brown,Male,nwilliams@example.org,Burtonhaven,Delaware,Kyrgyz Republic,2025-04-05
C004774,David,Hanna,Female,markhardin@example.net,North Deborahville,Hawaii,Saint Pierre and Miquelon,2023-10-07
C004775,Robert,Andrade,Male,gardnershannon@example.net,Larryview,Missouri,Lao People's Democratic Republic,2023-09-28
C004776,Holly,Maddox,Female,kingdominique@example.org,Charlenechester,Massachusetts,Luxembourg,2022-01-10
C004777,Matthew,Evans,,amy79@example.net,Christopherfurt,California,Equatorial Guinea,2024-06-08
C004778,Rachel,Smith,Male,downsdonna@example.com,Lake Natalietown,Michigan,Gabon,2026-03-22
C004779,Kevin,Chase,Female,vjackson@example.com,Port Daniel,Minnesota,Egypt,2024-04-28
C004780,Mandy,Bryant,Female,lauracherry@example.net,South Rachelfurt,West Virginia,Iran,2023-12-31
C004781,Jacqueline,Bradford,Female,hunter31@example.com,Lawrencefort,Alabama,Iraq,2026-03-04
C004782,Michael,Grant,,boltonjoshua@example.org,Kimbury,Nevada,Czech Republic,2023-03-15
C004783,Emma,Hanson,Female,baxterashley@example.org,Wilsonchester,Nebraska,Chile,2022-08-06
C004784,Rebecca,Lucas,,henry60@example.org,Brightmouth,Idaho,Togo,2023-08-26
C004785,Matthew,Jones,Male,davidbooker@example.org,West Diana,Kentucky,Wallis and Futuna,2022-04-01
C004786,Shaun,Bruce,,millervanessa@example.net,East James,Wyoming,Thailand,2022-03-25
C004787,Courtney,Brown,Male,marklowery@example.org,West Mariafurt,New Mexico,Saint Martin,2023-02-10
C004788,Kimberly,Davis,Male,jeffrey11@example.com,Phillipshaven,Iowa,Gibraltar,2025-10-26
C004789,Gregory,Pittman,Female,rmorgan@example.org,Amybury,Kansas,Honduras,2023-01-02
C004790,Edward,Cooper,Female,hking@example.com,South Patrickborough,Virginia,Australia,2022-08-09
C004791,David,Davis,,owenscody@example.org,Port Jaclynmouth,Michigan,Liechtenstein,2022-11-18
C004792,Lisa,Nunez,Female,stacymolina@example.org,North Amy,Illinois,Tuvalu,2025-01-11
C004793,Kelly,Bond,Male,harrisonjennifer@example.net,Josephmouth,South Dakota,Haiti,2025-12-24
C004794,Paula,Doyle,Female,mhernandez@example.com,Whitakerville,New York,British Virgin Islands,2025-04-25
C004795,Bradley,Torres,,hannah74@example.org,Petersonstad,South Carolina,Saint Helena,2026-04-16
C004796,Jared,Smith,,jacksonspence@example.org,South Christopher,Missouri,Georgia,2022-09-15
C004797,Jeff,Cross,Female,sabrina99@example.net,Simsburgh,California,Bahrain,2021-11-28
C004798,Dennis,Hinton,Female,scottkirk@example.net,Lake Brian,New Mexico,Japan,2024-09-20
C004799,David,Walters,Male,lunaclarence@example.net,North Billy,Arizona,New Zealand,2025-11-28
C004800,Anthony,Becker,Female,philip05@example.org,West Brendafurt,Nebraska,Martinique,2025-08-15
C004801,Jennifer,Davis,,amyharper@example.org,Jenningsburgh,Florida,Kuwait,2025-06-06
C004802,Kimberly,Hall,,joannsmith@example.com,East Kyle,North Dakota,Mayotte,2024-04-15
C004803,Sarah,Vasquez,Male,ugeorge@example.net,Kellyfort,Montana,Germany,2023-02-15
C004804,Ashley,Estes,Female,angelagarcia@example.com,Port Charles,Tennessee,Sierra Leone,2023-01-16
C004805,Gabriela,Green,Male,brandi11@example.com,Lake Williammouth,Ohio,Pitcairn Islands,2026-04-23
C004806,Angela,Thomas,Female,dawnadams@example.com,Joshuaport,Ohio,Gabon,2024-03-11
C004807,Kristen,Foster,Male,kevin51@example.net,Gregorystad,New Jersey,Burundi,2024-09-01
C004808,Brenda,Scott,Male,erobbins@example.org,East Kristina,Colorado,Faroe Islands,2022-09-27
C004809,Amanda,Alexander,,elizabeth12@example.org,Marcusstad,West Virginia,Uzbekistan,2026-04-28
C004810,Samantha,Kemp,Male,huffscott@example.org,Bauermouth,South Dakota,Tokelau,2024-11-25
C004811,Brian,Oliver,Male,phoffman@example.net,West Richard,Montana,Central African Republic,2021-10-26
C004812,Timothy,Schmitt,,annamontoya@example.org,New Sarah,North Dakota,Vietnam,2024-12-26
C004813,Madeline,Hicks,Male,nicolecummings@example.org,Younghaven,Maryland,Martinique,2024-10-04
C004814,Marc,Smith,,myersdavid@example.org,West Robertmouth,North Carolina,Grenada,2023-07-18
C004815,Tina,Russell,Male,harrisonshawna@example.com,Lake Steven,Virginia,Christmas Island,2023-02-11
C004816,Lisa,Clayton,Female,joseph56@example.com,Lake Meghanview,Pennsylvania,Netherlands,2023-10-30
C004817,James,Johnson,,jordan33@example.net,Marcport,Michigan,South Georgia and the South Sandwich Islands,2021-08-01
C004818,David,Thomas,Female,solomonterri@example.net,Anitaborough,Colorado,Brunei Darussalam,2026-06-05
C004819,Susan,Liu,,brianberry@example.net,North Wendy,Vermont,Canada,2024-11-01
C004820,Jacob,Joseph,Male,jenniferlivingston@example.org,Simmonsshire,New Hampshire,Aruba,2025-09-01
C004821,Sabrina,Frazier,,heathermoore@example.org,Zimmermanmouth,Maine,Bahamas,2024-12-26
C004822,Andrew,Smith,Male,ufreeman@example.net,Bettychester,Idaho,Haiti,2024-11-23
C004823,Carla,Garza,Female,thomasjeff@example.com,North David,Michigan,Cyprus,2022-10-30
C004824,Wendy,Reynolds,Male,paul93@example.com,South Thomasmouth,Nevada,French Southern Territories,2023-01-07
C004825,Jason,Miller,,isaiahjones@example.net,Reneemouth,Wisconsin,Qatar,2024-01-14
C004826,Andrew,Callahan,Male,luke32@example.org,Cochranside,Massachusetts,Turkmenistan,2025-09-12
C004827,Logan,Moore,,lauren05@example.net,Lake Philip,New Jersey,Cayman Islands,2022-04-23
C004828,Ann,Campbell,Male,susancarpenter@example.net,Walterhaven,Pennsylvania,Marshall Islands,2021-08-21
C004829,Anthony,Chen,Male,shelia28@example.com,Stephanieborough,Arizona,Germany,2022-06-10
C004830,Jason,Forbes,Female,frymiranda@example.org,Calderonbury,Tennessee,Kenya,2021-08-27
C004831,Dana,Crawford,,janice00@example.net,Brianport,Alabama,Turks and Caicos Islands,2026-04-16
C004832,Ashley,Forbes,Female,jwells@example.net,North Sarahhaven,Mississippi,Myanmar,2022-01-25
C004833,Michael,Harper,,michelle24@example.net,Millston,Maryland,Bosnia and Herzegovina,2025-05-28
C004834,Victor,Garcia,,fraziermichele@example.net,Freemanshire,Wisconsin,Guernsey,2025-10-20
C004835,Chris,Wolfe,,kbishop@example.org,Lake Jamesshire,Arizona,Niue,2021-11-18
C004836,Angela,Campbell,Female,parkertim@example.com,East Alexander,South Carolina,Puerto Rico,2026-06-16
C004837,Bonnie,Ruiz,Female,torresrebecca@example.net,Port Stephanie,North Carolina,Gabon,2022-04-05
C004838,Natasha,Cooke,Female,dunderwood@example.com,South Matthewmouth,Louisiana,United States Virgin Islands,2023-08-10
C004839,Nicholas,Estes,Female,margaret37@example.org,Phillipsfurt,California,Palau,2026-06-26
C004840,Daniel,Bernard,Female,briana52@example.com,South Davidhaven,New York,Gabon,2024-01-08
C004841,Frank,Russell,Female,joshuasingh@example.org,Christopherville,Colorado,Anguilla,2022-05-24
C004842,Sandra,Michael,Male,heatherglover@example.net,West Chaseland,Colorado,Saint Vincent and the Grenadines,2022-03-19
C004843,Lindsay,Holland,Female,taylor81@example.com,Carrollville,Pennsylvania,Trinidad and Tobago,2025-08-16
C004844,Olivia,Lopez,Female,lopezcarlos@example.com,Lindaside,Georgia,Estonia,2025-11-05
C004845,Timothy,Smith,,currybradley@example.org,Holmesstad,New Hampshire,Ethiopia,2025-03-24
C004846,Robert,Roberts,,joshua47@example.org,South Claudia,Connecticut,Norfolk Island,2023-02-27
C004847,Laura,Carter,,ograham@example.org,South Kimberlyburgh,Oregon,Kuwait,2022-04-24
C004848,Kristen,Ayala,Female,cortezalexandra@example.com,New Natashabury,Indiana,Sweden,2026-06-09
C004849,Kari,Hill,,brandibautista@example.org,New Patricia,Alaska,Portugal,2022-07-28
C004850,William,Osborn,Male,mgraves@example.net,East Angelaview,Alabama,Venezuela,2026-03-08
C004851,Shannon,Gonzalez,Male,donnaarnold@example.net,Christineport,Connecticut,Poland,2025-12-11
C004852,Nicole,Aguirre,,qgreene@example.com,Nguyenstad,Kansas,Ukraine,2024-01-08
C004853,Catherine,Morales,,copelandryan@example.net,East Frances,Georgia,Algeria,2026-05-11
C004854,Allen,Fleming,Female,brookeherrera@example.com,Crossside,Florida,Niue,2022-11-27
C004855,Lee,Edwards,,lynchedward@example.org,East Willieville,Montana,Nigeria,2021-09-02
C004856,Laura,Flores,,kimstein@example.net,East Garrett,Georgia,Czech Republic,2023-02-03
C004857,Devon,Jones,,hatkinson@example.org,West Katherineshire,Tennessee,Nepal,2022-12-03
C004858,Sharon,Jackson,,jasonsosa@example.org,New Sheila,Maryland,Jamaica,2025-05-04
C004859,Valerie,Wilson,Female,gmiller@example.net,Port Williamborough,Georgia,Vietnam,2026-02-23
C004860,Daniel,Day,Female,szuniga@example.com,North Kimberly,Minnesota,Panama,2023-05-09
C004861,Kevin,Griffin,,timothyklein@example.com,Phamview,Hawaii,United States of America,2022-06-10
C004862,Matthew,Vega,Male,ngonzalez@example.com,Zacharystad,Tennessee,Austria,2024-03-10
C004863,Krista,Kim,Female,melanie20@example.org,Hopkinsside,Kansas,Afghanistan,2024-10-05
C004864,Shawn,Sanchez,Male,yfrancis@example.com,Stephaniestad,Pennsylvania,Maldives,2023-10-11
C004865,Tommy,Davis,Female,taylor33@example.org,Wendyhaven,Indiana,Luxembourg,2025-05-25
C004866,Brittany,Johnson,Female,amandaconrad@example.net,Kimberlyton,Massachusetts,Jordan,2024-07-15
C004867,Keith,Decker,,ngill@example.org,Crosbyhaven,Delaware,Cape Verde,2025-04-13
C004868,Rachel,Murray,Female,imoore@example.org,Ericview,Texas,Burkina Faso,2025-05-04
C004869,Mark,Wilson,Female,cmoran@example.org,North Thomastown,California,Bouvet Island (Bouvetoya),2023-10-19
C004870,Danielle,Cook,Female,sgibson@example.com,West Daniel,Nebraska,Korea,2025-02-22
C004871,Michelle,Green,,floydtravis@example.org,Freemanfort,North Dakota,Ukraine,2025-10-13
C004872,Jennifer,Williams,,patricktiffany@example.net,East Emily,Washington,Afghanistan,2026-06-17
C004873,Alec,Lewis,,david87@example.org,Jasminetown,Illinois,Nicaragua,2024-09-10
C004874,Brian,Larsen,Female,leemike@example.org,Port Sandramouth,West Virginia,Cyprus,2022-02-10
C004875,Sarah,Duncan,Male,nortonjoseph@example.net,Port Christinafort,Vermont,Haiti,2024-05-23
C004876,Vanessa,Ford,Male,heathermay@example.org,Foxshire,Georgia,United States of America,2024-03-05
C004877,Nicole,Graves,,kclark@example.org,South Gregoryview,Nevada,Switzerland,2023-11-13
C004878,Robert,Gonzalez,Male,tateamy@example.com,New Karenside,Montana,Lesotho,2021-10-05
C004879,Deborah,Hale,Male,qbradford@example.com,Brendaville,Ohio,Guernsey,2021-12-22
C004880,Daniel,Baker,,scottbonilla@example.com,Pamelabury,Alabama,Saint Pierre and Miquelon,2022-01-29
C004881,William,Williams,Female,gtaylor@example.com,Port Jeffrey,Florida,Central African Republic,2024-10-08
C004882,Thomas,Cherry,,toddescobar@example.com,North Grace,Hawaii,Libyan Arab Jamahiriya,2025-06-17
C004883,Jessica,Fitzpatrick,Female,johngrimes@example.net,Jeffreyland,Washington,Hungary,2023-06-27
C004884,Michelle,Weaver,,wmurray@example.com,Andersonmouth,New Jersey,Bouvet Island (Bouvetoya),2024-10-31
C004885,William,Hill,Male,gomezjacqueline@example.com,Sellersmouth,South Dakota,United States of America,2023-10-08
C004886,Peggy,Walton,,osparks@example.com,Harringtonhaven,New York,Bhutan,2023-09-14
C004887,Kelly,Rowland,Male,christinacunningham@example.com,Waltonfurt,Wyoming,Andorra,2023-03-12
C004888,Katelyn,Harper,,milleralexander@example.org,Atkinsonfort,Ohio,Dominica,2026-06-07
C004889,Daryl,Huff,Female,jessicaharris@example.net,Chadside,New York,Philippines,2025-04-17
C004890,Jared,White,Female,brian81@example.net,East Colleen,Georgia,Central African Republic,2023-12-10
C004891,Morgan,Wong,Female,joseph54@example.com,Valentinemouth,North Dakota,United States Minor Outlying Islands,2024-01-15
C004892,Carol,Thompson,Female,laura71@example.com,Andrewfurt,Oklahoma,Iceland,2023-10-24
C004893,Kelli,Reese,Female,michellebecker@example.com,East Thomasside,Hawaii,Comoros,2023-10-30
C004894,Christopher,Castro,Female,tiffany93@example.org,Holmesfort,Oregon,Antarctica (the territory South of 60 deg S),2024-07-26
C004895,Gregory,Mcgrath,,staceybender@example.com,West Lauren,Virginia,Solomon Islands,2024-05-05
C004896,Michael,Mendoza,Male,thompsonrebecca@example.org,Lake Mark,West Virginia,Bosnia and Herzegovina,2024-08-09
C004897,James,Barnes,,kelly72@example.net,New Jonathan,Washington,Ukraine,2022-01-23
C004898,Gary,Blackwell,,brianbaker@example.org,New Tinaside,Hawaii,Macao,2025-05-18
C004899,David,Carter,,bbarrett@example.net,Palmertown,Illinois,Bhutan,2024-01-07
C004900,Candice,Adams,Male,nancyalvarez@example.org,South Robert,Utah,Martinique,2026-04-18
C004901,Jonathan,Rodriguez,Female,marquezjill@example.com,New Kellymouth,California,Nigeria,2022-05-02
C004902,William,Pollard,,ybell@example.net,Christophershire,Kentucky,Armenia,2023-06-07
C004903,Richard,Roberts,,cynthia93@example.net,Brianville,Arkansas,Syrian Arab Republic,2023-11-16
C004904,Michelle,Dunn,Male,vmartin@example.com,Brandonburgh,Michigan,Nicaragua,2022-10-23
C004905,Jennifer,Wilson,,olivialopez@example.com,West Joseph,Maine,Philippines,2025-06-18
C004906,Lisa,Noble,,wrightalexander@example.net,Amymouth,Kentucky,Slovenia,2023-09-15
C004907,Tammy,Hernandez,,falexander@example.net,New Alex,New Hampshire,Ghana,2026-01-14
C004908,Richard,Stephens,Female,zsimmons@example.com,Alexandershire,Arizona,Kuwait,2022-08-11
C004909,Jennifer,Jackson,,porterjoshua@example.org,South Casey,South Dakota,Papua New Guinea,2025-05-31
C004910,Kevin,Johnson,Female,brookedurham@example.net,Patricktown,Texas,Switzerland,2023-03-11
C004911,Alexandra,Castro,,pollardjoseph@example.org,New Jeffrey,Massachusetts,Rwanda,2023-07-29
C004912,Jenna,Taylor,Female,theresaorr@example.org,Mejiahaven,South Dakota,Iraq,2022-07-07
C004913,Christy,Frost,Male,belljon@example.org,Smithview,Iowa,Guadeloupe,2024-12-02
C004914,Daniel,Brooks,,christophermartin@example.org,New Emilyview,Massachusetts,Indonesia,2022-07-28
C004915,Deanna,Campos,,sean96@example.org,South Matthew,North Dakota,Mauritania,2025-02-14
C004916,Catherine,Ward,Male,william53@example.com,Gamblehaven,Colorado,Japan,2025-02-14
C004917,Zachary,Williams,Female,grivera@example.net,Mitchellport,Virginia,Lebanon,2022-07-15
C004918,Henry,Wells,Male,wmcknight@example.com,Louisport,New Mexico,Uzbekistan,2024-12-22
C004919,Andrew,Williams,Female,joan88@example.net,West Amber,Mississippi,Tokelau,2023-08-21
C004920,Karen,Ball,Male,melissamccarthy@example.com,North Jessicamouth,Nevada,Haiti,2022-04-26
C004921,Shawn,Mcintyre,,lisa62@example.com,Barronshire,Ohio,Belgium,2024-04-07
C004922,Lynn,Martinez,Female,anthonygrant@example.com,Allenville,Nevada,Saint Helena,2025-05-17
C004923,Joshua,Reeves,,rwilliams@example.com,Anneborough,Hawaii,Dominican Republic,2023-12-28
C004924,Mark,Hoover,,zacharyharris@example.org,Lake Christopher,Pennsylvania,Egypt,2024-10-27
C004925,Michael,Mitchell,Male,sarah28@example.net,Lake Alan,Montana,Japan,2023-09-28
C004926,Jared,Porter,,xmoon@example.org,New Andrewberg,Ohio,Venezuela,2021-12-23
C004927,Benjamin,Harris,Female,julieross@example.org,Castrohaven,Virginia,Malawi,2025-09-10
C004928,Laura,Parker,,myersterri@example.com,Osbornestad,Alabama,Cameroon,2025-11-19
C004929,Chelsea,Phillips,Male,michaelchang@example.org,Port Nancy,Delaware,Guyana,2026-05-08
C004930,Miguel,Bryant,Male,theresajones@example.net,Linfurt,Delaware,Honduras,2022-05-27
C004931,Derek,Goodwin,Female,jasonjohnson@example.net,Port Karenton,Delaware,Kazakhstan,2023-11-15
C004932,Samantha,Carter,Male,osmith@example.com,Bakerville,New York,Samoa,2023-03-08
C004933,Stephen,Blake,,codyanderson@example.org,North Melissa,Utah,Czech Republic,2022-12-06
C004934,Victor,Thompson,Female,omitchell@example.org,South Michael,Maryland,Botswana,2023-06-19
C004935,Ann,Doyle,Female,krice@example.net,East Chelsea,New Jersey,Peru,2025-12-05
C004936,James,Holland,Female,crice@example.org,Heatherchester,Indiana,Tuvalu,2023-05-14
C004937,Sandra,Rios,Female,jonescarl@example.net,West Sandrashire,Virginia,Namibia,2023-04-22
C004938,Marc,Dyer,Female,barbara30@example.org,Diazshire,Washington,Libyan Arab Jamahiriya,2021-11-09
C004939,Latasha,Hanson,,tara59@example.net,West Lawrenceland,Alabama,Burundi,2021-10-02
C004940,Kathleen,Gordon,Female,csmith@example.org,Port Julie,Nevada,Angola,2025-10-21
C004941,Sherri,Jones,Female,ballardadam@example.com,Weaverfort,Minnesota,Cambodia,2021-12-20
C004942,Rachael,Fox,Male,ledwards@example.com,Jasminehaven,Missouri,Suriname,2022-04-11
C004943,Gabriel,Brown,Female,lindsay41@example.com,North Michaelfurt,New York,Croatia,2024-07-27
C004944,Douglas,Robinson,Male,cwebster@example.com,Port Noahhaven,Tennessee,Lithuania,2022-04-10
C004945,John,Blake,,staceychen@example.net,Christopherstad,South Dakota,Burundi,2021-11-02
C004946,Steven,Johnson,,adriana07@example.com,South Nancy,Hawaii,Guyana,2023-04-13
C004947,Amy,Stevens,,jason32@example.net,Farmerburgh,Florida,Guadeloupe,2021-11-09
C004948,Monica,Clark,,stanleyvalenzuela@example.net,East Melody,California,Eritrea,2026-01-17
C004949,Robert,Coleman,Male,sara03@example.net,Port Carriemouth,West Virginia,French Polynesia,2026-01-23
C004950,Christopher,Stewart,Female,bryanrichards@example.org,Port Racheltown,Louisiana,Saudi Arabia,2022-12-02
C004951,Jeffery,Cox,Male,silvabrian@example.net,Port Jonathan,Texas,Mozambique,2025-10-05
C004952,Heidi,Brown,,zwiley@example.net,Elizabethfurt,Mississippi,Greece,2024-03-04
C004953,Kevin,Martin,Male,melissagonzales@example.net,Taylorstad,Vermont,Jordan,2025-10-10
C004954,Olivia,Collins,,bonniesnyder@example.com,North Carrieberg,Mississippi,Bulgaria,2025-02-08
C004955,Mallory,Collins,Female,devin22@example.org,Cruzstad,Idaho,Comoros,2024-02-11
C004956,Curtis,Hill,,sjones@example.org,Lake Ruthbury,Texas,Ghana,2023-11-07
C004957,Victor,Dean,Female,thompsonbrent@example.net,New Patrick,Indiana,Honduras,2022-04-19
C004958,Jeremy,Jones,Female,wmorgan@example.org,Lake Steven,South Dakota,French Southern Territories,2026-02-17
C004959,Tonya,Santos,Male,bryanschroeder@example.com,Tiffanystad,North Carolina,Cambodia,2023-11-02
C004960,Linda,Esparza,Male,sandra69@example.net,West Ericaside,Oregon,Liechtenstein,2022-08-30
C004961,Anthony,Sanchez,Male,umullins@example.net,West Elizabethport,South Dakota,Tonga,2022-03-14
C004962,Ashley,Dickerson,Male,rickymcdonald@example.org,South Lawrencemouth,Montana,Belgium,2022-01-23
C004963,Jennifer,Meza,Female,michael10@example.com,Lindsayside,Delaware,Monaco,2024-03-04
C004964,Laura,Obrien,Female,fblackwell@example.com,North Tonyhaven,New Hampshire,Syrian Arab Republic,2022-03-13
C004965,Stephen,Smith,,danielnicole@example.net,Lake Darryl,Wisconsin,Iraq,2022-05-30
C004966,Morgan,Lopez,Female,owilliams@example.org,South Colleenfort,Nebraska,New Zealand,2021-08-14
C004967,Joseph,Cook,Male,melissawalter@example.org,New Loriport,Virginia,Kiribati,2021-12-25
C004968,Jessica,Schwartz,Female,gilbertmccarthy@example.org,Harringtonberg,Michigan,Zambia,2023-10-29
C004969,Cindy,Taylor,,johnjohnson@example.org,Williamshire,Wisconsin,Swaziland,2024-09-30
C004970,Mark,Marquez,Male,virginiahutchinson@example.com,Port Sierra,West Virginia,Azerbaijan,2024-10-18
C004971,Joshua,Odom,Male,kellijones@example.org,Gillmouth,Alaska,Pakistan,2021-11-24
C004972,Amanda,Nichols,Female,michaelfleming@example.com,Michaelborough,Connecticut,Mexico,2022-02-05
C004973,Teresa,Hernandez,Female,rachel09@example.net,Leeville,Kansas,Guinea-Bissau,2024-10-27
C004974,Laurie,Randolph,,heather76@example.com,Rodriguezside,Utah,Hungary,2025-01-09
C004975,Crystal,Nelson,Male,hkelley@example.org,West Nataliebury,Wisconsin,Nicaragua,2022-12-22
C004976,Debra,Osborne,Female,kimberlycardenas@example.com,Jessicastad,Texas,Maldives,2022-12-14
C004977,Amanda,Brown,,evancortez@example.com,East Codyton,Nevada,Saudi Arabia,2023-09-26
C004978,Todd,Rogers,Male,wgarza@example.net,Jonathanview,Minnesota,Tuvalu,2026-04-06
C004979,Jennifer,Chapman,Male,talexander@example.net,North Jessica,Alabama,Thailand,2025-05-11
C004980,Angela,Smith,Female,jenniferphillips@example.net,Garciahaven,Kentucky,Chad,2023-03-23
C004981,Nancy,Osborn,Female,jacob37@example.org,Jasonview,Oregon,Timor-Leste,2023-11-06
C004982,Tiffany,Odom,Male,gmeyer@example.net,East Evan,Michigan,Thailand,2025-10-21
C004983,Kimberly,Rogers,Male,susanwhite@example.com,Debrashire,Alabama,Congo,2022-09-19
C004984,Jonathan,Sawyer,,saraheaton@example.com,Hobbsfort,Washington,Grenada,2022-04-08
C004985,Ian,Miller,Male,tiffanysolomon@example.org,Alexanderberg,Indiana,Panama,2026-06-03
C004986,Dean,Noble,Female,lopezerica@example.net,Davidsonside,Maryland,Holy See (Vatican City State),2026-03-01
C004987,Megan,Howard,Male,leondavid@example.com,Allenborough,Montana,Honduras,2023-08-24
C004988,Joshua,Campos,Male,gsavage@example.com,Christinashire,New Mexico,Mauritius,2025-01-15
C004989,Manuel,Benson,,jennakemp@example.com,Jessicabury,Vermont,Central African Republic,2024-07-19
C004990,Tyler,Lee,Female,bonnie28@example.org,New Deborahhaven,Texas,India,2022-02-09
C004991,Stephanie,Ross,,lisalopez@example.net,New Christophermouth,Kentucky,Saint Martin,2022-02-16
C004992,William,Phillips,Female,wbryant@example.com,Elizabethville,California,Uzbekistan,2024-12-09
C004993,Emma,Stephenson,Female,rwatson@example.com,Gomezburgh,Nevada,Liberia,2024-12-27
C004994,Leah,Ball,Female,ellislinda@example.com,East Williamview,Mississippi,Isle of Man,2022-05-22
C004995,Annette,Walker,Female,robert51@example.com,East Janet,Indiana,Tanzania,2021-10-30
C004996,Lynn,Evans,Female,kjohnson@example.com,Ortizstad,Texas,Serbia,2023-09-24
C004997,Gary,Cunningham,Male,jerrymorse@example.com,West Patrickshire,Missouri,Mozambique,2025-03-24
C004998,Kimberly,Hicks,Male,nathanmartin@example.net,Port Justinbury,New Mexico,Zimbabwe,2022-08-19
C004999,Matthew,Pearson,,christiestone@example.org,Port Jessicafurt,Vermont,Palestinian Territory,2024-02-21
C005000,Seth,Baker,Male,kimberly78@example.com,Gonzaleztown,New Jersey,Bahrain,2024-03-23
C005001,Theresa,Powell,,john18@example.org,Mullinsfort,Texas,Belize,2024-02-02
C005002,Kathryn,Parks,Female,cooperjennifer@example.net,Adamstown,Minnesota,Sao Tome and Principe,2022-12-04
C005003,Becky,Aguilar,Male,jennifer98@example.net,Dianeville,Delaware,United States Virgin Islands,2023-12-21
C005004,Gary,Miller,Female,donaldwallace@example.org,Michaelburgh,Hawaii,Malta,2024-12-18
C005005,Melissa,Bradford,,debrajohnson@example.org,Lake Joemouth,Utah,Falkland Islands (Malvinas),2022-09-07
C005006,Christopher,Knight,Male,johnsonlarry@example.net,West Richard,Wisconsin,British Indian Ocean Territory (Chagos Archipelago),2026-01-05
C005007,Tabitha,Weaver,Male,jordan99@example.net,Santanafurt,Wyoming,Tunisia,2022-09-15
C005008,Denise,Williams,,smithryan@example.com,West Sarahberg,West Virginia,Mozambique,2023-05-12
C005009,Gloria,George,Male,marcolambert@example.com,Edwardhaven,Hawaii,Cyprus,2025-10-30
C005010,Ashley,Mason,,nross@example.net,New Jenniferchester,Maine,Serbia,2026-04-28
C005011,Heather,Campbell,,christopheryoung@example.net,Johnsonborough,Wisconsin,Luxembourg,2021-10-11
C005012,Philip,Marshall,Male,matthewmyers@example.net,South Christopher,Kansas,Tanzania,2026-05-03
C005013,April,Wilkerson,Male,ubrown@example.com,Port Ryanhaven,Louisiana,Luxembourg,2025-03-25
C005014,Sabrina,Gordon,,rodgersbrian@example.com,Robertview,Missouri,Montserrat,2024-08-13
C005015,Wyatt,Riggs,Female,richard01@example.com,Gordonside,Wisconsin,Isle of Man,2023-11-03
C005016,Kristen,Rose,Female,jerry24@example.net,Mirandaborough,South Carolina,Cote d'Ivoire,2021-10-09
C005017,Darlene,Frederick,Male,daviddennis@example.org,Joycestad,Washington,Kazakhstan,2025-12-17
C005018,Laura,Mitchell,Male,michellefranco@example.net,Port Phillip,Illinois,Korea,2025-04-01
C005019,Alan,Robinson,Female,mcdonaldandrea@example.com,South Justinfurt,Delaware,Portugal,2022-04-19
C005020,John,Gutierrez,,mark56@example.com,Lake Paul,Wisconsin,Cote d'Ivoire,2023-07-09
C005021,Theresa,Arnold,,clarkchristine@example.net,East Jason,Arkansas,United Kingdom,2022-12-27
C005022,Karina,Davis,Female,travisbrady@example.net,North Kevin,Ohio,Kiribati,2024-05-19
C005023,Jennifer,Lewis,Male,sextonchristopher@example.org,West Kelsey,Vermont,Montenegro,2025-08-17
C005024,Julie,Singh,Male,werickson@example.net,North Guyberg,Pennsylvania,Syrian Arab Republic,2024-12-19
C005025,David,Moore,Male,jonesjason@example.org,Manuelfort,Louisiana,Rwanda,2021-08-07
C005026,Andrea,Morris,Female,mmccarthy@example.net,North Tinaberg,Ohio,Burkina Faso,2022-07-19
C005027,Tonya,Riley,Female,cindy82@example.com,North John,Alabama,Portugal,2021-08-30
C005028,Gina,Ayers,Female,mariahardin@example.net,Burgessborough,Vermont,Iraq,2021-12-01
C005029,Jennifer,Brown,,enunez@example.net,Nicolechester,Colorado,United Kingdom,2024-11-30
C005030,Luis,Rodriguez,,breweralexander@example.net,Dorisberg,Pennsylvania,Colombia,2022-05-21
C005031,Joel,Newton,,lpaul@example.net,Jenniferhaven,Pennsylvania,Cote d'Ivoire,2024-10-15
C005032,Dylan,Brown,,forbesanita@example.net,North Timothybury,Georgia,Saint Lucia,2025-07-21
C005033,Desiree,Macias,Female,vevans@example.com,Port Austin,South Carolina,Tuvalu,2025-05-16
C005034,Joseph,Smith,Female,kurtbentley@example.com,West John,Maine,Burundi,2022-11-25
C005035,Katherine,Davis,,jmason@example.com,Goodmanton,Georgia,Cuba,2024-06-26
C005036,William,Bowman,Male,browncameron@example.com,New Michelletown,Maine,Norway,2022-10-07
C005037,Brittany,Hammond,Female,sarahallen@example.com,North Elizabethberg,Maryland,Cambodia,2023-04-23
C005038,Marc,Mcdaniel,Female,danielstark@example.org,Francoport,Maine,Ukraine,2021-11-24
C005039,Amy,Mcguire,Female,rcobb@example.net,Millerfort,Nevada,North Macedonia,2024-03-26
C005040,Jacqueline,Hart,Male,bmartinez@example.com,Port Brenda,Mississippi,South Africa,2025-02-11
C005041,Courtney,Brown,Male,barkerpamela@example.org,Lake Anthonyberg,Minnesota,Uruguay,2024-07-12
C005042,Harold,Williams,Female,colin76@example.net,Port Mary,Delaware,Ghana,2026-01-02
C005043,Patricia,Guerra,Male,gallowaykyle@example.com,Port Michaelchester,Oregon,Anguilla,2023-06-08
C005044,Bradley,Turner,Male,dominique17@example.net,West Davidton,Wisconsin,Finland,2023-12-18
C005045,Mary,Preston,Male,chansen@example.com,South Jeffrey,Hawaii,Tunisia,2025-04-23
C005046,Monique,Phillips,,jerrylee@example.net,Port Gregoryland,Arkansas,Cuba,2023-12-20
C005047,Thomas,Johnson,Male,marciastewart@example.org,West Linda,Alaska,Jordan,2022-06-08
C005048,Kyle,Miller,Male,thomas08@example.net,East William,Montana,Timor-Leste,2021-09-29
C005049,Cody,Garcia,,matthewramirez@example.net,Brendaville,Virginia,Sao Tome and Principe,2024-10-21
C005050,Wesley,Hernandez,Male,makayla57@example.net,Debraport,Washington,Djibouti,2022-07-18
C005051,Jerry,Nelson,,robinsonnichole@example.net,Amyland,North Carolina,British Indian Ocean Territory (Chagos Archipelago),2023-05-15
C005052,William,Bailey,,aaron62@example.net,West Stephanie,Ohio,Panama,2021-09-25
C005053,Kara,Lara,Male,cheryl94@example.org,Donovanbury,Indiana,Bangladesh,2022-06-12
C005054,Veronica,Mendez,Male,heidijames@example.com,Richardside,Michigan,Trinidad and Tobago,2024-11-08
C005055,Melissa,Vance,Female,littleandrew@example.org,Karlashire,Vermont,Cape Verde,2023-10-25
C005056,Mike,Lewis,,stephaniepaul@example.com,Charlesborough,Utah,Heard Island and McDonald Islands,2025-12-16
C005057,Brooke,Scott,,sotobradley@example.net,Billymouth,Pennsylvania,United Kingdom,2024-02-06
C005058,Jeremiah,Smith,Male,yunderwood@example.org,Welchville,West Virginia,Antarctica (the territory South of 60 deg S),2024-05-17
C005059,Linda,Robinson,Female,dickersonscott@example.org,Marisashire,Nevada,Cook Islands,2022-06-10
C005060,Micheal,Walker,,melissahartman@example.com,North Troy,Massachusetts,Bulgaria,2025-08-27
C005061,Selena,Payne,Female,flynnsavannah@example.org,Yvetteton,Arizona,Burkina Faso,2023-02-17
C005062,James,Combs,,melissa18@example.org,Benjaminton,Idaho,Cameroon,2024-05-15
C005063,Stephanie,Adams,,pwatson@example.com,Mollybury,Minnesota,Belgium,2024-09-15
C005064,Sharon,Johnson,Male,lindacollins@example.org,Brendaside,Virginia,Malawi,2023-01-19
C005065,Paul,Hall,,nancy77@example.net,South Dawn,Nebraska,New Zealand,2025-07-02
C005066,Lisa,Rosales,Male,adamwood@example.org,Joycemouth,Alabama,Somalia,2022-10-27
C005067,Michael,Moran,,alexrobinson@example.net,Angelastad,Oregon,Monaco,2026-02-26
C005068,Maria,Vazquez,Male,ocarter@example.org,Knoxborough,Delaware,Estonia,2024-09-20
C005069,Alexander,Lynch,,tinawilliams@example.org,East Catherineland,Delaware,Norway,2023-01-24
C005070,Travis,Brooks,Male,bmedina@example.org,Port Robertborough,Kentucky,Madagascar,2023-02-04
C005071,Jill,Roberts,Male,cookkevin@example.com,Comptonstad,Alaska,Somalia,2024-02-21
C005072,Paula,Spencer,,glasschristopher@example.com,New Nicolehaven,Ohio,Togo,2025-06-07
C005073,Tracy,Moody,Male,reginamartinez@example.com,West Matthew,Georgia,Martinique,2023-02-04
C005074,Lisa,Montoya,Female,kathleenwelch@example.net,Thompsonborough,Hawaii,Cook Islands,2024-03-11
C005075,Kathy,Goodwin,Female,nbrown@example.com,East Thomas,Vermont,French Guiana,2021-09-15
C005076,Noah,Cooper,Female,christina45@example.net,East Joebury,Delaware,Antarctica (the territory South of 60 deg S),2024-02-08
C005077,William,Holland,Male,meyersjulie@example.org,Joehaven,North Dakota,Russian Federation,2022-06-12
C005078,Jeremiah,Reid,,rebecca09@example.net,Dianefort,Colorado,Martinique,2025-11-26
C005079,Renee,Waters,Female,bowenmargaret@example.org,Katherinechester,Georgia,Turks and Caicos Islands,2021-12-03
C005080,Justin,Ortiz,Female,jaygreen@example.org,South Brian,Wyoming,Gibraltar,2023-03-06
C005081,Kari,Christensen,,olee@example.net,West Dannystad,New Jersey,Korea,2024-11-20
C005082,Virginia,Brown,Male,kherman@example.org,Port Dorothy,Illinois,Niger,2025-10-10
C005083,Robert,Taylor,Male,jacqueline41@example.net,New Katherineburgh,Wyoming,Kiribati,2022-12-16
C005084,Diane,Hill,,lbailey@example.net,West Andrew,Nevada,Trinidad and Tobago,2022-07-08
C005085,Jeremy,Decker,,robertbradford@example.org,Katelynbury,New York,Bouvet Island (Bouvetoya),2022-06-21
C005086,Kelly,Sanchez,,dbrown@example.net,Alyssatown,Kentucky,Chile,2025-06-04
C005087,Nicole,Leblanc,Male,probinson@example.org,East Richardmouth,New York,Finland,2023-12-14
C005088,Felicia,Morrison,Female,olong@example.com,North Ricardo,North Dakota,Egypt,2023-01-21
C005089,Gary,Whitaker,Female,xballard@example.org,Port Mary,Pennsylvania,Costa Rica,2022-11-24
C005090,Sonya,Vazquez,,zramirez@example.net,West Jeffery,Virginia,Sudan,2025-11-26
C005091,Miranda,Martin,Male,harmonkelly@example.net,Andersonchester,New Jersey,Tanzania,2021-12-21
C005092,Alicia,Morrison,,sarahnavarro@example.org,East Ryanshire,Colorado,Isle of Man,2023-07-03
C005093,Jeffery,Conner,,milesdawn@example.net,Travisshire,Louisiana,Sudan,2021-11-25
C005094,Joseph,Mendoza,Female,andrewramirez@example.org,South Jessica,Missouri,Namibia,2025-06-28
C005095,Stephen,Garcia,,ztaylor@example.org,Johnchester,Texas,United Kingdom,2021-10-25
C005096,Richard,Johnson,,llawrence@example.org,Lake Kelsey,Washington,Moldova,2024-06-22
C005097,Charles,Porter,,elizabethdiaz@example.com,New Jacob,Connecticut,Macao,2026-04-25
C005098,Angela,Molina,Male,pthomas@example.net,Kimmouth,West Virginia,Peru,2022-02-25
C005099,Brandon,Kirk,Female,tlewis@example.com,Lindatown,Arizona,Niger,2023-01-14
C005100,Christina,Green,Male,brendafarrell@example.com,South Melissaberg,Washington,Reunion,2026-06-02
C005101,Sierra,Stephens,,ashleyfernandez@example.com,Lake Lindsay,Nevada,Saint Martin,2025-04-16
C005102,Shawn,Patterson,,xcruz@example.org,Allentown,Alaska,Somalia,2025-07-30
C005103,Michael,Smith,,curtisjoshua@example.net,New Jesse,North Carolina,Montserrat,2021-10-26
C005104,Carl,Stewart,Male,laurabrewer@example.org,Harperfort,New Mexico,Timor-Leste,2024-10-09
C005105,Beverly,Shaw,Female,hmartinez@example.org,Robertland,Nebraska,Japan,2022-11-14
C005106,Paige,Tran,Male,andersonsandra@example.org,East Rebecca,Idaho,Philippines,2023-01-26
C005107,Mary,Hamilton,Male,enguyen@example.net,Annafurt,Nebraska,Cocos (Keeling) Islands,2025-10-24
C005108,Michael,Jimenez,Female,evansjeffery@example.net,East Karen,Idaho,Congo,2026-06-30
C005109,Emily,Boyd,Male,deanjennifer@example.org,Wuland,New Jersey,Iraq,2025-05-25
C005110,Barbara,Diaz,,scantrell@example.org,Clarkmouth,Oregon,Micronesia,2026-05-05
C005111,Stephanie,Shelton,Male,ujohnson@example.com,Mooreberg,Nevada,Ethiopia,2025-10-22
C005112,Paul,Murphy,Female,brendagutierrez@example.net,Rachelville,North Carolina,Netherlands,2025-10-09
C005113,Christian,Jordan,,henrynichole@example.org,North Sandymouth,Oregon,Latvia,2023-12-01
C005114,Patrick,Barnett,Male,whitealexander@example.net,Lake Isabella,Maryland,Sierra Leone,2022-03-21
C005115,William,Taylor,Female,luis20@example.net,Craigview,Michigan,Palau,2025-02-01
C005116,Jacob,Garrett,,joyceshannon@example.org,Jonathantown,Oregon,El Salvador,2022-02-04
C005117,Nicole,Carroll,Female,wcook@example.org,Heatherville,New Hampshire,Singapore,2023-07-07
C005118,Robert,Austin,Female,robertcharles@example.com,Port Carolburgh,Nebraska,Cameroon,2024-02-15
C005119,Christina,Olson,Male,uhernandez@example.net,Lake Rachel,Maine,Puerto Rico,2022-07-19
C005120,Alejandro,Garcia,Male,lisadixon@example.com,Shawnshire,Alaska,Israel,2024-07-21
C005121,Jessica,Payne,,jeffreybridges@example.org,West Kevinton,New York,Bhutan,2024-11-07
C005122,Jeffrey,Henderson,Female,nfernandez@example.org,Mckinneyhaven,New Jersey,Malaysia,2023-02-19
C005123,Sarah,Lopez,Male,thomasleah@example.com,West Jamesside,West Virginia,Luxembourg,2023-03-26
C005124,Jennifer,Hunter,,jason42@example.net,Davidsonton,Iowa,Montenegro,2025-04-15
C005125,Steven,Gill,Female,gharris@example.org,West Rebeccaview,Texas,Zimbabwe,2025-08-18
C005126,Frederick,Velez,Female,pdaniel@example.net,Cynthiaville,Alabama,Swaziland,2022-11-20
C005127,Dennis,Harris,Male,sarahjohnson@example.net,Diazfurt,Idaho,Qatar,2026-02-08
C005128,James,Walker,Male,nwarren@example.org,Micheleland,California,United Arab Emirates,2022-12-28
C005129,Deanna,Sanders,Male,michele73@example.org,Christopherview,Connecticut,Grenada,2025-12-24
C005130,Chad,Hickman,,thompsonjeremy@example.org,Armstrongberg,Kentucky,Lebanon,2025-08-14
C005131,Isabella,Ewing,Male,ohill@example.com,Lake Benjamin,Wyoming,Grenada,2026-02-12
C005132,Abigail,Nelson,Male,nmoore@example.com,South Annettefort,Michigan,Estonia,2022-02-24
C005133,Veronica,White,,jennifersmith@example.net,Port Kristinemouth,Arkansas,United States Minor Outlying Islands,2026-07-14
C005134,Stacey,Molina,,davidgordon@example.org,East Charles,Iowa,Costa Rica,2025-12-16
C005135,Anthony,Contreras,Female,robinsonwhitney@example.com,South Frankport,Illinois,Antigua and Barbuda,2023-08-14
C005136,William,Lopez,Male,matthew29@example.com,New Scottberg,Ohio,Saint Martin,2023-03-31
C005137,Amy,Porter,Male,davidstrong@example.org,South William,Illinois,Saint Lucia,2025-02-24
C005138,Amanda,Alexander,,xosborne@example.net,Davilaville,Florida,Marshall Islands,2025-10-08
C005139,Victoria,Michael,Male,sarah21@example.org,Lake Madelinemouth,Indiana,Belgium,2023-07-22
C005140,Daniel,Reyes,,jkennedy@example.net,Christinaville,Indiana,Ethiopia,2021-12-05
C005141,Wendy,Calderon,,crystalcohen@example.net,North Josephborough,Oklahoma,Norfolk Island,2024-12-01
C005142,Courtney,King,Male,wflores@example.com,Bradleyhaven,Massachusetts,Gibraltar,2022-11-15
C005143,Zachary,Rogers,Female,hughesbrent@example.org,Robertsonside,Rhode Island,Mozambique,2024-06-15
C005144,Christy,Wall,,katrina06@example.org,Port Paul,Wisconsin,Venezuela,2021-09-27
C005145,Cynthia,Carlson,Male,reeddawn@example.org,East Robinfort,New Jersey,Luxembourg,2022-07-15
C005146,Amanda,Huang,Female,riveraandrew@example.net,East James,Missouri,South Georgia and the South Sandwich Islands,2026-02-06
C005147,Shane,Reed,Female,wlane@example.org,Craigberg,Vermont,Kiribati,2024-07-04
C005148,Dalton,Walker,Female,jeffrey32@example.net,Abigailside,North Carolina,Slovenia,2022-11-13
C005149,Deanna,Galloway,Female,torreschristian@example.org,Hillberg,Connecticut,Brunei Darussalam,2024-12-04
C005150,Daniel,Garner,Male,kevin44@example.net,Alexisport,Wisconsin,Ireland,2025-01-21
C005151,Andrew,Vazquez,Male,fcollier@example.org,Garciafort,New York,Philippines,2024-06-20
C005152,Julia,Hall,Male,shelby46@example.org,Leefort,Idaho,Azerbaijan,2023-02-08
C005153,John,Thompson,Male,albert40@example.org,North Sean,Michigan,Zimbabwe,2023-09-10
C005154,Jasmine,Bowman,Female,rachelavila@example.org,Jonesmouth,Mississippi,Swaziland,2021-09-23
C005155,Eric,Smith,Female,christophermoore@example.com,Pattersonmouth,Minnesota,Hungary,2023-01-13
C005156,Paula,Rasmussen,,patrickclark@example.org,New Justinville,Nebraska,Madagascar,2025-10-06
C005157,James,Henson,Female,wattsthomas@example.org,Port Kevinville,North Carolina,Latvia,2025-12-24
C005158,Brian,Fuller,Female,thomasunderwood@example.net,West Lauren,New Jersey,Mauritania,2025-06-20
C005159,Christopher,Costa,,vramirez@example.org,East Donald,Kentucky,Norfolk Island,2022-07-23
C005160,Robert,Duncan,Male,terri77@example.org,East Travis,Kentucky,Tonga,2025-12-26
C005161,Jennifer,Martin,Male,debrawright@example.org,Stacyfurt,California,Maldives,2023-08-01
C005162,Christina,Roberts,Male,howardbrianna@example.org,Kingstad,Alaska,Uzbekistan,2023-05-26
C005163,Jacqueline,Williamson,Male,patrickknox@example.com,East Joshuabury,South Dakota,Senegal,2024-03-06
C005164,Karen,Moore,Male,ann02@example.com,Jacksonmouth,Louisiana,Lebanon,2023-09-30
C005165,Kevin,Phillips,,dylan14@example.org,Edwardsberg,Nevada,Barbados,2025-12-03
C005166,Brian,Powell,,anthonyball@example.com,West Steven,Montana,Uganda,2023-07-02
C005167,Hannah,Nixon,Male,kimberly31@example.org,Shermanborough,New Jersey,Finland,2023-12-15
C005168,Noah,Bowen,Female,trevorluna@example.org,Kelseyburgh,Kentucky,Chile,2023-12-24
C005169,Larry,Holt,Female,meghanestrada@example.net,Townsendville,Florida,Saudi Arabia,2025-03-31
C005170,Duane,Hester,Female,joshuaklein@example.net,Westshire,Rhode Island,Tanzania,2022-12-31
C005171,Vicki,Skinner,,aguilarheather@example.org,Mannville,Idaho,Tanzania,2023-11-09
C005172,Richard,Davis,Female,phillipsbenjamin@example.com,Whitakerborough,Georgia,Gibraltar,2025-07-10
C005173,Sharon,Gordon,,abigail06@example.org,Stevefurt,Minnesota,United States Virgin Islands,2023-07-11
C005174,James,Wyatt,Male,estafford@example.org,West Josestad,Florida,Macao,2021-09-12
C005175,Timothy,Fisher,Female,steven70@example.org,Bautistafurt,Florida,Uruguay,2021-08-25
C005176,Julie,Alvarado,Female,omarvasquez@example.org,Watsonbury,Utah,Monaco,2021-12-04
C005177,Lisa,Fernandez,Male,sierra23@example.com,Michellestad,Tennessee,Venezuela,2021-11-26
C005178,Brianna,Smith,Male,amy96@example.org,Marystad,Florida,French Guiana,2025-08-26
C005179,Brandon,Atkinson,Female,ramirezleslie@example.org,Lake Raymondfurt,Wisconsin,Ireland,2021-08-18
C005180,Angela,Williams,Female,ashley43@example.net,West Virginiahaven,Kansas,Central African Republic,2022-05-05
C005181,Nicholas,Burns,Female,danieljenkins@example.net,Powellton,Hawaii,Svalbard & Jan Mayen Islands,2024-04-05
C005182,Elizabeth,Graves,Female,scottwilliam@example.com,Pamelashire,Texas,Timor-Leste,2022-01-14
C005183,Jennifer,Arnold,Female,vickie83@example.com,Lake Kimberlymouth,Kansas,Moldova,2022-09-01
C005184,Stacy,Price,,justin34@example.com,Jeremybury,Maine,Norway,2022-04-10
C005185,Sherri,Owens,Female,lisa66@example.net,North Katrinastad,Montana,Monaco,2024-10-16
C005186,Patricia,Mora,Female,dparker@example.com,Dixonchester,Nebraska,Antarctica (the territory South of 60 deg S),2025-05-18
C005187,Jessica,Jones,,ericadean@example.org,Kaitlynfort,Iowa,Andorra,2023-10-30
C005188,Samantha,Ball,Male,stephenjimenez@example.net,South James,Delaware,Swaziland,2024-07-03
C005189,Christina,Weber,Male,randall52@example.org,Carterstad,Tennessee,India,2023-02-20
C005190,Brandi,Schwartz,Male,james86@example.net,Margaretbury,Vermont,Moldova,2021-09-05
C005191,Peter,Mills,,bryannathaniel@example.net,Yolandamouth,Illinois,Micronesia,2025-11-21
C005192,Matthew,Coleman,,mlane@example.com,New Christopher,Nevada,Belize,2022-07-04
C005193,Andrew,Zhang,Male,melissalogan@example.com,New Patty,Montana,Rwanda,2024-09-22
C005194,Christine,Osborne,Male,xharris@example.net,Longmouth,Utah,Puerto Rico,2023-06-26
C005195,Brandy,Ortiz,Male,yrodriguez@example.org,Kellybury,Louisiana,Argentina,2024-06-21
C005196,Daniel,Schultz,Female,wbarton@example.org,Port Toddchester,Indiana,Swaziland,2025-07-27
C005197,Lori,Brown,,hernandezaustin@example.org,Liburgh,Nevada,Nicaragua,2023-08-23
C005198,Susan,Mclean,Female,kelseygibson@example.net,East Gregory,Idaho,Hong Kong,2026-03-07
C005199,Theresa,Gonzalez,,lhogan@example.com,South Bonnie,California,Saudi Arabia,2022-03-13
C005200,Brandon,Jordan,,dmoore@example.org,Tammyshire,Colorado,Northern Mariana Islands,2023-01-28
C005201,Jennifer,Shaffer,Female,joneschristine@example.net,Lake Katrina,West Virginia,Seychelles,2022-11-04
C005202,Michael,Miller,Male,bhill@example.com,West Bobbychester,South Dakota,Puerto Rico,2024-12-15
C005203,Michael,Martin,,rebecca00@example.com,Nicholashaven,Montana,Martinique,2025-11-18
C005204,Matthew,White,Female,michelleglenn@example.org,Port Paulstad,Washington,Philippines,2024-09-07
C005205,Timothy,Hayes,Female,phillipsderek@example.org,New Dominiquetown,Indiana,Uruguay,2022-12-29
C005206,Douglas,Love,,lcharles@example.org,Johnsonchester,Nebraska,Malta,2026-07-16
C005207,Dawn,Johnson,Male,lloydcheryl@example.org,North Stephaniefort,Connecticut,Cameroon,2022-09-28
C005208,Joseph,Horton,,tinasanders@example.com,Lake Juliaville,Nebraska,Paraguay,2023-08-23
C005209,Amy,Sutton,,robertrussell@example.org,Port Susan,Arizona,Mayotte,2023-06-13
C005210,Bryan,Johnson,Male,youngandrew@example.net,Angelshire,Missouri,Switzerland,2022-09-30
C005211,Ashley,Washington,Female,patriciamoreno@example.org,Randyside,Georgia,Eritrea,2025-01-18
C005212,Kevin,Ritter,Female,tknight@example.org,Larryville,Texas,Lao People's Democratic Republic,2025-09-06
C005213,Nicholas,Abbott,Male,guerracaroline@example.org,East Georgebury,Pennsylvania,Vietnam,2022-06-20
C005214,Nathaniel,Wilson,Female,fpatrick@example.org,East Leah,Montana,Guadeloupe,2025-10-28
C005215,Wayne,Smith,Female,qhernandez@example.com,Port Heatherland,Washington,Brazil,2024-08-31
C005216,Megan,Nichols,Male,morrisonjoseph@example.net,South Elizabethfort,Idaho,Netherlands Antilles,2025-11-13
C005217,Caroline,Sanchez,Male,david01@example.net,Brendastad,Hawaii,Lesotho,2022-09-14
C005218,Christian,Pierce,Female,abell@example.com,East Joshua,Hawaii,Malawi,2023-07-07
C005219,Matthew,Johnson,,susanblack@example.org,North Sheilashire,Minnesota,Sri Lanka,2025-12-20
C005220,Veronica,Fuller,Female,erikbaker@example.org,Jonathanview,Alaska,Saint Barthelemy,2025-04-12
C005221,Ryan,Strong,Male,christianashley@example.org,East Brian,Pennsylvania,Liechtenstein,2025-09-13
C005222,Jacqueline,Ramirez,,mjones@example.net,West Linda,Michigan,Portugal,2024-07-04
C005223,Kenneth,Thompson,,popejeanette@example.org,Michaelton,Wyoming,Guatemala,2021-12-13
C005224,Gregory,Rose,,trandaniel@example.com,New Troyville,Illinois,Guam,2022-09-08
C005225,April,Parker,,edwardbaker@example.org,Stevenbury,Nevada,Haiti,2024-05-30
C005226,Nathaniel,Lopez,,ujohnson@example.org,Wilkinsonshire,Hawaii,Netherlands Antilles,2021-07-29
C005227,Jose,Jordan,,mosleypamela@example.org,Thomasland,Tennessee,Denmark,2023-12-20
C005228,Herbert,Jordan,,reyeschristopher@example.net,Whitefort,Arkansas,Canada,2022-04-16
C005229,Kelly,Johnson,Male,robertdavis@example.net,North Andrea,Idaho,Andorra,2025-05-22
C005230,Tamara,Lane,,jenna19@example.org,Meganmouth,Kansas,Bermuda,2024-12-14
C005231,Jasmine,Black,Female,jerryolson@example.org,East Briannaberg,Oregon,Mauritius,2024-03-01
C005232,Lisa,Rice,,vjones@example.org,Donaldbury,North Carolina,Latvia,2024-12-02
C005233,William,Johnson,,smithsheena@example.net,Jensenport,Hawaii,Saint Barthelemy,2023-11-14
C005234,Stephen,Johnson,,xmoreno@example.org,Johnshire,South Carolina,Bahrain,2022-07-04
C005235,Alexandra,York,,perezmichelle@example.com,Johnmouth,Vermont,British Virgin Islands,2025-07-17
C005236,Michael,Campbell,,emilyharris@example.com,East Nathanside,Tennessee,Madagascar,2026-05-03
C005237,Laura,Rocha,Male,foxcatherine@example.net,South Codytown,North Dakota,Papua New Guinea,2023-10-31
C005238,Amanda,Sanchez,Female,carolyn96@example.com,Wolfeside,West Virginia,Kiribati,2024-12-20
C005239,Madison,Morgan,,flin@example.com,New Katherine,Oklahoma,British Indian Ocean Territory (Chagos Archipelago),2025-04-16
C005240,Laura,Herrera,,james47@example.net,Port Meganville,Alabama,Tanzania,2026-03-03
C005241,Sharon,Mcguire,Male,dannylawson@example.net,Scottport,Nebraska,Mozambique,2025-05-29
C005242,James,Barnes,Female,drakemonica@example.net,Ericaland,Missouri,France,2024-08-24
C005243,Jennifer,Smith,Female,chenrebecca@example.com,New Hannahport,Oregon,Tunisia,2022-06-21
C005244,Kara,James,,zbrown@example.net,North Timothyview,North Dakota,Tonga,2026-07-25
C005245,Frank,Flores,,michele71@example.net,North Patrick,Tennessee,Spain,2023-01-18
C005246,Yolanda,Gaines,,townsendtimothy@example.org,Amandashire,Oklahoma,Costa Rica,2022-05-17
C005247,Joshua,Clark,Female,ruth13@example.org,North Rebecca,Nebraska,Samoa,2024-07-21
C005248,Rebecca,Gonzalez,Male,isaacperry@example.org,Michaelchester,South Carolina,Luxembourg,2024-04-28
C005249,Laura,Sandoval,,eburnett@example.com,Port Brian,Iowa,Uzbekistan,2024-05-18
C005250,Tyler,Martinez,,donald16@example.net,Stewartport,Minnesota,Guyana,2025-03-27
C005251,Kristine,Trevino,Male,abigailsmith@example.org,Tonyfurt,Maryland,Saint Vincent and the Grenadines,2023-06-03
C005252,Joseph,Bridges,Male,butlerapril@example.net,Edwardborough,Hawaii,Malaysia,2022-07-05
C005253,Bonnie,Smith,,jonesdeborah@example.net,Thompsonborough,Oregon,Mayotte,2025-03-15
C005254,Jessica,Mora,Male,neallisa@example.com,Sethburgh,Texas,Cook Islands,2024-04-01
C005255,Elizabeth,Russell,,joneslori@example.org,Port Johnchester,Utah,Faroe Islands,2026-06-13
C005256,Hannah,Watkins,Female,caseymichael@example.org,Brandonfort,New York,Dominican Republic,2023-05-04
C005257,Joe,Martinez,Female,brenda41@example.com,East Frederick,North Dakota,Germany,2023-05-04
C005258,Meredith,Pruitt,Male,robertpetersen@example.net,Port Nancybury,Michigan,Cameroon,2025-12-04
C005259,Jessica,Davis,Male,yvonnegarcia@example.net,New Audrey,Kansas,Antarctica (the territory South of 60 deg S),2025-08-18
C005260,Marcus,Smith,Female,bmiller@example.com,West Steveshire,Nebraska,Papua New Guinea,2021-10-27
C005261,Marvin,Taylor,Female,austinscott@example.net,Powellhaven,North Dakota,Guadeloupe,2025-03-13
C005262,James,Moody,Male,rlindsey@example.com,New Mario,Montana,Taiwan,2022-08-06
C005263,Michelle,Woods,Female,jeffreysmith@example.org,West Stephenfurt,Texas,Iraq,2025-08-17
C005264,Edward,Mitchell,Female,michaelmcgee@example.org,East Cynthialand,Pennsylvania,France,2021-08-16
C005265,Adam,Davis,Male,dennis78@example.org,Grossport,Connecticut,Gabon,2023-07-01
C005266,Robert,Butler,,shannonsnyder@example.net,Katiebury,South Dakota,Palestinian Territory,2023-12-10
C005267,Kathy,Bryant,Male,christopher35@example.org,Michaelview,Nevada,Saint Vincent and the Grenadines,2022-05-24
C005268,Edwin,Nichols,,stephen66@example.org,New Tonyshire,Alabama,Morocco,2026-04-26
C005269,Samantha,Lucas,,orodriguez@example.com,West Craigville,Ohio,Solomon Islands,2025-11-28
C005270,Cindy,Sellers,Female,brownstephanie@example.net,Rogerstown,Oklahoma,El Salvador,2023-07-02
C005271,Miguel,Santiago,Female,rebecca97@example.com,Miguelland,Hawaii,Ecuador,2023-01-09
C005272,Brandon,Miller,Male,dennis90@example.com,Lake Christophertown,New Mexico,Jersey,2022-05-23
C005273,Jennifer,Nelson,Male,garciajulie@example.com,Port Jacob,Pennsylvania,French Southern Territories,2022-09-05
C005274,Grant,Johnson,Female,kennethhancock@example.org,Stevenhaven,New Mexico,Croatia,2023-01-04
C005275,Elizabeth,Allen,Female,chernandez@example.net,Perezfort,Connecticut,Northern Mariana Islands,2022-08-17
C005276,Jill,Mason,,fking@example.net,Jasonstad,Hawaii,Gibraltar,2024-03-26
C005277,Miranda,Stokes,Female,cynthia99@example.com,West Josephport,Kansas,Italy,2026-03-20
C005278,Keith,Kelley,Male,pamelayoung@example.net,Angelafurt,Washington,Antigua and Barbuda,2023-09-12
C005279,Jose,Wilson,Female,kevin25@example.net,New Michellefurt,Pennsylvania,Congo,2022-10-22
C005280,Tyler,Lyons,Female,garciastephanie@example.org,Port Ronnieshire,Michigan,Mali,2023-01-03
C005281,Joseph,Smith,Female,penny29@example.com,Johnton,Kentucky,Lebanon,2023-08-15
C005282,Wayne,Brown,Male,stacey68@example.org,Brianville,North Dakota,Dominica,2022-12-13
C005283,Yolanda,White,Female,michael70@example.org,Gregoryshire,Michigan,Angola,2022-10-08
C005284,James,Johnston,,tstephens@example.org,North David,Louisiana,Guatemala,2023-01-21
C005285,Ashley,Williams,,paul65@example.org,Cynthiaborough,Alaska,Niger,2023-09-06
C005286,Michelle,Buck,Male,kylemartinez@example.com,West Juliafort,New Hampshire,Comoros,2025-10-25
C005287,Bailey,Green,Male,dana36@example.org,East Christopher,South Dakota,Slovenia,2022-08-16
C005288,Helen,Parks,Female,petersdavid@example.org,New Tracy,Illinois,Vanuatu,2025-03-14
C005289,Tammy,Kelley,Female,valentinejoy@example.net,Port Ashleyfurt,Oklahoma,Singapore,2026-03-09
C005290,Sally,Steele,Male,batkins@example.net,Sarahborough,Colorado,Jersey,2023-03-03
C005291,Carla,Lewis,,becktracy@example.com,North Meganview,Arkansas,Guyana,2023-02-03
C005292,Wendy,Hall,,hmccarty@example.net,Timothybury,North Carolina,Turkey,2022-12-22
C005293,Brittany,Cabrera,Male,xthompson@example.net,North Lorimouth,Wyoming,Djibouti,2024-11-24
C005294,Miguel,Campbell,Male,bhernandez@example.org,East Mary,Arizona,Central African Republic,2021-08-14
C005295,Roberta,Franklin,,zdouglas@example.org,South Jermainestad,Massachusetts,Portugal,2023-05-22
C005296,Michael,Reed,,petersensarah@example.com,Wallsland,Maryland,Cayman Islands,2023-07-01
C005297,Robert,Phillips,,robertwoods@example.net,Port Jonathanland,Colorado,Andorra,2024-01-27
C005298,Brian,Clay,Female,nenglish@example.org,West Diana,New Mexico,Eritrea,2025-10-16
C005299,Wendy,Watkins,,xadams@example.org,Morganborough,Colorado,Kenya,2024-01-04
C005300,Breanna,Jones,,kimberly72@example.com,Cooperbury,Indiana,Luxembourg,2022-07-22
C005301,Jonathan,Charles,Male,williamsonanthony@example.org,East Johntown,California,Spain,2022-03-25
C005302,Steven,Conner,,iali@example.com,Tiffanyfort,Ohio,Latvia,2023-01-17
C005303,Daniel,Anderson,,walter21@example.com,Port Tom,Wyoming,United Arab Emirates,2026-07-23
C005304,Edgar,Jarvis,Female,brian47@example.net,East Ryanville,Nevada,Bangladesh,2024-09-20
C005305,Alicia,Phillips,Female,chenpatrick@example.org,South Nichole,Maryland,Benin,2023-02-05
C005306,Deanna,Clarke,Female,garzajohn@example.org,North Carrie,North Dakota,Lesotho,2021-10-18
C005307,Melissa,Palmer,Male,maureen98@example.com,South Brian,South Carolina,Kiribati,2024-09-13
C005308,Jesse,Torres,Male,sherry63@example.net,Patrickfort,Kentucky,Montenegro,2023-09-26
C005309,Matthew,Martinez,Female,millerchad@example.com,Port Gabriel,California,Tonga,2024-09-09
C005310,Christopher,Ware,Female,sharon81@example.org,South Lauren,Washington,Monaco,2024-03-14
C005311,Patrick,Romero,,jesseyoung@example.com,North Johnshire,Michigan,Russian Federation,2022-05-23
C005312,Marcus,Baker,,michael03@example.org,Moralesville,Arkansas,Svalbard & Jan Mayen Islands,2025-09-25
C005313,Christopher,Avila,,mariaramirez@example.org,Lopezhaven,Connecticut,French Guiana,2021-12-16
C005314,Henry,Walker,Female,samuel45@example.net,Victoriastad,Tennessee,British Virgin Islands,2026-07-24
C005315,Scott,Valentine,,adamrussell@example.net,Marymouth,Montana,Heard Island and McDonald Islands,2023-10-23
C005316,Christopher,Flowers,,fishersarah@example.com,Cynthialand,New Hampshire,Cameroon,2025-06-25
C005317,Paul,Moore,Female,ryanmacdonald@example.com,West Shawnaburgh,Idaho,Suriname,2024-12-10
C005318,Catherine,Mercer,,mark19@example.com,Christopherport,Maine,Turkey,2025-09-14
C005319,Amy,Smith,Female,joseph00@example.net,Jessicahaven,West Virginia,Sri Lanka,2025-08-04
C005320,Elizabeth,Jacobs,Male,andrewbird@example.com,Steeleshire,Arizona,Tokelau,2024-09-17
C005321,Steven,Weaver,Male,kmurphy@example.net,East Craigside,New York,Angola,2026-06-14
C005322,Elizabeth,Mills,,cookrebekah@example.net,South Melanieland,Nevada,Turkmenistan,2023-03-03
C005323,Thomas,Lowe,Male,zjordan@example.net,Davidchester,Oklahoma,Christmas Island,2021-09-06
C005324,Tammy,Chaney,Male,dustin85@example.com,Lindseyland,Michigan,Yemen,2026-03-02
C005325,Sarah,Miller,Female,shelby68@example.net,Christopherside,Oklahoma,Norway,2022-01-08
C005326,Oscar,Logan,Female,ijoyce@example.com,West William,Arkansas,Monaco,2025-06-10
C005327,Darryl,King,,clin@example.com,Hopkinsfurt,Oregon,Ghana,2023-01-07
C005328,Donald,Davis,Female,kathleenmitchell@example.org,Castrofurt,Pennsylvania,Niger,2023-04-15
C005329,Cody,Robinson,,steven01@example.com,Michaelberg,Hawaii,Saint Martin,2022-12-02
C005330,Crystal,Brown,,aprilwallace@example.net,North James,Delaware,United Arab Emirates,2023-01-16
C005331,Steven,Meza,Female,hillaudrey@example.net,Lake Robin,Georgia,United Kingdom,2024-05-20
C005332,Ethan,Bailey,,james62@example.org,Lake Arianastad,Illinois,Cocos (Keeling) Islands,2025-02-22
C005333,David,Pham,Male,reynoldssteven@example.com,West Sharonfort,Indiana,Andorra,2022-10-08
C005334,Mario,Allen,Male,nicholas08@example.net,North Jennifer,Oklahoma,Swaziland,2022-04-05
C005335,Jorge,Martinez,Male,dleblanc@example.com,Freemanshire,Maryland,Burkina Faso,2023-10-18
C005336,Christine,Miller,Female,pattersonstacey@example.org,Bensonhaven,Wyoming,Wallis and Futuna,2021-09-17
C005337,Joseph,Lozano,Male,aaronschwartz@example.net,East Beth,Oregon,Uruguay,2025-11-22
C005338,Tracy,Wang,,ealvarez@example.com,Lake Kevin,Idaho,Ethiopia,2022-12-26
C005339,Christopher,Mclean,,christinerobinson@example.org,North Paulafurt,New Mexico,Palau,2025-11-01
C005340,Lisa,Johnson,,yolandapeterson@example.net,Dylantown,Pennsylvania,Malaysia,2022-08-23
C005341,Heather,Palmer,Female,raymondbruce@example.com,North Robin,Connecticut,Gabon,2025-09-06
C005342,Kimberly,May,Male,randolphjulie@example.com,Angelside,Florida,Uzbekistan,2024-01-14
C005343,Michael,Beasley,Female,jstone@example.org,Ramirezside,Utah,Reunion,2025-07-07
C005344,Robert,Gonzales,,georgejackson@example.net,Wallerview,Hawaii,Svalbard & Jan Mayen Islands,2023-03-29
C005345,Kevin,Ramirez,Male,sdavis@example.net,Carterfurt,Mississippi,Suriname,2025-08-28
C005346,Amy,Owen,Male,poncerichard@example.org,West Michael,Colorado,Bangladesh,2023-09-25
C005347,Benjamin,Garcia,Male,jane18@example.org,Lake Robertmouth,Montana,Christmas Island,2025-04-08
C005348,Andrew,Pace,Female,ubishop@example.org,Grossland,Missouri,Monaco,2022-12-03
C005349,Henry,Smith,Male,jameschad@example.com,Port Austinshire,Florida,Fiji,2022-11-07
C005350,Hunter,Howard,Female,adam56@example.net,Mitchellshire,Montana,Samoa,2022-03-08
C005351,Sara,Thompson,Male,lacey72@example.com,North Alicia,Oklahoma,Montenegro,2024-01-08
C005352,Ryan,Williams,,paul03@example.com,Sarahstad,New Mexico,Barbados,2024-06-13
C005353,Charles,Graham,Female,sgonzalez@example.org,West Duaneland,Connecticut,Fiji,2021-09-09
C005354,Diana,Ayala,Male,tammyalvarado@example.com,Port Brittany,New York,Azerbaijan,2022-07-11
C005355,Lisa,Allison,Female,gerald13@example.net,Douglasfort,Arkansas,Israel,2024-11-26
C005356,Kenneth,Contreras,Male,davidanderson@example.net,Yatesville,Nebraska,Saint Kitts and Nevis,2025-12-26
C005357,Brandon,Johnson,,lynn41@example.com,Lake Juan,Virginia,Rwanda,2025-01-13
C005358,Roy,Russell,,erobinson@example.org,Port Christopherton,Missouri,Cote d'Ivoire,2022-10-09
C005359,Sarah,Snyder,,mharvey@example.com,Patriciamouth,Minnesota,Italy,2022-12-20
C005360,Donna,Crawford,Male,zwalls@example.com,East Kevinhaven,Connecticut,India,2026-02-25
C005361,Kathy,Mueller,Female,regina32@example.com,East Daniel,Vermont,Equatorial Guinea,2025-04-13
C005362,James,Taylor,Female,jennifer42@example.org,Raymondtown,Alaska,Finland,2024-06-05
C005363,James,Blackburn,,copelandmatthew@example.net,Port Christineside,Illinois,Jamaica,2023-05-25
C005364,Kathryn,Ross,,morriselizabeth@example.net,South Robert,Indiana,Niger,2023-11-08
C005365,Karen,Johnson,,nmooney@example.com,North Amyfort,Minnesota,Argentina,2026-05-30
C005366,Brittany,Brown,Male,yolandanelson@example.com,East Reneeview,Arizona,Brunei Darussalam,2025-03-12
C005367,Cathy,Evans,Female,haleywilliams@example.net,Brendatown,Illinois,Somalia,2022-01-24
C005368,Laura,Wolfe,Male,wardrenee@example.com,Ashleyburgh,Louisiana,Bangladesh,2024-08-09
C005369,Scott,Hamilton,,marcus36@example.org,New Christopherfort,Wyoming,Afghanistan,2022-08-03
C005370,Amy,Lambert,,heatherharris@example.org,Jonesport,Louisiana,Sweden,2025-01-16
C005371,Cindy,Harrison,Male,madelinepena@example.com,West Maryside,Delaware,Tunisia,2021-11-18
C005372,Michelle,Heath,,ltran@example.com,North Tristanfort,Alabama,China,2022-03-06
C005373,Jason,Wall,Female,michael35@example.com,Mcintoshbury,Colorado,Congo,2024-11-20
C005374,Edwin,Harris,,cordovapriscilla@example.org,Jamesfurt,Missouri,Qatar,2023-07-05
C005375,Maria,Rodriguez,Female,sandratrujillo@example.org,West Jeremyview,Kentucky,American Samoa,2025-05-20
C005376,Aaron,Franco,,robert12@example.org,Jenniferside,Louisiana,Nepal,2024-05-10
C005377,Jonathan,Hayes,Male,christinecoleman@example.org,South Kennethville,Illinois,Thailand,2024-12-28
C005378,Mike,Clark,,stephaniekerr@example.com,Port Scottville,North Carolina,Antarctica (the territory South of 60 deg S),2024-12-07
C005379,Shane,Bailey,,amanda55@example.com,New Ronald,West Virginia,United States of America,2026-02-08
C005380,Lisa,Davis,Male,patriciafrazier@example.net,Lynchmouth,Alabama,Lesotho,2025-08-17
C005381,Bobby,Rojas,,olsondavid@example.com,Paulbury,Missouri,Japan,2023-08-02
C005382,James,Durham,Male,katherineyang@example.net,Lake April,Kansas,Costa Rica,2024-04-16
C005383,Stephen,Parker,Male,wilsonchristopher@example.org,Jamesstad,Rhode Island,Sweden,2025-07-23
C005384,James,Williamson,Female,evan72@example.net,Port Amanda,North Carolina,British Indian Ocean Territory (Chagos Archipelago),2025-05-29
C005385,Nicole,Richardson,,dsmith@example.org,Campbellmouth,New Jersey,United States Virgin Islands,2021-08-29
C005386,Juan,Miller,,matthewmills@example.org,West Michelle,Maine,Vanuatu,2022-03-21
C005387,Pamela,Hampton,,tpayne@example.org,New Lauren,Texas,Switzerland,2025-08-25
C005388,Lauren,Price,Female,bgraves@example.org,East Christine,Rhode Island,Burundi,2024-06-29
C005389,Thomas,Hale,,yramirez@example.com,Roberttown,Illinois,Panama,2022-03-05
C005390,Cynthia,Glass,Female,ygordon@example.com,South Carla,Rhode Island,Turkey,2023-02-13
C005391,Zachary,Weiss,Female,catherinegutierrez@example.com,Aprilberg,New Jersey,Lithuania,2022-03-11
C005392,Jessica,Bailey,,lynndavid@example.net,Danielbury,Montana,French Southern Territories,2023-02-12
C005393,Sean,Martin,,wilsonwayne@example.com,Bradleyville,Kentucky,Kiribati,2025-06-18
C005394,Aaron,Thompson,Male,christophervargas@example.com,South Debrastad,North Carolina,Togo,2024-04-18
C005395,Felicia,Black,Female,rose27@example.org,West Michaelland,Idaho,Vanuatu,2024-04-12
C005396,Sara,Cunningham,Female,martincynthia@example.net,Orrport,New Hampshire,Venezuela,2023-06-09
C005397,Rodney,Barber,Female,petermartinez@example.net,Port Kimberly,Alaska,Gabon,2023-11-11
C005398,Jenna,Lee,Female,pgallagher@example.net,West Andrew,North Carolina,Colombia,2022-02-13
C005399,Stephanie,Smith,Female,tiffanyriggs@example.net,Port Johnmouth,South Carolina,Panama,2023-03-22
C005400,Cindy,Mathews,Male,swalters@example.com,Edwardton,Mississippi,Guyana,2024-02-06
C005401,Steven,Hall,Male,caitlin99@example.net,Kimberlystad,Hawaii,Thailand,2022-05-31
C005402,Eric,Gonzales,Female,whitecrystal@example.net,Michaelmouth,Massachusetts,Tajikistan,2022-12-28
C005403,Eric,Johnson,,jessica87@example.org,East Carolineshire,Montana,Kiribati,2022-10-04
C005404,Denise,Lowe,,stephenanthony@example.com,East Jamie,Alabama,Niue,2021-12-08
C005405,Christopher,Hester,,tammy57@example.com,East Caitlin,Mississippi,Pakistan,2025-09-20
C005406,Phillip,Gutierrez,,hutchinsonhannah@example.net,Nelsonside,West Virginia,Honduras,2022-08-04
C005407,Justin,Henry,Female,dawnlewis@example.com,Port Zachary,Texas,Romania,2021-11-01
C005408,Paul,Dixon,,beckermatthew@example.net,Rebeccatown,Michigan,Czech Republic,2026-05-28
C005409,Carl,Sims,,urivera@example.org,New Willie,New Mexico,Iceland,2025-03-27
C005410,Sean,Murray,Female,pbrown@example.com,North Kathrynside,Oklahoma,China,2025-08-03
C005411,Shannon,Pittman,,christopher19@example.net,Emilyshire,New Hampshire,Eritrea,2023-04-05
C005412,Megan,Mcneil,,rwilliams@example.net,Brentfort,Texas,Barbados,2024-10-07
C005413,Erin,Perez,,tammy11@example.com,Connieburgh,Kentucky,Norfolk Island,2021-09-18
C005414,Derrick,Gonzales,,briancox@example.org,East Sandyhaven,Tennessee,Uganda,2022-09-16
C005415,Michael,Rodriguez,Male,uwalsh@example.net,West Lindaberg,Wisconsin,Tonga,2022-08-04
C005416,Mark,Carrillo,Male,zjohnson@example.com,Lake Michelefort,Wyoming,Hungary,2023-06-25
C005417,Taylor,Sandoval,Male,cruzalejandro@example.org,Jenniferton,Virginia,Italy,2023-01-06
C005418,Michael,Davis,,gregoryblair@example.org,Lake Kellyview,Arizona,Korea,2024-09-01
C005419,Joshua,Barr,,manuelgarcia@example.org,Port Kelly,Connecticut,Guernsey,2026-01-29
C005420,Michael,Moore,Female,jonessarah@example.org,Natalieville,Florida,Israel,2025-03-24
C005421,Ashley,Marks,,swood@example.org,Sophiaburgh,New Mexico,Dominican Republic,2024-04-01
C005422,Melissa,Barber,Female,ifrench@example.com,Johnsonchester,South Carolina,Ethiopia,2023-03-11
C005423,Richard,Soto,,scott93@example.org,Travisshire,Nevada,Greenland,2024-05-23
C005424,Henry,Chen,Male,monica94@example.net,North Steven,Vermont,Micronesia,2023-02-10
C005425,Shawn,Rivas,,john02@example.org,South Lisafort,Delaware,Turkey,2026-07-19
C005426,Kyle,Hughes,,samantha02@example.net,Smithland,California,Madagascar,2022-10-25
C005427,Ricky,Jensen,Male,johnsoncharles@example.net,Lake Deborahbury,New Mexico,Marshall Islands,2021-11-03
C005428,Daniel,Mitchell,,romerodawn@example.com,Jonathanbury,Wyoming,Tajikistan,2024-12-07
C005429,Michael,Harrison,,mcphersonrenee@example.org,Charlesland,Alabama,Montenegro,2022-12-05
C005430,Jessica,Shelton,,richardvillanueva@example.net,North Richard,Minnesota,Benin,2023-01-25
C005431,Ryan,Becker,,hornadam@example.net,Mayport,West Virginia,Solomon Islands,2022-02-06
C005432,John,Mosley,Female,ernesthunter@example.com,Mccormickborough,Colorado,Tajikistan,2025-05-06
C005433,Anne,Kelly,,bowenjennifer@example.com,East Steven,Virginia,Thailand,2021-12-04
C005434,Emma,Lawson,Male,youngsusan@example.com,North Connor,Hawaii,Svalbard & Jan Mayen Islands,2025-09-25
C005435,Hannah,Lee,Female,uterrell@example.net,East Mark,Ohio,Germany,2022-02-19
C005436,Victoria,Contreras,,autumn00@example.com,Sandrachester,New Mexico,Burkina Faso,2022-09-14
C005437,Stephen,Dean,Female,garciatanya@example.org,Port Sarahton,New Hampshire,Honduras,2025-11-04
C005438,Kathryn,Johnson,,patricia87@example.org,Douglasbury,Vermont,Kazakhstan,2026-02-10
C005439,Richard,Moran,,pmendoza@example.org,Pamelashire,Montana,Hong Kong,2021-09-18
C005440,Lori,Tucker,,thompsoncynthia@example.org,Combsborough,Oklahoma,Antarctica (the territory South of 60 deg S),2023-05-16
C005441,Darryl,Moore,,vphelps@example.com,New Patrick,Missouri,Mali,2024-09-20
C005442,Haley,Woods,Female,gary90@example.net,Georgeside,Massachusetts,Saint Vincent and the Grenadines,2024-12-30
C005443,Kelly,Colon,,hosborn@example.net,Sharonbury,Georgia,Barbados,2024-09-07
C005444,Emily,Hess,,jacobjohnson@example.com,Davidfort,Rhode Island,Greece,2026-07-18
C005445,Kevin,Vazquez,,robert50@example.com,Robertview,Alaska,Togo,2025-06-11
C005446,Gail,Todd,Female,wendy16@example.org,South Jennyfurt,Wyoming,Sao Tome and Principe,2023-01-02
C005447,Cody,Brown,Female,walkerscott@example.org,Tiffanymouth,Louisiana,South Georgia and the South Sandwich Islands,2022-03-11
C005448,David,Browning,Male,rlara@example.com,West Monicahaven,Alaska,Puerto Rico,2025-09-22
C005449,Katie,Barnes,,goodwinjennifer@example.net,Lake Tylerhaven,North Carolina,Macao,2021-08-16
C005450,Lisa,Hill,Male,woodsjimmy@example.net,Pittsberg,Georgia,Hong Kong,2025-09-27
C005451,Rodney,Kaiser,Male,ogalvan@example.com,Pamelahaven,Vermont,Solomon Islands,2023-10-01
C005452,Bryan,Doyle,Female,williamsnathan@example.net,Katherineshire,California,Rwanda,2023-01-09
C005453,Paul,Jones,Male,lfrench@example.org,East Scottmouth,Georgia,Iraq,2022-01-11
C005454,David,Barnes,Male,waderussell@example.org,Taylortown,California,Sierra Leone,2023-10-02
C005455,Amber,Walter,,steven33@example.org,Angelashire,Virginia,Ireland,2022-08-11
C005456,Angela,Davis,Male,cameronkevin@example.org,Johnsstad,Tennessee,Uruguay,2023-07-10
C005457,Darin,Cook,Male,adrianhawkins@example.org,Schwartzburgh,Maine,Afghanistan,2022-12-20
C005458,Roy,Davis,Female,johnsontanya@example.net,New Michaelhaven,California,Somalia,2023-06-12
C005459,Allison,Harris,Male,audreyweaver@example.com,South Vicki,Wyoming,Bouvet Island (Bouvetoya),2023-01-23
C005460,Andre,Jones,Female,hoffmanangie@example.org,Port Steven,Wisconsin,Rwanda,2022-07-31
C005461,Debbie,Thompson,,mitchellkatherine@example.net,Goldenhaven,Rhode Island,Philippines,2021-12-18
C005462,Larry,Murphy,Female,carlmiller@example.net,Port Linda,Ohio,Korea,2022-08-07
C005463,Brandon,Hughes,Male,debramontoya@example.net,Guzmanstad,New Jersey,Denmark,2023-11-28
C005464,Tara,Richardson,Male,dawn08@example.net,Mitchellton,New Mexico,Brunei Darussalam,2026-05-30
C005465,Matthew,Mooney,,leepaul@example.net,Heatherborough,Kansas,Wallis and Futuna,2021-09-06
C005466,Brittney,Lin,Female,jessica52@example.net,Port Nicholas,Maine,Tonga,2024-09-03
C005467,Jonathan,Martinez,Male,whitney14@example.org,Port Philip,Illinois,Cameroon,2023-04-28
C005468,Leslie,Schroeder,,youngjessica@example.net,North Michael,Connecticut,Sri Lanka,2026-01-18
C005469,Rachel,Rodriguez,Male,lambertholly@example.com,East Heather,Nebraska,Latvia,2025-02-24
C005470,Christine,Hunt,Female,landryjudith@example.com,Lake Sandra,California,Suriname,2022-02-25
C005471,Dale,Willis,Female,elainewilliams@example.com,East Jamie,Rhode Island,Palau,2025-09-06
C005472,Jacob,Trujillo,Male,mccoycatherine@example.com,East Andrewhaven,Georgia,Monaco,2024-05-21
C005473,Diane,Beck,,gardnerjoseph@example.org,Sandrahaven,Nebraska,Christmas Island,2026-06-28
C005474,John,Bender,,coxamy@example.com,Hopkinsshire,Nevada,Macao,2021-09-30
C005475,Ricky,Simpson,,whitejustin@example.com,Ericborough,Tennessee,Guatemala,2026-03-30
C005476,Alyssa,Mercer,,rnelson@example.org,Lake Kendra,Alaska,Turkmenistan,2022-04-17
C005477,Billy,Washington,Male,jonathan22@example.net,Angelaside,Arizona,Bermuda,2023-01-27
C005478,Paul,Ray,,mallorylee@example.net,West Paulafurt,Minnesota,Serbia,2024-02-11
C005479,Robert,Warren,,nelsonkimberly@example.com,Paigeview,Massachusetts,Dominican Republic,2023-09-03
C005480,Ashley,Stephenson,,denisejackson@example.com,East Jorge,Utah,Kenya,2021-11-09
C005481,Elizabeth,Jones,Female,lhoward@example.com,Trujilloport,Maryland,Palestinian Territory,2023-09-08
C005482,Nathaniel,Contreras,Male,warrencatherine@example.net,Thomaston,New Mexico,Aruba,2023-06-27
C005483,Cody,Melton,,garrettlewis@example.net,Patriciashire,Nebraska,Algeria,2023-06-14
C005484,Michael,Cook,,glenn95@example.org,Keithchester,Alaska,Spain,2025-03-29
C005485,Amanda,Cain,Female,amanda61@example.net,South Justinmouth,West Virginia,Germany,2023-10-10
C005486,Alexandra,Anderson,,laurageorge@example.net,Lake Barryhaven,Pennsylvania,Palestinian Territory,2023-12-13
C005487,Shelley,Young,,walkermichael@example.net,South Taylorchester,New Hampshire,Sudan,2026-04-26
C005488,Jason,Evans,Male,knightevelyn@example.org,Matthewtown,Delaware,Puerto Rico,2026-06-10
C005489,Lydia,Clark,Female,michelle31@example.com,Lake Tommy,Maine,Nigeria,2026-04-11
C005490,Heather,Davis,Female,jimmy40@example.org,Klineton,Delaware,Greenland,2025-04-17
C005491,Megan,Coffey,Female,patrickorr@example.org,North Seanhaven,Virginia,Niue,2026-02-24
C005492,Terry,Robertson,,robert05@example.com,North Kara,Colorado,Bermuda,2024-02-28
C005493,Philip,Dixon,Female,omartin@example.net,Brandonhaven,Ohio,Bermuda,2022-12-24
C005494,Samuel,Moran,,daniel18@example.net,South Christopher,Minnesota,Zimbabwe,2026-01-28
C005495,Kaitlin,Garcia,Male,karenlawrence@example.net,Lake Amanda,Wisconsin,Burundi,2023-11-26
C005496,Holly,Nelson,Male,ryan57@example.net,New Laurenhaven,Montana,Northern Mariana Islands,2024-04-02
C005497,James,Ewing,,dsanford@example.com,Stevenport,Vermont,Somalia,2023-10-20
C005498,Shane,Bentley,Female,mlarson@example.org,South Charlesbury,Illinois,Jamaica,2023-10-13
C005499,Dakota,Thomas,Male,riverajoseph@example.org,South John,Utah,Nauru,2023-10-29
C005500,Elizabeth,Ayers,,erica45@example.net,Millerfurt,Louisiana,Congo,2022-04-27
C005501,Micheal,Walton,Female,rossdavid@example.net,Hayesmouth,Kentucky,Saint Helena,2026-07-15
C005502,Justin,Cameron,Male,edward09@example.net,Garzahaven,North Dakota,Grenada,2023-11-11
C005503,Jennifer,Jones,,qmoran@example.com,Armstrongshire,Oregon,Saint Vincent and the Grenadines,2022-07-03
C005504,Sandra,Nunez,,paulespinoza@example.net,Perkinston,Virginia,Thailand,2024-05-26
C005505,Jill,Walls,,lisaporter@example.net,Lake John,California,Turkmenistan,2021-08-19
C005506,Rebecca,Lopez,,juanhunter@example.org,New Matthewberg,Virginia,Romania,2023-06-17
C005507,Kimberly,Olson,Female,sara63@example.net,East Shari,West Virginia,Greenland,2021-09-05
C005508,Kevin,Reyes,,vincent80@example.com,Joseport,Idaho,Albania,2021-09-15
C005509,Amanda,Hudson,,jeffreyyates@example.org,Glennville,Maine,Tonga,2022-06-11
C005510,Jean,Lee,,mccormickjohn@example.net,Clineburgh,Texas,Faroe Islands,2024-08-08
C005511,Amanda,Delacruz,,pattonlaura@example.com,Stewartbury,North Dakota,Poland,2026-01-06
C005512,Jesus,Marshall,Male,thompsonedward@example.com,North Madison,Massachusetts,South Africa,2024-06-01
C005513,Amy,Galvan,,patrick22@example.org,Tylerton,Iowa,Chile,2024-10-08
C005514,Wendy,Miller,Male,stevenwalter@example.org,South Amandatown,South Carolina,Poland,2023-08-12
C005515,Valerie,Hernandez,Female,annrosales@example.com,Benjaminshire,Illinois,China,2025-06-19
C005516,Michelle,Smith,Female,dominiquesolis@example.com,Erinshire,Delaware,Cyprus,2021-10-06
C005517,Patrick,Garcia,Male,louis70@example.com,New Jacobview,Alabama,Sudan,2025-05-02
C005518,Patrick,Rowland,,mary18@example.org,East Karl,Iowa,Paraguay,2025-02-16
C005519,Frederick,Quinn,Male,bryan02@example.org,East Natalie,Hawaii,Saint Helena,2026-06-05
C005520,Lisa,Robinson,Male,sarafernandez@example.net,West Tinafort,Iowa,Ghana,2021-09-30
C005521,Derrick,Reeves,Male,longchristopher@example.net,New Mackenzieshire,Michigan,Czech Republic,2024-12-24
C005522,Tamara,Smith,,tshaw@example.net,Port Michelle,Texas,Mauritius,2022-01-04
C005523,Kelly,Delgado,,cynthiapittman@example.net,Gwendolynville,South Carolina,Togo,2024-06-03
C005524,Sherry,French,Male,washingtonjohn@example.net,New Lisaville,Connecticut,Guernsey,2022-12-12
C005525,Sandra,Dennis,Female,dvazquez@example.org,Danieltown,Maryland,Peru,2026-06-16
C005526,Lisa,Boyd,Male,russellelizabeth@example.com,Lake Connie,South Dakota,Anguilla,2024-08-24
C005527,Jacob,Thompson,Female,xlee@example.com,Lake Hannah,Oregon,Costa Rica,2024-08-13
C005528,David,Andersen,Female,brettlutz@example.com,Bellmouth,South Carolina,Saint Barthelemy,2022-01-14
C005529,Kathleen,Wallace,,englishdouglas@example.net,Lindatown,Connecticut,Denmark,2021-09-03
C005530,Tiffany,Hayes,Female,lauren32@example.com,Shaffermouth,Texas,Congo,2021-08-24
C005531,Angela,Delacruz,Male,bmaynard@example.org,Port Bruce,Utah,Zimbabwe,2026-01-05
C005532,Lori,Thomas,Male,keith40@example.org,Christensenchester,Missouri,Solomon Islands,2026-06-22
C005533,Diane,Flores,,garcialaura@example.net,East Matthew,Ohio,Estonia,2024-02-28
C005534,Cindy,Smith,Female,robertsmaria@example.net,Lake Scott,California,Finland,2026-01-25
C005535,Theresa,Peterson,Male,xturner@example.com,Port Timothyshire,Delaware,Chile,2023-07-27
C005536,William,Edwards,Female,jeffreybest@example.com,East Amy,Indiana,Angola,2024-08-16
C005537,Devon,Guzman,Female,jasonwilliams@example.net,Port Sherri,North Carolina,Guam,2025-01-02
C005538,Bradley,Cox,,matthew80@example.org,Jonathanmouth,Ohio,Sri Lanka,2023-05-11
C005539,Michael,Jensen,Male,christian74@example.net,Port Catherine,Minnesota,Western Sahara,2021-09-27
C005540,Vanessa,Phillips,Male,michelle92@example.net,New Nathanmouth,Mississippi,Faroe Islands,2026-04-09
C005541,Christopher,Webster,Male,charlesgarcia@example.com,Sarahshire,Maine,United Kingdom,2022-12-01
C005542,David,Franco,Female,donaldreid@example.com,Fritzport,Georgia,Kazakhstan,2026-04-27
C005543,Rebecca,Wu,,afigueroa@example.com,Madisonmouth,Alaska,Montenegro,2026-05-25
C005544,Molly,Compton,Male,emckinney@example.com,New Angela,Hawaii,Madagascar,2024-12-01
C005545,Bryan,Bright,,jennifer92@example.com,East Danielhaven,Pennsylvania,Saint Lucia,2025-12-11
C005546,Patrick,Sanchez,,nixonryan@example.com,Mariastad,Missouri,Czech Republic,2026-01-08
C005547,Ronald,Walker,,donovankenneth@example.net,East Luis,Arizona,Belgium,2023-04-23
C005548,Lynn,Smith,Female,mary56@example.net,Melindaview,Missouri,Saint Lucia,2026-02-11
C005549,Whitney,Peterson,Female,hannahlee@example.net,Burnettstad,Wisconsin,Lebanon,2025-12-01
C005550,Jose,Garcia,,bmartinez@example.com,Mcdanielmouth,New Jersey,Iran,2023-02-12
C005551,Raymond,Sanchez,,matthew61@example.com,North Brianshire,Nebraska,Kuwait,2024-06-02
C005552,Carol,Gilbert,Female,juanrichards@example.com,East Larry,Illinois,Jamaica,2024-07-27
C005553,George,Kerr,Male,cooperjacob@example.net,South Carmen,Maine,Kenya,2023-10-21
C005554,Keith,Porter,,jeffreywright@example.net,North Brianfort,Ohio,Western Sahara,2023-09-10
C005555,Patrick,Vega,Female,jason50@example.org,Sarahville,Nevada,Peru,2025-04-07
C005556,Elizabeth,Cox,,cheryl80@example.net,Rodriguezport,Missouri,Gabon,2024-05-03
C005557,Melissa,Bennett,Male,melissa64@example.com,East Melissaborough,Texas,Chile,2025-12-22
C005558,David,Deleon,Male,fwhite@example.org,North Stephen,Nebraska,Iceland,2025-04-22
C005559,Matthew,Graham,,mhall@example.org,Durhamton,New York,United Kingdom,2022-05-12
C005560,Erin,Todd,Male,robertmarquez@example.com,West Stephenchester,Nebraska,Guinea,2025-01-11
C005561,Julia,Frye,,butleranthony@example.org,South Daniel,Virginia,Palestinian Territory,2025-04-09
C005562,David,Gonzalez,Male,lisa57@example.org,Hannahland,New Jersey,Jersey,2022-12-02
C005563,Jennifer,White,Female,turneralicia@example.org,New Caitlinmouth,Tennessee,Lesotho,2024-02-17
C005564,Chad,Hoffman,,apriljuarez@example.com,East Crystalville,Minnesota,India,2025-05-22
C005565,Tara,Smith,,malloryholland@example.net,New Kimberlyland,Rhode Island,Mauritania,2022-07-25
C005566,Erica,Brown,Female,tnorris@example.net,Robertshire,Colorado,Bahrain,2021-10-12
C005567,James,Acevedo,Male,hbaxter@example.com,New Heather,Wisconsin,Antarctica (the territory South of 60 deg S),2026-03-27
C005568,Brian,Phillips,Female,connor61@example.com,Fieldsville,Illinois,South Georgia and the South Sandwich Islands,2021-08-01
C005569,James,Mitchell,Male,james61@example.net,West Kristentown,North Carolina,Monaco,2026-02-26
C005570,Leonard,Delgado,Male,wendy98@example.net,Wardview,Washington,Thailand,2021-10-31
C005571,Kevin,Lawrence,,njones@example.net,South Ashley,Iowa,Guadeloupe,2024-11-30
C005572,Katelyn,Poole,Female,matthew89@example.org,Michelemouth,Illinois,Pakistan,2021-11-16
C005573,David,Francis,Female,david14@example.net,Lauramouth,South Dakota,Maldives,2022-06-02
C005574,Kenneth,Quinn,Female,bcoleman@example.org,West Danielhaven,Colorado,Isle of Man,2022-07-17
C005575,Samuel,Richards,Female,natashamcpherson@example.org,Port Sara,Oklahoma,Syrian Arab Republic,2023-04-30
C005576,Andrea,Wright,Male,seth01@example.com,Port Janiceview,Indiana,British Indian Ocean Territory (Chagos Archipelago),2026-07-18
C005577,Ross,Lynch,,jessicasullivan@example.org,West Lisa,Kansas,Heard Island and McDonald Islands,2026-05-12
C005578,Christopher,Hogan,,prestonmarcus@example.com,Port Casey,South Dakota,Martinique,2023-09-10
C005579,Noah,Lopez,Female,ymiranda@example.net,Johnsonview,Mississippi,Iran,2023-02-11
C005580,Grace,Gilmore,,pamelalowe@example.org,Sandersshire,Vermont,Azerbaijan,2023-12-15
C005581,Alexis,Choi,,kwilliams@example.com,Torresbury,Tennessee,United States Minor Outlying Islands,2023-03-07
C005582,Lindsey,Mack,Male,michael71@example.com,Port Michaelchester,Indiana,Ecuador,2023-07-07
C005583,Ricky,Rosario,Male,christensenemily@example.org,East Chad,Illinois,Angola,2022-09-15
C005584,Raymond,Moore,,scott08@example.org,Wheelerton,Illinois,Guam,2021-09-16
C005585,Jenny,Nelson,Female,bradleythomas@example.net,Jessicatown,Louisiana,Burkina Faso,2023-01-10
C005586,Sherry,Rivera,Female,fullerdonna@example.net,New Ernest,California,Turkey,2023-02-16
C005587,John,Bennett,Male,allison33@example.net,Paulfort,Nevada,Venezuela,2025-03-30
C005588,Amanda,Gilbert,,riddlejodi@example.org,Smithhaven,New Hampshire,South Africa,2024-01-14
C005589,Melanie,Sweeney,,jesse50@example.net,West Emily,Alaska,Finland,2022-11-23
C005590,Jessica,Rogers,,jon83@example.com,Fullerburgh,Connecticut,Australia,2024-06-22
C005591,Jesus,Stephens,Male,kimberly79@example.net,Julieshire,North Carolina,Djibouti,2021-08-07
C005592,David,Hodges,Male,icarson@example.org,Richardsonbury,Oregon,Denmark,2024-11-12
C005593,Jessica,Tran,,katie76@example.org,Port Katherineview,Idaho,Lesotho,2021-10-06
C005594,Zachary,Guzman,Female,vchristensen@example.com,Crystalborough,Wisconsin,Malaysia,2024-10-17
C005595,Alan,Simon,Female,sarahjenkins@example.com,Tylerland,Vermont,Iceland,2024-01-17
C005596,Billy,Norman,Male,zpearson@example.net,West Crystalport,Kentucky,Guernsey,2025-07-03
C005597,Brenda,Wood,Female,sherylcarpenter@example.com,New Shanemouth,Oregon,China,2022-01-18
C005598,William,Harris,Female,reedpamela@example.com,Aguirreview,Missouri,Bahrain,2024-04-25
C005599,Joshua,Miller,,jessica14@example.org,Mcculloughmouth,Wisconsin,Georgia,2026-05-23
C005600,Kellie,Love,,murphyrobert@example.org,Strongview,Nevada,Cuba,2026-03-24
C005601,Anthony,Mcmillan,Female,rebecca78@example.net,Rogersbury,Michigan,Liberia,2024-04-28
C005602,Robert,Stevens,Male,ronaldmaxwell@example.org,Port Colin,South Dakota,Philippines,2025-02-24
C005603,Joshua,Hoffman,,howardjoshua@example.net,Rachelville,Ohio,Philippines,2023-04-22
C005604,Carly,Jenkins,Female,hannahcastillo@example.com,Port Maria,Ohio,Namibia,2024-09-21
C005605,William,Moon,,xrodriguez@example.net,Smithburgh,Illinois,Czech Republic,2025-01-07
C005606,William,Hill,,edwinhenry@example.org,West James,Wisconsin,Liechtenstein,2026-03-08
C005607,Susan,Paul,Female,garciadennis@example.net,Ellisonmouth,California,Macao,2023-05-29
C005608,David,Santiago,Female,halexander@example.com,North Hailey,South Carolina,Congo,2024-03-08
C005609,Brittney,Morales,Male,zdixon@example.org,New Julieland,Oregon,Chad,2024-05-11
C005610,Gina,Ramirez,Female,benjamin26@example.net,Lake Williambury,Michigan,Panama,2024-05-05
C005611,Jessica,Francis,,ocampbell@example.org,Debbieton,Wyoming,Malawi,2025-07-15
C005612,Kimberly,Dunn,Male,melanieevans@example.com,Sandraburgh,North Carolina,Lithuania,2023-07-06
C005613,Taylor,Morgan,Female,wstewart@example.net,Ortizhaven,California,Georgia,2026-06-01
C005614,Yvette,Lewis,,emilyvelasquez@example.org,South James,Idaho,Indonesia,2024-11-10
C005615,Mary,Meyer,Male,kyle89@example.org,North Abigail,Florida,South Africa,2023-11-27
C005616,Michael,Perkins,Male,christopheralvarez@example.net,Montoyaview,Virginia,Falkland Islands (Malvinas),2025-02-14
C005617,Margaret,Martin,Male,kmiller@example.org,Eddiehaven,New Hampshire,Antarctica (the territory South of 60 deg S),2021-09-29
C005618,Bailey,Bennett,,ronald52@example.org,Port Edward,Montana,Cape Verde,2022-10-30
C005619,Jeffery,Perry,,marycisneros@example.net,South Robertstad,Kentucky,Haiti,2026-02-25
C005620,Nicole,Spears,Male,dpatton@example.org,Maddoxmouth,Arkansas,Bangladesh,2025-09-10
C005621,Ashlee,Melendez,,teresa57@example.com,New Nicole,Washington,Bulgaria,2026-06-26
C005622,Kimberly,Chavez,Male,gwendolyn71@example.org,Hollandland,Utah,Portugal,2025-12-11
C005623,Angela,Nash,Male,swilliamson@example.org,Wilkinsonside,Colorado,Macao,2024-05-14
C005624,Laurie,Moon,,wardbrittany@example.org,Taylorborough,New Jersey,Maldives,2022-11-26
C005625,Wesley,Ford,,thomas56@example.org,North Stephanietown,Kentucky,United Kingdom,2024-01-02
C005626,Kristen,Mccormick,Male,bradley56@example.net,Lindaton,Arkansas,Congo,2026-01-27
C005627,Sandra,Oneal,,egamble@example.com,Bradfordshire,Colorado,Austria,2022-04-10
C005628,Michelle,Schultz,Female,jeffflynn@example.net,South Tricia,Nevada,Burundi,2026-01-27
C005629,Daniel,Dillon,Male,thomas12@example.com,Lake Mitchellchester,Virginia,Reunion,2026-02-06
C005630,Eric,Weber,Male,khughes@example.org,Andersonville,Iowa,French Guiana,2022-04-10
C005631,Cristian,Baldwin,,bkim@example.org,Keyhaven,Delaware,Belgium,2024-04-27
C005632,James,Chapman,,james91@example.org,Saraburgh,Utah,Japan,2022-10-25
C005633,Rebekah,Gross,,hwarren@example.net,West Mark,South Carolina,Uganda,2022-03-10
C005634,Abigail,Ferguson,Female,jasonmartinez@example.com,East Kathleen,Oklahoma,Maldives,2022-05-10
C005635,Kathryn,Montgomery,,fflores@example.org,Williamsmouth,Maine,Sri Lanka,2022-12-22
C005636,Laura,Rogers,Male,tom53@example.org,Tinaborough,Nebraska,Syrian Arab Republic,2024-08-30
C005637,Lisa,Johnson,,jennyevans@example.net,West Emilytown,Vermont,Latvia,2025-11-22
C005638,Thomas,Arnold,,wsimpson@example.net,Lake Patrick,Alabama,Afghanistan,2022-12-12
C005639,Kimberly,Edwards,Male,matthew94@example.org,Hensleybury,New Jersey,Croatia,2023-11-03
C005640,Gabriel,Sanders,Male,james24@example.com,Ashleyfort,Washington,Zambia,2022-03-02
C005641,Samantha,Gray,Female,shari43@example.com,North Brian,Connecticut,Singapore,2022-04-14
C005642,Michael,Drake,,joe40@example.org,Pruitthaven,Oregon,Guinea,2022-09-30
C005643,Wendy,Mccarthy,Female,bjohnson@example.net,Austinborough,New York,Ethiopia,2024-05-03
C005644,Philip,Porter,Male,rosswalker@example.com,Franklinview,Montana,Bangladesh,2021-08-06
C005645,Jennifer,Duncan,Male,danielvelez@example.com,Kimberlyport,Alaska,Greece,2021-10-03
C005646,Jodi,Norris,Male,cookjoshua@example.org,Juarezbury,Michigan,Italy,2024-09-25
C005647,Wendy,Murray,Male,macdonaldcharles@example.net,Benjaminville,New York,Sri Lanka,2022-02-02
C005648,Sharon,Fuller,Male,scotthawkins@example.org,Webbview,Alabama,Moldova,2024-08-22
C005649,Alice,Wells,Female,ncox@example.org,West Joanport,Massachusetts,Western Sahara,2026-07-03
C005650,Caleb,Evans,,hannahlawrence@example.org,South Megan,New Jersey,Afghanistan,2021-10-08
C005651,Spencer,Allison,Male,iarnold@example.net,Crossfort,Connecticut,Namibia,2024-12-08
C005652,Amber,Stevens,,cynthiajennings@example.org,Petersonstad,New Mexico,Switzerland,2024-04-24
C005653,Margaret,Davis,Male,michele41@example.net,Port Adam,Washington,Tanzania,2024-08-31
C005654,Sarah,Martin,Female,lcarter@example.org,Curtisfort,Idaho,Nicaragua,2026-06-07
C005655,John,Deleon,Female,jennifer02@example.net,New Richard,Washington,Sao Tome and Principe,2024-02-14
C005656,Adam,Graham,Female,marthacannon@example.org,North Michael,South Dakota,Tuvalu,2022-05-16
C005657,Julia,Stewart,Female,gravesscott@example.org,West Taylor,Illinois,Jamaica,2022-09-26
C005658,Robert,Rodriguez,,andrevaughn@example.org,Devonton,Arizona,Bangladesh,2024-09-28
C005659,Amber,Rodriguez,Female,samanthasanchez@example.org,Lewishaven,Oklahoma,Palestinian Territory,2021-11-14
C005660,Mallory,Soto,Female,christopherbaker@example.org,Bellberg,Connecticut,Bahamas,2021-12-14
C005661,Scott,Fowler,Female,gregory05@example.net,North Briannashire,Colorado,Bangladesh,2024-08-09
C005662,Jennifer,Wilson,Male,dixonnathan@example.org,Lake Bryanmouth,Alaska,Papua New Guinea,2025-01-25
C005663,Daniel,Mckenzie,Female,brian11@example.org,Watersmouth,Arkansas,Mali,2022-06-22
C005664,Taylor,Williams,,chapmanjohn@example.org,Jensenville,Maine,Netherlands,2026-05-04
C005665,Trevor,Barry,Male,burkeanthony@example.com,West Davidfurt,Virginia,Mauritania,2024-01-28
C005666,Yvonne,French,,karen10@example.net,Angelaport,Ohio,Saint Kitts and Nevis,2022-10-06
C005667,Sarah,Jones,Male,taylorliu@example.com,West Sandra,New Mexico,Nicaragua,2026-06-21
C005668,Julia,Gomez,,feliciapugh@example.net,Thomastown,Wyoming,Senegal,2025-08-20
C005669,Melissa,English,,michaelfisher@example.net,Conradview,Arizona,Norfolk Island,2026-03-31
C005670,Elizabeth,Rose,,william11@example.net,Michaelfort,Colorado,Latvia,2026-06-23
C005671,Scott,Hayes,Male,bsimmons@example.org,Jonesfurt,Connecticut,Yemen,2021-09-25
C005672,Gerald,Juarez,,andrewclark@example.net,Jimfurt,North Dakota,Cambodia,2025-11-12
C005673,Cameron,Dean,,aherrera@example.net,Galvanside,Missouri,Tuvalu,2022-02-23
C005674,Nicole,Jacobs,Male,underwoodlouis@example.com,Murphyton,West Virginia,Kazakhstan,2023-01-20
C005675,Alicia,Green,,joel94@example.com,Mcgeeburgh,Montana,Iran,2022-06-09
C005676,Kelsey,Carlson,Male,cody81@example.net,New Nicole,Iowa,Comoros,2022-12-18
C005677,Jackie,Gilbert,Female,stacy55@example.org,South Steven,Utah,Korea,2022-01-04
C005678,Mike,Williamson,,zwilson@example.com,North Christopherville,Delaware,Ecuador,2025-09-04
C005679,Valerie,Bowers,Male,emason@example.net,Barrettmouth,Texas,Russian Federation,2024-03-10
C005680,Melanie,Martin,Female,brianbrown@example.com,Taylormouth,Oklahoma,French Southern Territories,2021-10-22
C005681,Lacey,Obrien,,chasesheryl@example.net,Anthonyview,Nebraska,Romania,2023-06-27
C005682,Ralph,Cook,Female,butlerashley@example.org,Joyceburgh,North Carolina,Mali,2025-05-29
C005683,Carla,Gonzalez,,anthony04@example.org,East Yvonneville,Nebraska,Philippines,2025-06-13
C005684,Dalton,West,Male,jamesjimenez@example.net,Juarezton,Oregon,Tanzania,2021-08-22
C005685,Rachel,Patrick,Female,kathleenwilson@example.net,West David,North Dakota,Japan,2022-12-23
C005686,Andrew,Rice,Female,brandon31@example.org,Cordovaport,Virginia,Faroe Islands,2025-10-05
C005687,David,Cooper,Female,nhoward@example.com,West Tammytown,Alabama,Liberia,2022-11-06
C005688,Zachary,Vance,Female,ryanthomas@example.org,East Austinville,Massachusetts,Sri Lanka,2022-04-13
C005689,Sharon,Thompson,,rhopkins@example.com,Armstrongfort,Massachusetts,Philippines,2023-11-17
C005690,Jessica,Wagner,Male,btaylor@example.org,Atkinsonmouth,Kansas,Jamaica,2023-04-13
C005691,Kristina,West,Female,bridget23@example.org,Danieltown,South Dakota,Moldova,2021-12-16
C005692,Trevor,Gonzalez,Male,markellis@example.net,New Haleychester,Nevada,Saint Helena,2022-02-12
C005693,Traci,Ward,,foxwilliam@example.org,Flowerstown,Nebraska,Bangladesh,2024-10-25
C005694,Shannon,Anderson,Male,matthew07@example.com,Ashleyville,Texas,Lesotho,2026-05-08
C005695,Erik,Hood,Male,dadams@example.net,West Sarah,Louisiana,Gambia,2022-08-08
C005696,Bryan,Tanner,,gwendolyn59@example.net,North Williammouth,Connecticut,Liechtenstein,2023-02-19
C005697,Samuel,Luna,Female,lawrenceperkins@example.org,New Rogerhaven,Illinois,Central African Republic,2021-11-14
C005698,Taylor,Cross,,smurphy@example.org,Smithville,Florida,India,2025-08-18
C005699,Brenda,Warren,Female,iwong@example.com,Russellbury,Maryland,Suriname,2024-03-29
C005700,Thomas,Becker,,daviscurtis@example.net,Andersonstad,Illinois,Belgium,2026-02-27
C005701,Robin,Webster,Male,gardnerdonald@example.com,Dennismouth,Delaware,Puerto Rico,2021-08-12
C005702,Alyssa,Ortiz,Female,ahoward@example.com,Antonioburgh,South Dakota,Rwanda,2025-09-21
C005703,Beth,Newman,,margaretadams@example.com,South Kevin,Nebraska,Lithuania,2026-06-13
C005704,Erik,Miller,,kevintran@example.com,Bowmanport,California,Gibraltar,2023-04-29
C005705,Maria,Zamora,,davidwright@example.org,East Brandifurt,North Dakota,United States Virgin Islands,2022-10-10
C005706,Brittany,Haynes,Female,jacksonlauren@example.org,Hamiltonburgh,Idaho,Singapore,2021-08-24
C005707,Lisa,Miller,Male,lewismichael@example.net,East Richard,North Dakota,Sao Tome and Principe,2025-11-09
C005708,Karl,Franklin,,troyharris@example.com,Ramirezfort,Illinois,Chile,2026-05-10
C005709,Martin,Wilson,,stephanie54@example.net,Fernandezfort,Hawaii,Korea,2025-01-01
C005710,Brad,Jones,Male,racheldavis@example.com,South Christophershire,Pennsylvania,Tajikistan,2025-09-25
C005711,Joseph,Lopez,Male,brandilewis@example.org,Trevortown,Maryland,Chad,2024-06-28
C005712,Diane,Watson,Male,sheila47@example.org,North Benjamin,Iowa,Benin,2023-06-25
C005713,Brad,Williams,Male,josephsanchez@example.net,Littlefurt,Vermont,Liberia,2026-05-28
C005714,James,Bentley,,beckypierce@example.net,Catherineton,Mississippi,Macao,2024-03-19
C005715,Shelly,Silva,,william46@example.com,North Michellehaven,Alabama,Tajikistan,2022-09-23
C005716,Joseph,Hayes,Female,hendersonkaren@example.net,New Laura,New York,Dominican Republic,2024-02-14
C005717,Anthony,Vazquez,,tyronesmith@example.net,Jacksonside,Mississippi,Argentina,2024-05-15
C005718,Derrick,Brown,,kristophercooper@example.com,Cherylmouth,South Carolina,Angola,2025-05-05
C005719,Thomas,Mccann,Male,bruce01@example.com,Michaelport,Pennsylvania,Papua New Guinea,2022-10-04
C005720,Shannon,Wilson,Female,hernandezthomas@example.com,North Marystad,Kansas,Congo,2026-05-13
C005721,Abigail,Harper,Male,dorothyallen@example.net,New David,Georgia,Swaziland,2022-10-08
C005722,Emily,Gross,,riossusan@example.com,North Kirstenview,Iowa,Sao Tome and Principe,2022-04-13
C005723,Franklin,Barrera,,jason37@example.com,Lake Crystalborough,Massachusetts,Honduras,2023-12-08
C005724,Dillon,Ramirez,,justinolson@example.org,South Justin,New Mexico,Canada,2024-01-28
C005725,John,Sanchez,Female,julie26@example.org,East Derek,Texas,Kiribati,2023-03-21
C005726,Craig,Santos,Male,allison44@example.net,Port Stephentown,South Carolina,Suriname,2025-08-04
C005727,Laurie,Dominguez,Female,higginsautumn@example.org,Jessicaberg,Louisiana,Bouvet Island (Bouvetoya),2025-08-18
C005728,George,Kim,,michaelmorrison@example.com,East William,North Carolina,Denmark,2022-04-24
C005729,Kathleen,Robinson,,ntate@example.net,Port Anthonyburgh,South Carolina,Djibouti,2023-08-09
C005730,Scott,Richardson,Male,hillmichael@example.com,Justinport,Georgia,Slovenia,2026-07-19
C005731,Rebecca,Ford,Male,tracypatterson@example.org,Port Jerry,Kentucky,Martinique,2022-08-19
C005732,Todd,Gomez,Male,olittle@example.com,Christopherborough,California,Botswana,2025-11-22
C005733,Theresa,Rivera,Male,thomassamantha@example.com,Sharonfurt,New Hampshire,United States Minor Outlying Islands,2023-04-30
C005734,Scott,Gomez,,nicholsontimothy@example.com,Lake Amberbury,Iowa,Djibouti,2023-05-25
C005735,Garrett,Chen,Female,matthew13@example.com,Danielton,Virginia,Saint Lucia,2022-10-12
C005736,Jorge,Miller,Male,scottunderwood@example.org,Lake Cynthiaberg,Florida,Antigua and Barbuda,2021-12-24
C005737,Sherri,Perez,Male,melissamccoy@example.org,Ryanside,Vermont,Samoa,2024-10-12
C005738,Robert,Smith,Male,nsmith@example.com,Amyside,Nebraska,Spain,2022-09-16
C005739,Brooke,Bishop,,bedwards@example.net,New Garyshire,Wisconsin,Greenland,2024-06-08
C005740,Suzanne,Miller,,andersonsharon@example.com,New Michelle,Massachusetts,American Samoa,2025-08-23
C005741,John,Peck,Male,james96@example.net,Melaniefurt,Illinois,Tunisia,2025-01-01
C005742,David,Terry,,anthonyjessica@example.org,Hoodborough,Illinois,Chile,2022-10-02
C005743,Hayley,Myers,Female,petersendoris@example.com,Parkerville,California,Guadeloupe,2022-01-12
C005744,Kaitlyn,Carter,,sandra59@example.org,New Robert,Mississippi,Vanuatu,2026-03-29
C005745,Thomas,Hernandez,,williamsalexis@example.com,Smithburgh,Hawaii,Israel,2021-10-07
C005746,Alexander,Rice,Male,michele39@example.org,Lake Valerie,South Carolina,Kuwait,2022-10-16
C005747,Nicole,Serrano,Female,jason88@example.net,North Kathryn,South Carolina,Romania,2021-08-09
C005748,Morgan,Fitzgerald,,wesleywhitaker@example.org,Lake Robert,Nevada,Antigua and Barbuda,2025-05-21
C005749,Andrew,Montes,Male,jhernandez@example.net,Lake Amanda,California,Brunei Darussalam,2025-10-19
C005750,Lisa,Davis,Female,rasmussenkatherine@example.org,Kaufmanfort,North Carolina,Gabon,2024-05-20
C005751,Erica,Campbell,Male,hollyperkins@example.net,Bassfurt,Nevada,Paraguay,2025-09-08
C005752,Curtis,Johnson,Male,matthew19@example.net,Donaldborough,Missouri,Greece,2025-04-14
C005753,John,Kennedy,,pamela72@example.net,Alexanderfurt,Georgia,Congo,2022-09-15
C005754,David,Waters,,benjamin44@example.com,North Tyler,Wyoming,South Africa,2026-04-18
C005755,Tina,Burgess,Female,victoriasmith@example.org,Millerhaven,New Mexico,Yemen,2025-04-18
C005756,Mandy,Reyes,Female,housejames@example.org,Port Olivia,Massachusetts,Liberia,2023-06-05
C005757,Jose,Allen,Female,carolwallace@example.org,Port Jasonhaven,South Carolina,Moldova,2024-04-17
C005758,Adam,Carroll,Male,ipeters@example.org,East Erica,Michigan,Marshall Islands,2023-09-18
C005759,Jason,Jarvis,,dianeperez@example.com,East Robert,California,Andorra,2022-03-05
C005760,Cynthia,Benton,,jamessmith@example.com,Bowersmouth,New Hampshire,Italy,2021-08-17
C005761,Kathy,Rodriguez,Male,michaelmartinez@example.com,West Gerald,Alaska,Mauritius,2023-02-14
C005762,Wanda,Herrera,Male,helenbradley@example.org,South Cassandraview,Missouri,Jersey,2026-04-20
C005763,Alex,Farley,Female,uortega@example.net,Carterside,Minnesota,Bouvet Island (Bouvetoya),2024-09-18
C005764,Curtis,Serrano,,talvarado@example.net,Wilsonview,New York,Zimbabwe,2025-07-29
C005765,Gabrielle,Morse,Male,kristen97@example.com,Turnerchester,Oregon,Cayman Islands,2026-03-02
C005766,Michael,Byrd,Male,whitestephanie@example.com,Wolfechester,South Carolina,Sao Tome and Principe,2022-12-15
C005767,Jennifer,White,Female,linda76@example.org,Kennethmouth,Texas,Moldova,2026-07-22
C005768,Billy,Rodriguez,Female,galvarado@example.org,Saraburgh,Washington,Saint Vincent and the Grenadines,2024-12-08
C005769,Chris,Washington,Female,gerald04@example.com,Jeremymouth,Hawaii,Bangladesh,2024-11-04
C005770,Daisy,Hooper,Female,ytaylor@example.com,Armstrongborough,Arizona,Sri Lanka,2025-10-26
C005771,Dustin,Francis,,benjaminlee@example.org,Fordtown,Washington,Antarctica (the territory South of 60 deg S),2024-10-01
C005772,David,Davis,,nicole23@example.net,Bryanshire,South Carolina,Guadeloupe,2023-06-02
C005773,Alec,Solis,Female,toddgrant@example.org,Gonzalezside,Mississippi,Finland,2022-12-11
C005774,Amy,Reynolds,,ystafford@example.com,Taylorton,Texas,Trinidad and Tobago,2026-06-13
C005775,Jennifer,Morris,,ibailey@example.com,Mollyview,New Mexico,Tajikistan,2022-07-20
C005776,Benjamin,Martin,Male,hartmandavid@example.org,New Shannon,Wisconsin,Marshall Islands,2024-01-12
C005777,Brian,Johnson,,joseph50@example.com,Port Matthew,New Mexico,Iran,2022-10-07
C005778,Jamie,Huffman,,lopezpaige@example.com,Lake Jason,Arizona,India,2022-05-04
C005779,Jamie,Rowland,Female,andersonleah@example.net,Johnsonbury,New Mexico,Dominica,2026-01-25
C005780,Robert,Herrera,Female,christopherdavenport@example.net,Grahammouth,Virginia,New Caledonia,2021-08-20
C005781,Peggy,Schneider,Female,williamsmatthew@example.org,New Bethshire,Illinois,Falkland Islands (Malvinas),2022-11-28
C005782,Jenna,Jones,Male,nmiller@example.org,Port Anita,South Carolina,Qatar,2024-05-16
C005783,Edwin,Douglas,Male,sherylrogers@example.com,Beasleyville,South Carolina,United States Minor Outlying Islands,2022-11-14
C005784,Michael,Schultz,Female,boydstephanie@example.org,Reyesbury,Nebraska,Djibouti,2022-11-23
C005785,Brandi,Davis,Male,fwiley@example.com,North John,Illinois,Egypt,2023-06-16
C005786,Kelly,Leon,Male,amandaadams@example.org,East Joy,Missouri,Equatorial Guinea,2022-12-14
C005787,Lisa,Bowers,,sullivanbrenda@example.com,Lozanomouth,Hawaii,North Macedonia,2024-02-02
C005788,Andrea,Murphy,,wardsteven@example.net,Lake Tommyshire,Kentucky,Montserrat,2022-01-16
C005789,Desiree,Mcclure,,hendersonelizabeth@example.net,East Mauriceton,Montana,Antarctica (the territory South of 60 deg S),2022-05-05
C005790,Christina,Bowen,Female,josephpierce@example.net,Jonesfort,Arkansas,Ireland,2024-01-03
C005791,Charlotte,Cabrera,Female,pettylinda@example.net,East Meaganshire,West Virginia,Korea,2024-09-01
C005792,Samantha,Fischer,Female,pturner@example.com,Lake Kyleside,Nebraska,Panama,2021-09-16
C005793,Richard,Ross,Male,lancejenkins@example.com,Brightstad,California,Cambodia,2025-10-18
C005794,Carl,Conner,,warrensoto@example.org,Meadowsview,Idaho,Uruguay,2022-04-29
C005795,Alicia,Nixon,,victor69@example.com,Oliviaborough,Nevada,Marshall Islands,2021-12-07
C005796,Joshua,Rowe,Female,davidsonjoseph@example.com,West Gina,Arizona,Svalbard & Jan Mayen Islands,2021-10-11
C005797,Dana,Anderson,Female,iblevins@example.net,South Cristianville,Connecticut,Burkina Faso,2022-02-10
C005798,Henry,Williams,Female,alexa84@example.org,South Cynthia,Washington,Vanuatu,2022-05-29
C005799,Crystal,Saunders,Female,christopherwalker@example.net,Brendachester,Alaska,Lao People's Democratic Republic,2024-02-16
C005800,Jennifer,Moore,Female,sherry21@example.net,New Stephanie,Hawaii,Burkina Faso,2022-05-25
C005801,Christina,Martinez,Female,collinsjacob@example.org,North Michaelport,New Mexico,Svalbard & Jan Mayen Islands,2026-01-10
C005802,Heather,Soto,Female,scottclaire@example.net,North Krystal,Virginia,Venezuela,2022-06-08
C005803,Nicholas,Johnson,,brandiwiggins@example.com,Port Jeanne,North Carolina,Falkland Islands (Malvinas),2023-04-20
C005804,Dawn,Noble,Male,amandahorton@example.net,Jamestown,New Hampshire,French Guiana,2024-06-04
C005805,Christopher,Mccarty,Male,rperry@example.org,Robinsontown,Pennsylvania,Chad,2021-10-29
C005806,Karen,Patel,,xbrown@example.com,East Karen,Georgia,Suriname,2022-12-04
C005807,Christopher,Bennett,,millerrobert@example.org,Allenburgh,North Dakota,Bosnia and Herzegovina,2025-08-23
C005808,Steven,Richardson,Male,gibsonedward@example.net,South Robertstad,Tennessee,Azerbaijan,2024-11-19
C005809,Ronald,Henson,Female,joshuamosley@example.org,Port Edwardfort,Colorado,Isle of Man,2021-11-28
C005810,Dennis,Ellis,Male,jim99@example.com,Natalieland,Vermont,Niue,2024-09-18
C005811,Ronald,Huff,,hgarza@example.com,Lake Misty,North Carolina,Heard Island and McDonald Islands,2024-06-13
C005812,Ashley,Allen,Male,kocherica@example.com,East Rebecca,Louisiana,Isle of Man,2025-07-21
C005813,Andrea,Mcdonald,Female,russellrobert@example.org,New Nathanton,West Virginia,Australia,2022-01-12
C005814,Andrew,Berry,,ariaslauren@example.org,Arnoldchester,Montana,Gibraltar,2023-05-12
C005815,Rachel,Kennedy,,franklintracie@example.com,Martinton,Illinois,Estonia,2021-11-29
C005816,Jerry,Barnes,Male,charles67@example.net,Lake Tim,New York,Chile,2023-04-16
C005817,Bridget,Klein,,wdunlap@example.net,North Eric,Delaware,Qatar,2023-05-14
C005818,Elaine,Williams,Male,thompsonmichelle@example.net,Lake Lisa,North Dakota,Vanuatu,2026-05-03
C005819,Clifford,Sutton,Male,smithnicole@example.net,South Stevenland,Arkansas,Uganda,2024-07-07
C005820,Gabriel,Pineda,,jennifer93@example.net,Franklinfurt,Iowa,Mali,2024-11-08
C005821,Marco,Nguyen,,michelle81@example.net,Cruzborough,Washington,Philippines,2021-10-20
C005822,James,Wallace,Male,xgonzalez@example.net,Timothyton,North Dakota,Bangladesh,2023-03-23
C005823,Heather,Poole,,shepardkristina@example.com,East Kelli,North Dakota,Colombia,2023-08-14
C005824,Kelly,Monroe,,randy55@example.com,Patricialand,Arkansas,Tuvalu,2021-10-14
C005825,Derek,Ortiz,Female,mfriedman@example.net,Collinsburgh,New Mexico,Ghana,2023-10-16
C005826,Chad,Mills,,thompsonnathan@example.org,Lake Richardborough,Rhode Island,Svalbard & Jan Mayen Islands,2024-01-17
C005827,John,Hayes,Male,jonessamantha@example.com,Fuenteschester,North Dakota,Tokelau,2025-11-07
C005828,Sara,Velasquez,Male,xpham@example.com,Melanieburgh,North Dakota,Comoros,2025-10-07
C005829,Jennifer,Olsen,,anthony23@example.org,East Fernandoshire,Maine,Congo,2024-08-23
C005830,Daniel,Burgess,Female,tonya10@example.org,New Kenneth,Maryland,Panama,2022-03-21
C005831,Hannah,Brown,,billy77@example.net,Claireville,Oregon,China,2026-03-15
C005832,James,Phillips,,loretta10@example.net,Tannermouth,Alaska,Pitcairn Islands,2025-07-31
C005833,Paige,Dean,Female,mullinsbecky@example.net,Port Kenneth,New Jersey,Norway,2024-05-09
C005834,Shawn,Perry,,ynelson@example.com,North Heather,New Jersey,Cameroon,2022-02-26
C005835,Katie,Kemp,Male,charleswillis@example.net,South Cassandra,Alaska,Rwanda,2025-08-02
C005836,Richard,Palmer,Female,stephanie64@example.org,Herringport,Mississippi,Panama,2023-10-11
C005837,Paul,Lowe,Female,william73@example.org,North Monicastad,Maine,Saint Lucia,2024-08-17
C005838,Lawrence,Reyes,Male,luis44@example.org,East Frankside,Delaware,Tunisia,2025-04-18
C005839,Sarah,Miller,,oporter@example.org,New Jennifer,Virginia,French Guiana,2026-06-21
C005840,Adam,Holmes,,paul74@example.org,Andersonhaven,Arizona,Senegal,2025-02-22
C005841,Willie,Hanson,Female,fgarcia@example.net,New Laurenside,Colorado,Ghana,2026-03-26
C005842,Vanessa,Henry,Male,jonesjessica@example.org,Morristown,New Jersey,North Macedonia,2025-03-25
C005843,James,Todd,Female,yorkmargaret@example.org,West Brianfurt,Kansas,Singapore,2022-05-19
C005844,George,Hughes,,mayjennifer@example.net,Hartland,Connecticut,Somalia,2021-12-22
C005845,Anthony,Perez,,zhughes@example.net,Ellisville,Pennsylvania,Kazakhstan,2024-07-07
C005846,Susan,Buchanan,Male,ywarren@example.org,Jamesville,Wisconsin,Faroe Islands,2021-11-20
C005847,Laura,Thompson,Female,beverly00@example.com,East Veronica,Delaware,Sudan,2022-04-04
C005848,Charles,Barber,Female,christophergomez@example.net,Prestontown,Rhode Island,Tajikistan,2023-08-01
C005849,Eric,Robinson,,qwells@example.net,New Mary,Georgia,Jersey,2024-01-03
C005850,Robert,Davis,Male,rporter@example.org,Kevinstad,Tennessee,Bouvet Island (Bouvetoya),2022-03-16
C005851,Ricky,Martinez,,ehunt@example.org,Smithview,Louisiana,Niger,2024-12-14
C005852,Terri,Shaw,Male,sgarcia@example.net,Aliciaberg,Wisconsin,Yemen,2026-02-13
C005853,Stephanie,Peters,,kaufmandustin@example.com,East Jennifer,Oregon,Poland,2024-05-19
C005854,Brittany,Clay,,robertfisher@example.com,North Leslie,Colorado,United States of America,2025-03-18
C005855,Jasmine,Myers,Male,matthewscarl@example.org,South Tony,Missouri,Palestinian Territory,2026-02-15
C005856,James,Knight,,tiffanypatterson@example.net,Perezburgh,Nebraska,Saudi Arabia,2025-10-18
C005857,Kurt,Irwin,Male,xguerrero@example.com,Lewisland,Kentucky,Uzbekistan,2022-03-25
C005858,James,Barrett,Female,rleonard@example.com,West Benjamin,New Jersey,Barbados,2025-01-24
C005859,Rachel,Sullivan,Male,qmorales@example.com,Aimeetown,Tennessee,Germany,2023-06-27
C005860,Veronica,Wilson,Male,ericksonrichard@example.com,Lake Ericfort,Georgia,Nicaragua,2023-01-31
C005861,David,Jarvis,,monica09@example.net,North Dianehaven,Alabama,Iran,2024-05-04
C005862,Brian,Patterson,,michelle50@example.org,Monroeberg,Nevada,Chile,2026-06-19
C005863,Thomas,Smith,,jason26@example.org,South Ann,Missouri,Western Sahara,2025-01-27
C005864,Ian,Mathews,Male,hsantana@example.org,Cervantesview,Virginia,Guinea-Bissau,2024-03-11
C005865,Melanie,Brown,,jasonsmith@example.net,North Karafurt,Maryland,Armenia,2025-04-09
C005866,Robert,David,,watsonpaul@example.net,Emilyport,Washington,Angola,2024-09-24
C005867,Tyler,Nelson,Female,stewartmelissa@example.net,Vanessatown,New Jersey,Greenland,2024-01-10
C005868,Robert,Torres,Female,xgarrett@example.net,North Kevin,Delaware,Montenegro,2023-07-16
C005869,Gabriel,Hill,Male,mathewskatie@example.com,Kellymouth,Colorado,Nauru,2026-07-25
C005870,Jennifer,Richard,Male,williamsgregory@example.org,South Erin,Michigan,United States of America,2025-02-15
C005871,Trevor,Carlson,Female,roberttaylor@example.org,Rachelville,New Jersey,Solomon Islands,2024-04-13
C005872,Diane,Sweeney,Male,medinajanet@example.com,Suzanneside,Missouri,Bosnia and Herzegovina,2023-01-22
C005873,Chloe,Sandoval,Male,holtmelanie@example.org,Medinastad,New Mexico,Falkland Islands (Malvinas),2026-07-02
C005874,George,Thompson,Female,apatterson@example.net,Josephfort,California,Mauritania,2023-07-03
C005875,Kenneth,Brown,Female,kingamber@example.net,Taylorhaven,Wisconsin,Spain,2025-02-20
C005876,Logan,Graves,Male,lgarcia@example.com,New Jefferyland,Rhode Island,Belize,2025-03-15
C005877,Sarah,Brown,Male,kristi95@example.org,Jasonberg,Washington,France,2022-02-28
C005878,Michelle,Perry,,stephaniewilliams@example.net,Philipton,Wisconsin,Nicaragua,2021-08-01
C005879,Edwin,Kelley,Male,casey11@example.net,North Christopher,Arizona,Cape Verde,2025-06-23
C005880,Natalie,Hensley,,mike42@example.com,Lambertland,Tennessee,Faroe Islands,2021-11-21
C005881,Brett,Lowery,Female,morganherrera@example.com,Jessicahaven,North Carolina,Angola,2025-08-06
C005882,Michelle,Johnson,Female,sarah52@example.com,West Jadeville,West Virginia,Saint Vincent and the Grenadines,2024-01-28
C005883,Miguel,Carter,Female,ghill@example.org,Thomasside,Connecticut,Botswana,2022-03-16
C005884,Jason,Turner,Female,abautista@example.com,East Charlenestad,Louisiana,Uruguay,2024-04-16
C005885,Karina,Rivers,Male,zmurphy@example.org,Reedfort,Arizona,Swaziland,2021-11-06
C005886,Robert,Mills,Male,justin32@example.net,Lake Sarahside,Colorado,Romania,2022-01-12
C005887,Bradley,Davenport,,rthompson@example.org,Jessicachester,Colorado,Congo,2023-06-24
C005888,Mark,Garcia,Female,harrisjonathan@example.net,North Lauren,Alabama,Niger,2023-08-31
C005889,Christina,Hunt,Male,sjohnson@example.net,Owensmouth,New Hampshire,Uzbekistan,2022-01-12
C005890,Michael,Stafford,,staylor@example.org,Tylerport,Nebraska,Tanzania,2026-07-25
C005891,Christina,Doyle,,stephen59@example.net,New Matthewside,Alaska,Namibia,2023-02-17
C005892,Christine,Hays,,nicholas32@example.com,Duranberg,Washington,Puerto Rico,2023-04-08
C005893,Colton,Hall,Female,melissa08@example.com,East Jeremyburgh,Louisiana,Isle of Man,2023-12-27
C005894,Timothy,Beck,,jspencer@example.com,South Sheilaland,Arkansas,Malawi,2021-10-31
C005895,Vanessa,Guerrero,Female,smithdiana@example.net,Simpsonburgh,Maine,Sierra Leone,2026-07-07
C005896,Matthew,Wilson,,mjohnson@example.com,West Laura,Colorado,Kazakhstan,2025-08-08
C005897,Chase,Williams,,denisesampson@example.com,West Nicolebury,Tennessee,Cyprus,2026-05-22
C005898,Deborah,Parker,,john74@example.com,Brianborough,Montana,United Arab Emirates,2024-05-11
C005899,Matthew,Elliott,Male,williamgriffith@example.com,West Toni,Colorado,Bahrain,2025-08-09
C005900,Derrick,Barnes,Female,santosmichael@example.org,Averyport,Indiana,Romania,2022-09-14
C005901,Susan,Reed,,potterrichard@example.com,Coryhaven,Georgia,Hungary,2025-11-03
C005902,Angela,Bryant,Female,richard39@example.org,North Bonnieberg,Utah,Cape Verde,2022-12-16
C005903,Kim,Davis,Female,wwilson@example.net,South Sheila,Kansas,Bouvet Island (Bouvetoya),2025-02-07
C005904,Laura,Bautista,,garciadavid@example.net,Port Ryan,Rhode Island,Turks and Caicos Islands,2022-10-02
C005905,Adrian,Matthews,,harrisonmichelle@example.net,Michaelbury,Colorado,Anguilla,2025-07-22
C005906,Crystal,Carroll,Male,hcarrillo@example.com,West Brooke,Connecticut,Cambodia,2022-09-10
C005907,Emily,Kennedy,,nicholas74@example.com,South Stacy,New York,Argentina,2024-08-08
C005908,Jon,Moore,Female,robert85@example.org,Johnsonborough,Delaware,Cape Verde,2021-11-19
C005909,Christine,Miller,Female,david38@example.org,Martinview,Arkansas,Ecuador,2022-04-04
C005910,Jennifer,Garcia,Male,ryan22@example.com,Ashleyberg,New York,Barbados,2026-01-26
C005911,Isaac,Mccoy,,fturner@example.net,West Emilyfurt,Hawaii,New Caledonia,2025-09-09
C005912,Jennifer,Romero,Female,tonyawalsh@example.com,Jamesville,Wisconsin,Chad,2025-05-21
C005913,Jodi,Bullock,Female,dhamilton@example.com,Lake Mirandatown,West Virginia,Mozambique,2024-05-09
C005914,Rebekah,Navarro,Female,ewilliams@example.org,West Heatherside,Kentucky,Oman,2025-07-17
C005915,Rachel,Owens,Female,jonathon00@example.org,Jonbury,Tennessee,Bermuda,2026-06-10
C005916,Emily,Martinez,Female,levans@example.org,South Frederick,South Dakota,Gambia,2025-06-17
C005917,Cynthia,Howard,,suarezjeffrey@example.net,West Timothy,Tennessee,Fiji,2026-05-11
C005918,Brenda,White,Male,edwardflores@example.net,Alvarezport,Wyoming,Cocos (Keeling) Islands,2022-05-10
C005919,Robert,Ramos,,qroberts@example.org,Davidstad,Maine,Saint Kitts and Nevis,2024-12-06
C005920,Dennis,Williams,Male,jeremy55@example.com,Tracishire,Connecticut,Saint Martin,2026-01-28
C005921,Cynthia,Knight,Female,robinsonjoseph@example.com,Joshuashire,Minnesota,Solomon Islands,2025-11-23
C005922,Angela,Lewis,Male,martinezmichelle@example.org,North Linda,Indiana,Cameroon,2025-04-01
C005923,Samantha,Lam,Male,wyattkayla@example.org,Barnesstad,Colorado,Senegal,2025-07-09
C005924,Stanley,Larsen,Male,fowlerearl@example.net,East Tonya,Georgia,Jordan,2023-03-13
C005925,Lindsay,Delgado,,smithbrian@example.com,Laurieside,Oklahoma,Panama,2024-10-31
C005926,Timothy,Yoder,,jonathan40@example.com,Port Sarah,Oklahoma,Turkmenistan,2021-10-30
C005927,Amber,James,Female,privera@example.org,Melindabury,Missouri,Cape Verde,2022-04-18
C005928,Nancy,Townsend,Male,paulayala@example.net,Josephport,Nevada,Vanuatu,2023-05-14
C005929,Sarah,Hart,Male,alexisturner@example.net,Brettborough,Georgia,Heard Island and McDonald Islands,2023-11-19
C005930,Christopher,Lopez,Male,meltonrachel@example.org,Obrienstad,Idaho,Cote d'Ivoire,2026-03-06
C005931,Bill,Austin,Male,cbutler@example.org,Kristinafort,Alabama,Bangladesh,2022-03-30
C005932,Benjamin,Castaneda,Female,brandon58@example.net,East Dustin,Florida,Philippines,2023-02-16
C005933,Manuel,Jensen,,simpsonnatalie@example.net,Wagnerfort,Indiana,Faroe Islands,2021-10-31
C005934,Michael,Fernandez,,zbranch@example.com,Odonnellborough,New Mexico,Tuvalu,2024-09-18
C005935,James,Knight,Male,jgiles@example.net,East Rileyville,Virginia,Wallis and Futuna,2024-06-10
C005936,Barbara,King,,cfigueroa@example.org,East Victoria,New Mexico,Malta,2022-04-18
C005937,Greg,Bowman,Male,terri97@example.org,West Brandon,Georgia,Honduras,2022-04-09
C005938,Miguel,Hall,Female,kyle48@example.com,Alexanderport,Michigan,Montenegro,2025-03-25
C005939,Joshua,Mason,Female,nicholastodd@example.org,New Kathleenburgh,Alaska,Kazakhstan,2024-07-23
C005940,Justin,Hardy,,alvarezmichael@example.com,Port Matthew,Virginia,Denmark,2024-07-27
C005941,Carl,White,Male,marc50@example.org,North Amy,Vermont,South Africa,2023-11-24
C005942,James,Quinn,Female,lwilliams@example.com,Brownborough,Kansas,Burkina Faso,2025-12-25
C005943,Daniel,Schneider,,crystalclark@example.org,New Madison,North Dakota,Saint Pierre and Miquelon,2025-11-22
C005944,Steven,Nelson,Female,gjohnson@example.net,East Philip,West Virginia,Mexico,2024-12-30
C005945,Danny,Gay,Female,adam09@example.com,Davilaland,Ohio,Spain,2024-02-14
C005946,Alexander,Barnett,Male,charles31@example.net,Port Joshuashire,Nebraska,Kiribati,2026-07-22
C005947,Kimberly,Griffin,,jmcbride@example.net,Singhside,Missouri,French Polynesia,2023-07-06
C005948,Charles,Villanueva,Male,wdunn@example.org,South Stephen,Rhode Island,Equatorial Guinea,2024-08-31
C005949,Thomas,Nguyen,,stephanie98@example.net,East Patricia,California,Ireland,2025-02-25
C005950,Timothy,Carter,Female,mitchelldanielle@example.net,Robertberg,Kansas,Dominica,2026-01-30
C005951,Amanda,Nolan,Male,danieljimenez@example.net,North Jimmyberg,Utah,Gambia,2024-10-10
C005952,Miranda,Stevenson,Male,david95@example.org,North Tracy,Massachusetts,Haiti,2022-04-20
C005953,Carol,Walters,Male,michaelparrish@example.net,West Reginaton,Oklahoma,Congo,2024-06-22
C005954,David,Hopkins,Male,uallen@example.org,North Tyler,Wisconsin,Djibouti,2024-09-12
C005955,Carl,May,,dylan94@example.net,Garciastad,Tennessee,Sri Lanka,2024-01-04
C005956,Natalie,Alvarado,,richardgabriel@example.org,Lake Roberttown,Illinois,Austria,2024-04-06
C005957,Cheryl,Lopez,Male,richard11@example.com,Port Georgeville,Minnesota,Cote d'Ivoire,2026-07-14
C005958,Victoria,Shaffer,Male,brian76@example.org,Mcclainside,Connecticut,Chile,2025-09-13
C005959,Sharon,Lawrence,,davidhill@example.com,Devinberg,Wisconsin,Saint Martin,2022-08-05
C005960,Donna,Adkins,,yblack@example.org,Lake Joshuaburgh,New Mexico,Israel,2023-05-20
C005961,Ryan,Kim,Male,woodsedward@example.net,Nicolechester,Indiana,Tonga,2023-02-17
C005962,Erika,Brown,,christopherjohnson@example.net,North Melissaland,Arizona,San Marino,2026-07-14
C005963,Susan,Morris,Male,adamvega@example.com,Lake Davidview,Kentucky,Guinea-Bissau,2022-03-10
C005964,Colin,Carlson,Male,ycook@example.com,New Edwinhaven,Texas,Latvia,2024-08-09
C005965,April,Young,Male,colleenjackson@example.net,Lake Oscar,New Hampshire,Kazakhstan,2025-10-06
C005966,Carla,Carroll,Female,james42@example.com,South Brianborough,Virginia,Ghana,2024-01-26
C005967,Melissa,Gregory,Male,brookssandra@example.com,West Angie,South Carolina,Egypt,2025-11-15
C005968,Nancy,Wagner,,harriskatherine@example.com,Port Angelatown,Maryland,Sierra Leone,2026-04-13
C005969,Maria,Garcia,Female,paigejones@example.org,Martinezshire,Texas,Qatar,2024-10-05
C005970,Ronald,Wilson,,jessicawaters@example.com,Adamschester,Virginia,Nepal,2023-12-01
C005971,William,Lee,,daniellindsey@example.net,Lake Mary,Ohio,Dominica,2023-05-26
C005972,Scott,Johnston,,scott71@example.com,Rodriguezmouth,Nebraska,French Guiana,2024-03-05
C005973,Hannah,King,Male,edwardgreen@example.com,Hallside,South Dakota,Bolivia,2023-03-12
C005974,Amanda,Austin,,willisjames@example.net,South James,Illinois,Austria,2024-07-24
C005975,Ryan,Smith,,william40@example.org,Dustinmouth,Wyoming,Cote d'Ivoire,2024-04-06
C005976,Brent,Hopkins,,nallen@example.net,West Kristina,Connecticut,Guam,2024-11-12
C005977,Matthew,Fry,Female,osaunders@example.net,East Dakotafurt,Oregon,Kiribati,2025-06-15
C005978,Mary,Garcia,Male,dawn84@example.org,Allenport,Iowa,Belize,2024-06-04
C005979,Rhonda,Buchanan,Male,courtney34@example.com,Zimmermanmouth,Utah,Mexico,2025-08-24
C005980,Thomas,Davis,Female,jennifer42@example.net,Lake Courtney,Arizona,Niger,2026-05-15
C005981,Jennifer,Richardson,,pgibson@example.org,Port Nicholemouth,Vermont,Djibouti,2023-08-23
C005982,Ana,Warren,Female,spencerryan@example.org,Robinbury,Ohio,Christmas Island,2021-09-22
C005983,Amber,Burns,Female,khorton@example.net,Sandraview,Washington,Belarus,2026-01-09
C005984,Mitchell,Welch,Male,hernandeztristan@example.org,Leefurt,Montana,Christmas Island,2021-10-28
C005985,Tammy,Brewer,Male,tylergreen@example.com,Velazquezshire,Pennsylvania,Zimbabwe,2025-05-20
C005986,Roy,Green,Female,chavezryan@example.org,West Dean,Utah,Guatemala,2024-12-08
C005987,Michael,Holt,,cbautista@example.com,North Franciscotown,Arizona,Trinidad and Tobago,2023-05-10
C005988,Mary,Parks,Male,sharon04@example.org,Yatesview,Illinois,Niue,2025-12-30
C005989,James,Ellis,,ehodge@example.net,Catherineborough,Iowa,Guinea,2024-08-30
C005990,Lisa,Mitchell,Male,angelicaking@example.org,Lake Edward,Pennsylvania,American Samoa,2022-01-19
C005991,Thomas,Johnson,,tommybentley@example.net,New Ryanshire,Kansas,Mayotte,2022-08-15
C005992,Gina,Bridges,,kayla34@example.net,Shellyfort,Vermont,Portugal,2021-12-15
C005993,Mary,Mitchell,,katherinebaker@example.org,Angelahaven,New Jersey,Slovenia,2021-08-06
C005994,Misty,Moss,Female,bradleylisa@example.net,Robinsonbury,West Virginia,Congo,2023-03-14
C005995,Ashley,Murphy,Male,mmaynard@example.org,Joshuastad,West Virginia,Saint Lucia,2024-05-26
C005996,Julie,Cortez,,sherrytran@example.net,East Tammy,Indiana,Kiribati,2024-12-18
C005997,Tommy,Barnett,,markwarren@example.com,New Cristina,Pennsylvania,Vietnam,2024-03-22
C005998,Hannah,Carroll,Female,campbellzachary@example.org,Shirleymouth,California,Guernsey,2023-04-12
C005999,Tony,Powell,Female,meganjohns@example.com,North Benjamin,Kansas,India,2023-01-12
C006000,Benjamin,Ballard,,ibrown@example.net,West Saraside,South Carolina,Botswana,2024-08-02
C006001,Christine,Berger,,scott33@example.net,Burnsshire,Kansas,Malawi,2021-08-29
C006002,Jonathan,West,Male,wilsonmary@example.org,Jordantown,Louisiana,Nauru,2022-02-09
C006003,Paula,Mclaughlin,Male,vsmith@example.com,Robinsontown,North Carolina,Austria,2025-03-23
C006004,Tony,Jones,Female,stephaniemartin@example.org,Michaelhaven,Maine,Barbados,2026-07-25
C006005,Albert,Hernandez,Female,charlesrobinson@example.net,Jensenland,Oklahoma,Iraq,2023-09-25
C006006,Anthony,Kennedy,Male,christopher95@example.com,Port Johnny,Nebraska,Moldova,2023-04-09
C006007,William,Guerrero,Male,michael36@example.net,Lake Benjaminstad,Illinois,Saint Lucia,2025-12-05
C006008,Albert,Walker,Male,kskinner@example.org,North Gloria,California,Seychelles,2021-10-25
C006009,Jessica,Aguilar,Male,josephsullivan@example.org,New Elizabeth,New Mexico,Papua New Guinea,2022-05-29
C006010,Shawn,Turner,,megan39@example.com,West Jessica,Pennsylvania,Mongolia,2021-12-15
C006011,Monica,Kirby,,timothystewart@example.org,Youngburgh,Washington,Burundi,2026-02-13
C006012,James,Gill,,drodriguez@example.org,Hartborough,Wisconsin,Mexico,2025-09-27
C006013,Matthew,Garcia,Female,bhunter@example.com,West Dawn,Massachusetts,American Samoa,2022-07-04
C006014,Shawn,Schneider,Male,michaelthompson@example.org,Lake Kimberly,Michigan,Lebanon,2024-08-28
C006015,Randall,Collins,,kenneth05@example.com,Munozport,Iowa,Belize,2025-12-22
C006016,George,Washington,Male,rodriguezerika@example.com,Bellton,Montana,Heard Island and McDonald Islands,2025-05-20
C006017,Joel,White,Male,johnsonamanda@example.com,Deniseborough,Hawaii,Australia,2023-01-31
C006018,Martha,May,Female,earlramirez@example.org,Ericport,North Carolina,Germany,2021-10-22
C006019,Charles,Powell,,kennethsmith@example.net,East Jennifer,Alaska,Marshall Islands,2023-02-25
C006020,Judith,Pierce,,emorris@example.net,East Patrick,Maryland,Falkland Islands (Malvinas),2024-11-15
C006021,Kirk,Garcia,Male,briannarodgers@example.org,New Tracymouth,North Dakota,Croatia,2024-09-19
C006022,Trevor,Schneider,,wwu@example.com,North Abigail,Rhode Island,China,2023-11-08
C006023,Barbara,Jensen,,angela29@example.com,South Josephfurt,North Carolina,Nigeria,2021-08-11
C006024,Seth,Brown,Male,rwoods@example.com,Antonioland,Nebraska,Turks and Caicos Islands,2024-09-23
C006025,Heather,Goodwin,Male,howardjames@example.com,Jessicachester,Oklahoma,Albania,2022-02-22
C006026,Anthony,Clark,Female,nixonalyssa@example.org,Danielport,New Hampshire,Iraq,2023-04-05
C006027,Cindy,Phillips,,paula88@example.net,Nicoleborough,New York,Central African Republic,2021-11-26
C006028,Lauren,Harris,Male,michelle80@example.net,Angelashire,Wyoming,Ireland,2021-08-26
C006029,Jennifer,Barnes,,burnettandrea@example.org,Jeffreyburgh,Connecticut,Haiti,2025-05-22
C006030,Jerry,Hester,,tinakeith@example.com,Hornberg,South Dakota,Guernsey,2022-03-17
C006031,John,Davis,Male,thomas32@example.net,Susanmouth,Minnesota,Germany,2022-10-03
C006032,Megan,Perez,,grahammaxwell@example.com,East Lauratown,New Mexico,Northern Mariana Islands,2025-10-02
C006033,Monica,Wright,,scarroll@example.org,Port Teresa,Idaho,British Virgin Islands,2025-06-06
C006034,Jimmy,Garner,Female,sandovaleric@example.net,New Walter,Ohio,New Caledonia,2025-03-11
C006035,Laura,Gregory,,ojohnson@example.com,North Rodney,Wisconsin,Brazil,2021-09-19
C006036,Mary,Mitchell,Female,pachecopaul@example.net,Wellsmouth,Michigan,Comoros,2026-01-13
C006037,John,Long,Female,zruiz@example.net,Dustinmouth,Ohio,Grenada,2025-02-16
C006038,Morgan,Guerrero,Male,michelerobertson@example.net,Port Jenniferbury,Montana,Netherlands,2022-01-06
C006039,Tammy,Phillips,,joannspencer@example.org,Morrisonland,Pennsylvania,Belize,2024-03-06
C006040,Ashley,Ryan,,vevans@example.net,Lake Shannon,Massachusetts,Northern Mariana Islands,2022-07-24
C006041,Michelle,Small,Female,sarah02@example.net,East Meghan,Wyoming,Cayman Islands,2024-05-16
C006042,Justin,Miller,Male,iibarra@example.com,Pearsonbury,Oklahoma,Nepal,2022-09-24
C006043,Jennifer,Santiago,Female,lrios@example.org,South Jennifer,New Hampshire,Belarus,2023-09-07
C006044,April,Burns,Female,charlesjohnson@example.org,New Michaelstad,Louisiana,Algeria,2023-06-10
C006045,Todd,Green,Female,oharrell@example.net,Lake Pennyville,New Mexico,Suriname,2022-11-27
C006046,Kelly,Andrade,,flynnkayla@example.net,East Douglas,Mississippi,Cook Islands,2022-09-27
C006047,Timothy,Sanders,,angelrivera@example.com,Hernandezton,Vermont,Tanzania,2023-11-17
C006048,Paul,Sullivan,,davidpatel@example.com,Glenville,North Dakota,Jordan,2022-04-11
C006049,Jeffrey,Howard,,qlewis@example.net,Campbellberg,Kentucky,Costa Rica,2025-03-18
C006050,Brenda,Lawrence,Male,laurenthomas@example.net,South Jeffrey,Maryland,Equatorial Guinea,2023-01-24
C006051,Jason,King,Female,bradfordwendy@example.com,Smithbury,South Dakota,Korea,2024-01-07
C006052,Nancy,Arnold,Male,wstewart@example.com,Stevensontown,New York,Congo,2023-02-11
C006053,Heather,Mcgee,Female,bcollier@example.com,South Williamchester,Minnesota,Gibraltar,2025-10-19
C006054,George,Turner,Female,dennisjones@example.com,Kristyton,Georgia,American Samoa,2026-02-23
C006055,Ralph,Mayo,Male,wrosario@example.com,Alexaborough,Maryland,Denmark,2025-05-25
C006056,Heather,Ford,Male,ydavenport@example.net,East Randy,Vermont,Montenegro,2023-06-29
C006057,Emily,Griffin,Female,awilson@example.com,Tracifort,New York,Singapore,2023-08-14
C006058,Melanie,May,,brian95@example.org,Kramerburgh,Minnesota,Switzerland,2021-12-28
C006059,Sheri,Pace,,millerdonna@example.com,Taraburgh,South Carolina,Tokelau,2022-04-09
C006060,Elizabeth,Martinez,Female,richardgreen@example.net,Port Jasminechester,New Mexico,Latvia,2026-03-01
C006061,Jeffery,Gonzalez,Female,brandyfrench@example.org,Lake Stacy,Oklahoma,Hungary,2026-05-16
C006062,Stephanie,Leonard,Male,rharris@example.org,Robinbury,Massachusetts,Samoa,2026-05-31
C006063,James,Franco,Male,uwarren@example.org,Lisaburgh,Alaska,Tajikistan,2026-01-27
C006064,Charles,Perkins,,fsnyder@example.org,Stephensburgh,Utah,Dominica,2023-11-03
C006065,Kayla,Tapia,,hperry@example.com,Amandaport,Pennsylvania,Zimbabwe,2024-11-26
C006066,Tim,Lee,Male,alec81@example.org,West Melanieland,Hawaii,Estonia,2021-09-02
C006067,Patricia,Henderson,,yolson@example.net,New Amandafurt,Maine,Guinea,2022-07-29
C006068,Zachary,Bryant,,davidtrujillo@example.net,Samueltown,Illinois,Benin,2021-10-07
C006069,Scott,Lee,Male,john96@example.com,West Rebeccaland,Hawaii,Liberia,2025-07-09
C006070,Mike,Velasquez,,thompsonkaren@example.org,West Frank,Mississippi,Barbados,2022-05-04
C006071,Stephanie,Moreno,Male,matthew67@example.net,North Justinstad,Utah,Mexico,2023-11-12
C006072,Lori,Garcia,Female,kristinstone@example.net,Johnsonview,Connecticut,Vanuatu,2026-07-16
C006073,David,Gonzalez,,fjones@example.org,North Dale,Illinois,Guam,2025-04-30
C006074,Emily,Taylor,Male,bvillegas@example.org,Rickyton,North Carolina,Martinique,2023-08-10
C006075,Kristie,Cisneros,,christopher62@example.net,Lisaview,Kentucky,Kazakhstan,2022-12-22
C006076,Christine,Sharp,Female,priley@example.org,Port Amyshire,Massachusetts,Liberia,2023-08-23
C006077,Amber,Vance,Female,allisonhall@example.com,Martinezview,Delaware,New Caledonia,2023-04-20
C006078,Steven,Hubbard,Female,iyoung@example.net,South April,South Carolina,Seychelles,2024-05-12
C006079,Michael,Hunt,Male,dtanner@example.net,South Hailey,Washington,Taiwan,2024-08-18
C006080,Patrick,Meyer,Male,crossapril@example.net,Kimberg,Delaware,Vietnam,2023-06-21
C006081,Paula,Andersen,Female,alicia86@example.net,Yvonnehaven,Alaska,British Virgin Islands,2021-10-27
C006082,Sara,Santos,,lauren26@example.com,Lake Adamberg,Arkansas,Haiti,2024-03-28
C006083,Marc,Roberson,,cynthia88@example.org,West Dennis,Idaho,Saint Kitts and Nevis,2026-06-10
C006084,John,Mora,Female,scottmaddox@example.org,Mckinneymouth,Arizona,Indonesia,2022-04-17
C006085,Whitney,Conrad,Female,goldenthomas@example.net,Port Richard,Connecticut,Bhutan,2024-08-28
C006086,Jasmine,Erickson,,lynchmark@example.com,Port Nicholasshire,South Carolina,Dominica,2025-03-11
C006087,John,Moss,Female,phenry@example.com,Gloriaton,Colorado,Sao Tome and Principe,2024-05-19
C006088,Jessica,Lewis,,davisgeorge@example.net,Port Steven,Idaho,Brazil,2023-07-16
C006089,Stephanie,Freeman,Female,montgomerymelissa@example.net,Lake Shannon,Iowa,Fiji,2026-02-07
C006090,Alfred,Joseph,,ssanchez@example.com,East Kimberly,Missouri,Slovakia (Slovak Republic),2025-07-21
C006091,Ruben,Scott,Female,ylevine@example.org,Port Meghanview,Florida,Panama,2023-06-29
C006092,James,Shaw,,thompsonallison@example.org,East Madisonfort,Arkansas,Norfolk Island,2025-06-10
C006093,Karen,Blair,Female,zsmith@example.net,North Justin,New Jersey,Paraguay,2022-10-17
C006094,Michelle,Price,Male,jimrobinson@example.net,New Brittanymouth,South Dakota,Fiji,2024-11-26
C006095,Rachel,Spears,Female,lori52@example.org,Annmouth,Georgia,Guernsey,2021-09-02
C006096,Lacey,Zamora,,odawson@example.org,Port Evelyn,Iowa,Korea,2025-08-27
C006097,Jane,Woodward,,hensondaniel@example.com,Collinsbury,Rhode Island,Algeria,2025-01-29
C006098,Mark,Jefferson,Female,belindarogers@example.org,Lake Dennis,Texas,Jamaica,2023-05-16
C006099,Madison,Smith,Male,yvonnejones@example.com,Lake Paul,Michigan,Netherlands Antilles,2025-11-29
C006100,Bryan,Russo,Female,hubbardpaul@example.net,Lake Natalieborough,Maine,Ireland,2024-05-12
C006101,Benjamin,Burton,,cruzrandall@example.org,Lake Reneeport,New Mexico,Burundi,2026-07-23
C006102,Todd,Lewis,,jarvisamber@example.net,Crawfordfort,Wyoming,Turkey,2023-04-05
C006103,Vanessa,Gonzalez,Female,mprice@example.net,Zimmermanmouth,Indiana,Sweden,2025-03-18
C006104,Deborah,Martinez,Female,acostawilliam@example.net,North Ray,Rhode Island,Madagascar,2022-03-29
C006105,Natalie,Patton,Female,xray@example.net,Johnport,Florida,Pitcairn Islands,2024-09-28
C006106,Anthony,Jenkins,,riversjeffrey@example.com,South Shannon,Missouri,Guinea,2025-12-21
C006107,Christine,Pugh,Female,brooksdebra@example.org,South David,Alaska,Uganda,2022-11-28
C006108,Ryan,Chen,,petersenmartin@example.org,North Rachelmouth,Alabama,Aruba,2024-09-08
C006109,Laura,Reese,Female,randallwiggins@example.org,Garciamouth,Minnesota,South Georgia and the South Sandwich Islands,2022-03-20
C006110,Albert,Berry,,mary15@example.com,East Beth,Kentucky,Colombia,2022-10-28
C006111,Steven,Campbell,Male,amber19@example.net,Christinafort,Wisconsin,Georgia,2023-09-17
C006112,Mark,Andrews,,rodney56@example.org,Port Randyborough,Idaho,Norway,2024-05-15
C006113,Angela,Lawrence,Male,emily97@example.net,Danielfort,Florida,Jersey,2025-05-23
C006114,Heather,Kelly,,nancyshaw@example.net,Port Jason,Maryland,Congo,2026-07-13
C006115,Monique,Johnson,Male,michaelwilliams@example.net,Port Stephanie,Wisconsin,Portugal,2025-10-22
C006116,Cindy,Roberts,Female,jberry@example.org,Danielsmouth,Kansas,Eritrea,2023-06-15
C006117,Diane,Willis,,gibarra@example.net,Debrachester,California,Hungary,2021-11-26
C006118,David,Hernandez,Male,stevensallison@example.net,South Debbiefurt,Nevada,Vietnam,2023-07-31
C006119,William,Adams,Male,ethanyoung@example.org,Kevinport,Montana,Bangladesh,2022-01-08
C006120,Ashley,Chang,Male,kevin57@example.org,South Kimberlyport,South Carolina,Yemen,2022-11-05
C006121,Jacqueline,Santos,,coxjames@example.org,Matthewland,Utah,Papua New Guinea,2024-10-10
C006122,Robin,Weaver,Female,charlesclayton@example.org,Port Ginaville,Vermont,Honduras,2025-07-31
C006123,Lindsey,Turner,Female,melendezphillip@example.org,North Sandraberg,Nevada,Bahamas,2023-11-25
C006124,Oscar,Fleming,,chad40@example.net,Robertston,Michigan,Micronesia,2025-05-22
C006125,Julie,Klein,,michael28@example.org,Harringtonberg,South Carolina,Eritrea,2025-07-14
C006126,Patricia,Oliver,,rodriguezroberto@example.com,Lisafort,Hawaii,Paraguay,2022-11-30
C006127,Julie,Pope,,laura57@example.com,Christybury,Indiana,United States Virgin Islands,2024-01-24
C006128,Bianca,Ingram,,jonathancobb@example.org,New Amanda,North Carolina,Liechtenstein,2022-02-15
C006129,Brittany,Reyes,Male,bmiranda@example.net,Port Cassandra,Idaho,Georgia,2024-10-19
C006130,Stephen,Stone,Male,etaylor@example.net,Kellyland,Illinois,Bermuda,2023-03-09
C006131,Joshua,Lopez,Female,jrios@example.org,Lake Ryan,Alabama,Jersey,2022-04-21
C006132,Justin,Zimmerman,,savannah72@example.com,West Michael,Texas,Libyan Arab Jamahiriya,2023-07-08
C006133,Brenda,Ferguson,Male,gedwards@example.net,Allisonbury,Utah,Cook Islands,2025-02-26
C006134,Raymond,Beasley,Male,christinavelasquez@example.com,North Larryview,New York,Brazil,2023-05-22
C006135,Gina,Lane,Male,esimpson@example.net,Saraview,Michigan,Nigeria,2023-05-21
C006136,Heather,Long,Female,benjamin97@example.com,Christopherhaven,Maine,Bosnia and Herzegovina,2025-09-18
C006137,Douglas,James,,nguyenpatricia@example.com,New Jeffrey,Idaho,Burkina Faso,2026-07-16
C006138,Richard,Graves,Female,heatherbrown@example.com,North William,Louisiana,Guadeloupe,2025-08-23
C006139,Nicole,Walker,Male,zdavis@example.net,South Tinaview,Oregon,Mongolia,2022-09-04
C006140,Jeanette,Ramirez,Male,gabrielfletcher@example.net,New Lauriestad,Massachusetts,Solomon Islands,2022-11-20
C006141,Travis,Brown,Female,whouse@example.net,Haydentown,South Dakota,Burundi,2025-08-15
C006142,Robert,Anderson,Male,jill33@example.com,Brandonshire,New Hampshire,Ireland,2022-04-19
C006143,Amy,Martin,Female,howeerik@example.net,Port Maria,Nebraska,Ecuador,2022-03-07
C006144,Jessica,Sullivan,Male,xvelez@example.com,South Trevorview,Ohio,Venezuela,2025-10-23
C006145,Alyssa,Webster,,woodwardpatricia@example.com,North Joshua,Hawaii,Taiwan,2024-02-28
C006146,Derek,Murray,Male,danielgibson@example.com,Erikaburgh,Utah,Liberia,2024-03-31
C006147,Tiffany,Miranda,,timothybecker@example.com,West Dillon,Minnesota,Macao,2025-06-22
C006148,Joshua,Steele,Female,marissa58@example.org,Jasonchester,Maryland,Kazakhstan,2021-10-20
C006149,Cheryl,Schultz,Female,smorgan@example.com,South Deannaborough,Idaho,Mauritania,2024-09-29
C006150,Michael,Summers,,douglaskirby@example.net,Lake Reginaland,Arizona,Mexico,2022-07-02
C006151,Sharon,Flowers,,cunninghambrian@example.org,Ashleyfort,New Jersey,Guinea-Bissau,2026-07-02
C006152,Crystal,Sparks,,jasonramos@example.net,West Willie,Maine,Guam,2022-12-08
C006153,Antonio,Stephens,Female,hschultz@example.org,New Emma,Georgia,Sao Tome and Principe,2022-09-23
C006154,Hannah,Camacho,,salazarlisa@example.com,Powersmouth,Massachusetts,Papua New Guinea,2024-03-03
C006155,Michele,Wright,,michaelgray@example.net,New Gabriel,New Hampshire,Algeria,2026-07-16
C006156,Sarah,Wilkerson,Male,fporter@example.org,New Lisaburgh,Pennsylvania,Solomon Islands,2024-02-04
C006157,Rebecca,Hayes,Male,iwilliams@example.org,Ryanton,Washington,Papua New Guinea,2022-11-11
C006158,Roberto,Hall,,donaldsmith@example.com,Nicholasberg,California,Equatorial Guinea,2025-03-23
C006159,Meghan,Hensley,Female,danielleherrera@example.net,Rhodesborough,Connecticut,Panama,2024-07-07
C006160,Jessica,Huff,Female,lisa26@example.net,Erinville,Ohio,Greenland,2025-01-24
C006161,Susan,Brown,Male,adambanks@example.org,Crystalburgh,Connecticut,Papua New Guinea,2025-01-28
C006162,Dawn,Smith,Male,tjones@example.net,North Stephanie,Oklahoma,Saint Helena,2025-08-18
C006163,Kenneth,Hall,,abowers@example.net,South Luisberg,New Mexico,Turkmenistan,2022-07-05
C006164,Brandon,Butler,,angela56@example.org,Lake John,Minnesota,France,2025-04-13
C006165,Joann,Perez,Female,rossrobert@example.org,Josetown,Rhode Island,Mali,2026-06-03
C006166,Michael,Moore,Male,lwarner@example.net,Andersonberg,Pennsylvania,Colombia,2022-09-13
C006167,Erica,Burgess,Male,icastillo@example.com,Robertmouth,Illinois,Burundi,2023-10-30
C006168,John,Hopkins,,obarber@example.net,Griffinview,South Dakota,Albania,2026-04-09
C006169,Cory,Stone,,steven66@example.net,Jamesshire,Missouri,Anguilla,2023-10-14
C006170,Christopher,Hill,,piercejohn@example.com,Howardberg,Alaska,Seychelles,2024-12-11
C006171,Patrick,Lopez,,kathleen18@example.org,Lake Vanessa,North Dakota,Marshall Islands,2025-09-08
C006172,Linda,Larsen,Male,stephenbrown@example.com,Dawnburgh,Missouri,Bahamas,2024-07-11
C006173,Julie,Hutchinson,,lunaleslie@example.com,Rogersberg,Hawaii,Suriname,2021-12-08
C006174,William,Gutierrez,Male,twallace@example.net,New Belindaborough,Alabama,Romania,2024-09-12
C006175,Raymond,Norris,,rshaw@example.org,Suarezbury,Indiana,Jordan,2021-12-22
C006176,Melissa,Davis,Male,levimosley@example.net,Coxburgh,New Jersey,Cameroon,2024-04-25
C006177,Maria,Rodriguez,Female,emily47@example.com,Port Kristin,Kansas,Malawi,2021-10-01
C006178,Phillip,Farmer,Male,loganbrooke@example.com,New Ronaldfort,Colorado,Turkey,2025-04-12
C006179,Nicole,Ramirez,,bakerrobert@example.com,East Brendabury,Nevada,Ukraine,2022-07-26
C006180,Dustin,Stone,Male,catherineburke@example.net,Port Sheriland,Indiana,Serbia,2023-01-20
C006181,Edward,Serrano,Male,pburns@example.net,Hughesstad,California,Nigeria,2023-09-21
C006182,Jason,Montoya,Male,phaney@example.net,South Kevin,Rhode Island,Belize,2023-01-19
C006183,Sheila,Young,Female,acraig@example.com,North Andrea,South Dakota,Congo,2022-08-18
C006184,Nicholas,Gay,Female,steinkelly@example.com,West Charlesside,Utah,Monaco,2024-02-24
C006185,Patricia,White,Female,kwilliams@example.net,West Jennifer,South Carolina,Bahrain,2022-10-01
C006186,Benjamin,Clay,,xadams@example.com,Grahambury,Oregon,Tokelau,2023-01-31
C006187,Amanda,Duncan,Female,tylerarcher@example.com,South Scott,Pennsylvania,Gabon,2026-02-01
C006188,Shannon,Lopez,Female,stevenhenson@example.org,New Edwardfurt,New Jersey,Guinea,2024-08-17
C006189,Timothy,Gilbert,,eharris@example.org,New Jamesville,New Jersey,Antarctica (the territory South of 60 deg S),2026-07-11
C006190,Stephen,Rodriguez,Male,brian17@example.org,Port Erin,New Hampshire,Indonesia,2021-11-27
C006191,Mark,Roberts,,pattersonnicole@example.com,Port Jacqueline,Ohio,Eritrea,2023-02-20
C006192,Kenneth,Reid,Male,randerson@example.net,Reedborough,South Carolina,Taiwan,2024-09-15
C006193,Seth,Holland,,donnadavis@example.net,New Gary,New Mexico,New Zealand,2026-07-11
C006194,Laura,Richardson,,qferguson@example.com,South Robertville,Colorado,Iran,2023-04-18
C006195,Alicia,Everett,Male,cody50@example.org,Michaelside,Connecticut,Spain,2025-10-26
C006196,Erica,Nunez,Male,perrydestiny@example.com,Allisonfort,New Mexico,Palestinian Territory,2025-07-21
C006197,Danielle,Lopez,,ismith@example.com,New Austin,Alaska,United Kingdom,2025-03-26
C006198,Theresa,Le,Female,troytaylor@example.org,Richardsville,Alabama,Netherlands,2024-12-18
C006199,Jessica,Porter,,ejackson@example.net,Port Patricktown,Vermont,Panama,2025-05-14
C006200,Nicole,Reynolds,,barnesbobby@example.com,Whitemouth,Illinois,Greenland,2023-12-04
C006201,Elizabeth,Smith,,markcole@example.org,Escobarburgh,Alabama,Austria,2024-11-13
C006202,Michael,Murphy,Female,alexis18@example.com,North Deniseburgh,Pennsylvania,New Caledonia,2025-05-25
C006203,Drew,Anderson,Female,elizabeth33@example.com,Lake Kim,Idaho,Oman,2025-06-25
C006204,Sandra,Byrd,Female,laurathomas@example.net,East Heather,Indiana,Iran,2024-09-17
C006205,John,Taylor,Male,uenglish@example.net,West Lynnfort,Tennessee,Estonia,2023-01-21
C006206,Rachel,Melton,,jacobsjennifer@example.org,Port Anthonymouth,South Dakota,Saint Helena,2024-05-07
C006207,Lindsay,Houston,Male,ybarnes@example.com,Matthewborough,Maine,Northern Mariana Islands,2024-10-26
C006208,Jessica,Bell,Female,ohunt@example.com,Port Chadland,North Carolina,Senegal,2026-04-24
C006209,Brandon,Gonzalez,Female,ndillon@example.com,South Janice,Massachusetts,Anguilla,2023-09-04
C006210,Lawrence,Walker,,connor16@example.org,Hawkinsport,Minnesota,Pitcairn Islands,2026-03-01
C006211,Colleen,Young,Male,michaelrichard@example.org,West Ebony,Florida,Sri Lanka,2023-09-25
C006212,Michelle,Jackson,Female,jacobanderson@example.net,South Dennis,North Dakota,Kyrgyz Republic,2021-09-11
C006213,Jack,Turner,Male,smithjennifer@example.com,Port Paulatown,Wyoming,Colombia,2024-05-29
C006214,Catherine,Allison,Female,tonya99@example.com,Robertside,Oregon,Uruguay,2023-05-11
C006215,Noah,Merritt,,catherine81@example.com,East Nancyton,Iowa,Central African Republic,2026-01-11
C006216,Dustin,Castro,Male,glenn21@example.org,Jillborough,Florida,Bermuda,2025-06-02
C006217,Natalie,Hall,,hensondeborah@example.com,New Mark,Alabama,Comoros,2021-09-16
C006218,David,Gonzalez,Male,perkinsmonica@example.com,North Geoffrey,Wyoming,Korea,2023-05-06
C006219,Brent,Roberson,,marklong@example.org,New Vanessatown,Nevada,Romania,2022-05-18
C006220,Lisa,French,Female,john74@example.com,South Melissa,Alabama,Guernsey,2022-09-15
C006221,Michael,Barnes,Female,agutierrez@example.org,Reyesbury,Wyoming,North Macedonia,2022-07-01
C006222,Derrick,Sandoval,Male,fmckee@example.com,East Stacyville,Louisiana,Cameroon,2025-12-06
C006223,Jerry,Porter,,tgilbert@example.org,Johnport,Alaska,Bosnia and Herzegovina,2022-09-27
C006224,Allison,Ruiz,Female,evan95@example.org,Lake Samantha,Connecticut,Malaysia,2026-03-16
C006225,Jonathan,Woodward,,amandacampbell@example.net,Robertbury,North Carolina,Algeria,2022-06-25
C006226,Amy,Rogers,,hernandezbrent@example.com,South Josephside,Vermont,Guyana,2025-02-10
C006227,Michelle,Richardson,Female,egreen@example.org,Port Mary,Delaware,Maldives,2023-11-19
C006228,John,Richardson,,barberamy@example.net,Fredbury,Texas,Timor-Leste,2023-05-19
C006229,Joseph,Taylor,Female,jenkinsamber@example.org,Arnoldbury,Michigan,Niue,2023-07-07
C006230,Gail,Maddox,Female,douglascohen@example.com,South Matthew,Nebraska,British Virgin Islands,2023-05-23
C006231,Travis,Hayes,,matthewcooper@example.org,Andersonview,Vermont,Mexico,2023-01-18
C006232,Sarah,Fleming,Female,wwilliams@example.net,Sandraview,Missouri,Bolivia,2023-10-25
C006233,Leslie,Morales,Male,smccarthy@example.com,Grosstown,Nevada,Saint Kitts and Nevis,2025-01-17
C006234,Kyle,Franklin,Female,suttonpaul@example.org,Rangelton,Alaska,Saint Kitts and Nevis,2026-06-12
C006235,Seth,Brown,Female,pattersonkenneth@example.org,Port James,Minnesota,Peru,2025-05-03
C006236,Randy,Howell,,brownamy@example.org,Aliciaside,South Dakota,Netherlands,2023-02-13
C006237,Glenda,Rivas,Female,charles12@example.com,East Carmen,Arkansas,Jamaica,2025-05-25
C006238,Christopher,Buchanan,,kristenwilson@example.net,Lake Kiara,Massachusetts,Swaziland,2022-04-15
C006239,Chris,Jenkins,Male,jholmes@example.org,Webbchester,Washington,Korea,2023-08-17
C006240,Nathan,Roberts,Female,jwalker@example.com,Matthewmouth,Delaware,Uganda,2025-08-21
C006241,Christopher,Boyd,Male,sdominguez@example.net,New Jessicatown,Nevada,Congo,2022-08-27
C006242,Crystal,Roberson,Female,stephanie26@example.com,East Mary,West Virginia,Maldives,2022-02-10
C006243,Robert,Rogers,Male,raymondwilliams@example.net,Andersonburgh,Utah,Mauritania,2022-05-04
C006244,Margaret,Johnson,Female,crystal95@example.net,Whiteview,Colorado,Norway,2022-10-18
C006245,Kimberly,Ramirez,,swansonjohn@example.org,Donnaland,Louisiana,Chile,2021-12-22
C006246,Michael,Hernandez,Male,susan51@example.com,West Jeff,Georgia,Guatemala,2021-11-14
C006247,Alison,Acosta,,tiffanybailey@example.org,West Heather,California,Guyana,2024-07-11
C006248,Karen,Oliver,,jenniferdaniels@example.com,Edwinbury,Minnesota,Switzerland,2025-11-16
C006249,Nicole,Taylor,Male,barnessean@example.net,West Carolinefort,Montana,French Guiana,2022-04-12
C006250,Randall,Austin,Female,phenson@example.org,Port Monica,Maryland,China,2022-06-23
C006251,Justin,Mayo,Female,tmatthews@example.org,Lake Danielton,Arizona,Haiti,2022-05-19
C006252,Leon,Howell,Female,howellcody@example.com,South Georgeton,Oregon,Peru,2024-04-03
C006253,Rebecca,Moore,,daybailey@example.org,West Georgeland,Wisconsin,South Africa,2024-08-09
C006254,Kari,Poole,,kennedyalexandra@example.com,West Patricia,Montana,Puerto Rico,2025-10-17
C006255,Micheal,Allen,Male,qnelson@example.com,Deborahport,Wisconsin,Gibraltar,2023-06-12
C006256,Paul,Cannon,,karias@example.net,Jeremyfort,Maryland,Netherlands,2022-06-01
C006257,Crystal,Jones,Female,zoconnell@example.org,Lake Robert,Minnesota,Sierra Leone,2023-01-04
C006258,Teresa,Hall,Male,davisdonald@example.com,South Jenniferport,Massachusetts,Georgia,2023-12-20
C006259,Nichole,Mccormick,Female,pennyduncan@example.net,West Melindafort,Rhode Island,Rwanda,2022-01-05
C006260,John,Simon,Male,mariamatthews@example.org,Joneshaven,Michigan,Saint Barthelemy,2021-07-28
C006261,Christina,Ross,Female,deleonjonathan@example.org,Port Anthony,Wisconsin,Ghana,2023-12-22
C006262,Ronald,Baldwin,,carteralexander@example.net,South Andrew,Minnesota,Finland,2022-05-04
C006263,Robert,Bailey,,jcampbell@example.net,Danielport,Kentucky,French Southern Territories,2023-01-06
C006264,Charles,Rollins,Female,lesliebanks@example.net,Port Donna,Michigan,Cameroon,2023-07-12
C006265,Steve,Sanchez,Male,mooneypatrick@example.org,Mendozahaven,Oregon,Aruba,2022-12-24
C006266,Kathleen,Ferguson,,gentryalex@example.org,North Lesliestad,Alaska,Kyrgyz Republic,2025-06-23
C006267,David,Smith,Male,xavier87@example.org,Carlsonfort,Kansas,Togo,2022-09-10
C006268,Dustin,Rodriguez,Female,brianhowell@example.org,Carriehaven,Rhode Island,Burundi,2022-02-24
C006269,Patrick,Bailey,Female,berryrebecca@example.net,Stevenborough,South Carolina,Mali,2025-10-02
C006270,Jeffrey,Cruz,Female,rebecca90@example.net,Walterstown,South Carolina,Japan,2021-09-28
C006271,Paula,Meyer,Male,samanthagill@example.net,New Crystal,Hawaii,Cocos (Keeling) Islands,2022-10-06
C006272,Jason,Stewart,,dholden@example.net,West Cherylmouth,Alaska,Pakistan,2021-11-21
C006273,Amy,Sloan,Female,ahernandez@example.net,Wardmouth,New York,Iraq,2024-01-01
C006274,Jessica,Barron,Male,amartinez@example.net,Lisahaven,Indiana,Netherlands,2024-01-18
C006275,Aaron,Williams,,nlewis@example.com,Romeroside,Missouri,Guinea,2023-10-06
C006276,Walter,Mejia,,richardbond@example.net,South Karashire,Vermont,Thailand,2025-04-21
C006277,Samantha,Smith,Male,alexandriacain@example.com,West Jamieside,Ohio,Afghanistan,2022-01-03
C006278,Melissa,Jones,Female,smithmichael@example.net,West Ellen,Maryland,Portugal,2024-04-10
C006279,Denise,Peters,,marksanders@example.com,Lake Scotthaven,Maryland,Cuba,2025-12-25
C006280,Michelle,Hayes,Male,garciaaimee@example.org,Port Michael,Utah,Montserrat,2024-02-15
C006281,David,Graves,Male,heather35@example.org,Emilychester,Wisconsin,Sweden,2024-07-13
C006282,Katherine,Patterson,,kathleen25@example.net,West Joycetown,California,Nicaragua,2026-03-22
C006283,Samantha,Pope,Male,mannwilliam@example.com,Lake Jacob,Maryland,Tuvalu,2025-07-06
C006284,Tyler,Collins,Female,larrywhite@example.net,Crystalburgh,Georgia,Moldova,2023-08-01
C006285,Brandi,Thomas,Male,nancybarber@example.net,North Terri,Nevada,Cape Verde,2024-04-05
C006286,Angela,Reed,Male,vegabernard@example.com,West Candace,California,Cook Islands,2022-06-26
C006287,Lisa,Bell,Male,wjohnson@example.com,Laurenland,Kentucky,Malawi,2022-04-13
C006288,Joshua,Clark,Male,whitematthew@example.com,Nicolemouth,New Hampshire,Cote d'Ivoire,2024-07-15
C006289,Jeffrey,Freeman,,danielleross@example.net,Michaelberg,Texas,India,2022-05-09
C006290,Marilyn,Sparks,Female,adamserica@example.org,Jeffshire,Mississippi,Yemen,2024-07-17
C006291,Lucas,Guzman,Male,marshallevan@example.org,Brownchester,Vermont,Libyan Arab Jamahiriya,2024-08-28
C006292,Lori,Gordon,Male,thomasprice@example.org,West Patriciaburgh,New Mexico,United States Virgin Islands,2023-12-26
C006293,James,Campbell,Male,martinezkevin@example.net,Fergusontown,Minnesota,Canada,2024-06-09
C006294,Amy,Mitchell,Male,carrollbruce@example.org,Lindahaven,New Jersey,Malawi,2022-04-30
C006295,Michelle,Gonzalez,,mercerandrew@example.org,East Shawnbury,South Dakota,Guatemala,2023-01-27
C006296,Meredith,Diaz,,jamesbecker@example.org,South Joshuamouth,Ohio,Saint Martin,2023-05-16
C006297,Bruce,Page,Female,weberjennifer@example.org,Jonesside,Missouri,Guinea,2024-02-05
C006298,Luis,Smith,,likeith@example.com,Amandaville,Oregon,Sri Lanka,2025-05-25
C006299,Jamie,Levy,Male,morganjohnson@example.com,West Georgemouth,Alaska,Belgium,2024-07-25
C006300,Christian,Olson,,belliott@example.com,Bowmanton,Alabama,Tokelau,2026-07-13
C006301,Isaac,Morris,Male,jonesshannon@example.com,Cherylmouth,Utah,Finland,2025-08-01
C006302,Deanna,Johnson,Female,jameshart@example.org,Ibarraport,Tennessee,Fiji,2023-12-28
C006303,Steven,Barber,Female,barnesbrett@example.com,Jensenmouth,Florida,Latvia,2022-08-05
C006304,Meghan,Bauer,,tammysimon@example.org,Brittanyburgh,Florida,United States Virgin Islands,2025-08-25
C006305,Zachary,Harper,Female,hgibbs@example.com,Lake Kelly,Kentucky,Ethiopia,2023-04-15
C006306,Randy,Dunlap,Female,lewisalexis@example.com,Port Amberport,Rhode Island,Lebanon,2024-03-03
C006307,Jeffrey,Stewart,,mcbridedominic@example.net,Fieldsbury,Oregon,Ecuador,2026-04-04
C006308,Jennifer,Wilson,Female,suttonnorman@example.com,Brittanyside,Alaska,Isle of Man,2022-03-28
C006309,Belinda,Stewart,Female,joansimpson@example.com,Brownburgh,Minnesota,Bahamas,2025-10-09
C006310,Patricia,Lee,Male,kristinasmith@example.org,Townsendburgh,Georgia,American Samoa,2023-03-04
C006311,Kristi,Davila,,matthew28@example.org,West Ashley,North Carolina,Ghana,2025-09-06
C006312,Sergio,Flores,Female,marymeadows@example.org,Bennettton,Indiana,Mexico,2022-05-06
C006313,David,Gutierrez,Female,duranlaura@example.org,West Laura,Massachusetts,Bahrain,2022-10-11
C006314,Nichole,Campos,Male,mnicholson@example.com,Port Kristina,Nebraska,French Guiana,2024-10-12
C006315,Tyrone,Henry,,ssmith@example.com,Thompsonstad,Minnesota,Greenland,2022-04-01
C006316,Peggy,Hernandez,Male,rosssandra@example.net,Katherinestad,Oregon,Solomon Islands,2025-12-09
C006317,Danny,Bradley,Male,kingjoseph@example.net,South Marcofort,North Dakota,Samoa,2025-09-21
C006318,Chelsea,Turner,,zlloyd@example.org,Port Allisonmouth,Arkansas,Tanzania,2021-08-19
C006319,Joseph,Mejia,Female,smithchristopher@example.org,Port Antonio,Illinois,Brazil,2023-06-08
C006320,Ryan,Marshall,Female,jacob63@example.com,Lake Jonathan,Louisiana,Gabon,2026-06-02
C006321,Michael,Fry,,uhamilton@example.com,Ricehaven,Oregon,Bhutan,2025-07-21
C006322,Laura,Hanson,Male,xhenry@example.net,Port Kylemouth,Virginia,Macao,2021-09-02
C006323,Julia,Thomas,,martinkimberly@example.com,Port Robert,Alabama,Botswana,2023-01-28
C006324,Jacob,Allen,Female,davidhanson@example.com,Lake Rebecca,Kentucky,Sao Tome and Principe,2022-01-25
C006325,Brianna,Higgins,Female,jeffrey43@example.org,Joneshaven,Maryland,Isle of Man,2023-09-21
C006326,Catherine,Sanchez,,daniel49@example.org,East Sandra,Connecticut,Egypt,2024-05-30
C006327,Olivia,Stevenson,Male,heidi20@example.net,Harrisland,Mississippi,Taiwan,2024-12-05
C006328,Jennifer,Burns,Female,psutton@example.net,Howardberg,Montana,Djibouti,2026-04-21
C006329,Kristin,Zimmerman,Male,gordonjacob@example.net,New Samuel,Pennsylvania,Senegal,2025-05-15
C006330,Eric,Clark,,adrian54@example.com,Nathanmouth,Wisconsin,Panama,2023-07-30
C006331,Abigail,Murillo,,jacobshort@example.org,East Williamtown,Rhode Island,Bangladesh,2025-08-11
C006332,Anna,Miller,Female,fwolfe@example.net,Port Tony,Tennessee,Solomon Islands,2022-02-22
C006333,Brittany,Sullivan,Female,stephanie87@example.com,Martinezland,Virginia,Korea,2024-01-05
C006334,Jill,Campbell,,lance56@example.com,Mitchellfort,Michigan,Tunisia,2024-07-26
C006335,Isaiah,Case,Male,lewissara@example.org,Port Codyburgh,South Carolina,Poland,2023-05-25
C006336,Wayne,Contreras,Male,seth35@example.org,Bakermouth,Connecticut,Qatar,2025-03-02
C006337,Kevin,Burton,,gonzalezbob@example.com,Douglasport,Arkansas,Saint Lucia,2022-11-17
C006338,Ryan,Morris,Male,carlosthompson@example.org,New Lisa,Nevada,Ghana,2022-01-23
C006339,Katherine,Scott,Female,ashleyanderson@example.org,South Antonio,Tennessee,Venezuela,2021-09-25
C006340,Michael,Jones,,sheltonjack@example.org,South Jennifer,Nevada,Bolivia,2023-04-28
C006341,Jonathan,Hernandez,Male,millersarah@example.com,Sarahburgh,Kansas,British Indian Ocean Territory (Chagos Archipelago),2024-05-14
C006342,William,Rowland,Female,georgeolson@example.com,East Kellytown,South Carolina,Kenya,2025-11-02
C006343,Jessica,Atkins,Female,adamsamanda@example.com,South Dustin,Wyoming,Kazakhstan,2026-05-07
C006344,Joseph,Richard,,hoffmanjake@example.com,Dennisfort,Nevada,French Guiana,2022-05-18
C006345,Sandra,King,Female,hpierce@example.net,South Cameron,Vermont,Vanuatu,2024-11-22
C006346,Michael,Fernandez,Male,jcollier@example.com,Eugeneton,Tennessee,Austria,2022-09-09
C006347,Melissa,Long,,taylorchristopher@example.org,South Arthurtown,Maine,Rwanda,2026-01-16
C006348,Amy,Barrett,Female,thall@example.net,West Derekmouth,Washington,Afghanistan,2022-03-17
C006349,Victor,Allen,Male,dtate@example.net,South Erikaville,Nevada,Bulgaria,2024-06-17
C006350,Wyatt,Jones,Female,rivasshannon@example.org,Douglasfort,Nevada,Liechtenstein,2025-11-29
C006351,Stacy,Jones,Female,dcruz@example.com,Amyside,Utah,Svalbard & Jan Mayen Islands,2025-04-20
C006352,Alexandra,Valdez,,joseph24@example.com,West Jessicahaven,North Carolina,Iraq,2023-01-09
C006353,Michael,Shaw,Female,leslie26@example.com,South Patricia,Nebraska,Yemen,2026-05-20
C006354,Shelia,Young,Female,coopergeorge@example.com,Lake Stevenside,Indiana,United States of America,2022-06-24
C006355,Christian,James,Male,tranzachary@example.org,Lewismouth,North Dakota,Peru,2023-04-09
C006356,Julie,Lawrence,Female,sbrown@example.com,Wagnerside,Idaho,Jordan,2026-02-25
C006357,Joel,Thompson,Female,ian59@example.org,Smithtown,Michigan,Burkina Faso,2023-04-25
C006358,Laura,Foster,Male,lmccall@example.com,Wilsonburgh,Connecticut,Bahrain,2024-09-13
C006359,Alex,Dunn,Female,agreen@example.org,Crystalport,New Jersey,Brazil,2025-07-29
C006360,Casey,Daniel,,thomasgibson@example.org,Lake Jack,Arizona,Anguilla,2023-09-01
C006361,Daniel,Brewer,Female,ryanlynch@example.org,Stricklandside,Alabama,Chile,2025-11-22
C006362,James,Reid,Female,ernest58@example.net,Erinchester,Kansas,Spain,2024-05-11
C006363,Tara,Rios,Female,peter74@example.net,South Juliehaven,Delaware,Ghana,2023-03-15
C006364,Ryan,Lee,Female,dmullins@example.net,Thomasmouth,Wisconsin,Brazil,2025-11-02
C006365,Adam,Lopez,Female,lukehawkins@example.com,Aprilshire,Pennsylvania,Cote d'Ivoire,2022-07-26
C006366,Laura,Morgan,Male,westryan@example.net,Jamesview,Pennsylvania,Nicaragua,2025-07-16
C006367,Andrew,Moss,,joyce72@example.com,Mooretown,South Carolina,Tunisia,2022-04-05
C006368,Tiffany,Mcgee,Male,phillipsvickie@example.net,Lauraview,Arkansas,Marshall Islands,2024-01-20
C006369,Amber,Blevins,,ryanhicks@example.net,Shannonmouth,Georgia,Faroe Islands,2025-12-30
C006370,Evan,Wilson,,rachel01@example.org,New Garymouth,Kentucky,Norfolk Island,2024-05-17
C006371,Debra,Anderson,Male,curtisdaniel@example.net,Barbaraport,Nevada,Ecuador,2022-07-04
C006372,Anna,Christensen,Male,qdonaldson@example.net,Dylanchester,Pennsylvania,United States of America,2021-10-16
C006373,Steven,Johnson,,dhowell@example.net,Sharonborough,New Jersey,Bahamas,2024-12-29
C006374,Carol,Young,Female,carrierojas@example.net,Navarroland,Kentucky,Northern Mariana Islands,2026-01-27
C006375,Sarah,Russell,Male,ywhite@example.net,West Larrymouth,Idaho,Belarus,2024-07-06
C006376,Kimberly,Jackson,,umartinez@example.net,Alexfort,Nebraska,Sudan,2021-11-09
C006377,Teresa,Wright,Female,kimmark@example.com,Williamsfort,Pennsylvania,Kuwait,2025-02-03
C006378,Brian,Villarreal,Female,bmccormick@example.net,Katherineview,Kentucky,Taiwan,2025-05-07
C006379,Hannah,Edwards,Male,tammy33@example.com,Bradleyport,Nebraska,Mayotte,2021-11-13
C006380,David,Bean,Male,yhenderson@example.com,North Jean,New York,United Arab Emirates,2024-11-22
C006381,Hailey,Jensen,,qanderson@example.net,Bakerborough,Iowa,French Southern Territories,2026-04-11
C006382,David,Bridges,Male,keithmccall@example.net,Johnsonmouth,Michigan,Colombia,2023-07-13
C006383,Christie,Butler,Female,tim39@example.org,Dayville,Illinois,Nigeria,2022-11-18
C006384,Andrea,Lynch,Male,davidmyers@example.org,Chunghaven,Louisiana,Malta,2022-02-01
C006385,David,Hernandez,Male,matthewthompson@example.com,Torresville,Minnesota,Slovenia,2022-08-11
C006386,Kyle,Walters,Female,mfoley@example.net,Lake Alicehaven,Michigan,Guernsey,2022-12-04
C006387,Austin,Myers,Female,chelseygarrett@example.com,North Janiceside,Oregon,Samoa,2022-11-09
C006388,Katrina,Lewis,Male,moralesnicole@example.com,East Paula,Florida,Antigua and Barbuda,2023-11-06
C006389,Charles,Allen,,cmorgan@example.net,Mccarthyside,Delaware,American Samoa,2022-10-14
C006390,Bruce,Martin,,garciajeffrey@example.org,West Chloemouth,Wisconsin,Qatar,2023-02-09
C006391,Sheila,Thomas,,afreeman@example.net,Port Christinetown,Maryland,Ecuador,2023-10-23
C006392,Craig,Mitchell,,silvaallison@example.net,South Patricia,Nebraska,Qatar,2025-11-18
C006393,Jesse,Williams,Female,onealbenjamin@example.com,Lopezshire,Mississippi,Costa Rica,2022-07-02
C006394,Theresa,Wilson,Female,jeremyfuentes@example.com,Wilsonberg,Rhode Island,Turkey,2024-06-19
C006395,Theresa,Navarro,Female,hopkinskim@example.com,West Kennethberg,Tennessee,Saint Barthelemy,2022-10-18
C006396,Maurice,Yoder,Female,elizabethedwards@example.org,East Emily,Hawaii,Gabon,2025-12-24
C006397,Sara,Davenport,,zparker@example.net,Wallerberg,New York,Belize,2024-04-27
C006398,Michael,Jones,,sbrown@example.com,Barronmouth,Ohio,Saint Martin,2026-02-09
C006399,Angelica,Hunter,Male,craig86@example.com,New Katie,Indiana,Jordan,2024-07-19
C006400,Ashley,Rojas,Female,lisa20@example.org,East Patriciaburgh,Delaware,Bahamas,2023-01-29
C006401,Suzanne,Davis,Male,sarah81@example.org,East Charles,North Dakota,Jersey,2022-07-24
C006402,Stephanie,Huerta,,jasonmorris@example.net,Lake Joshua,Illinois,Libyan Arab Jamahiriya,2025-04-22
C006403,Daniel,Blankenship,Male,marshalljacob@example.net,Maryville,Alabama,Egypt,2024-10-25
C006404,Sharon,Koch,Male,jenkinsmary@example.net,Anthonymouth,Wisconsin,Palestinian Territory,2023-07-27
C006405,Darrell,Rice,Male,kimbenjamin@example.org,North Kevinhaven,Georgia,Bangladesh,2024-08-10
C006406,Barbara,Rodriguez,Female,bennettlisa@example.com,Brycemouth,Wisconsin,Angola,2021-11-29
C006407,Rebecca,Deleon,Female,tiffany15@example.org,Sherrymouth,Missouri,Malta,2025-09-12
C006408,Charles,Perez,,chasewalker@example.org,Port Clayton,Pennsylvania,Djibouti,2024-08-03
C006409,Patricia,Holmes,Male,kimberlyclark@example.net,Allenfort,Hawaii,Sierra Leone,2025-09-29
C006410,Gabriel,Nelson,Female,mgarcia@example.net,New Cody,Massachusetts,Uganda,2026-05-19
C006411,Scott,Kline,,mvincent@example.org,Milesview,Alabama,Djibouti,2023-07-19
C006412,Alicia,Barrera,Female,dyerfrederick@example.com,Albertview,West Virginia,Zimbabwe,2024-09-16
C006413,Emily,Caldwell,Female,ehenderson@example.com,South Julia,Virginia,Germany,2025-05-06
C006414,Eric,Rodriguez,Female,jamesreyes@example.net,Ryanview,Connecticut,Eritrea,2024-07-01
C006415,Adam,Jones,Female,christina38@example.org,Stacybury,Arkansas,Myanmar,2022-05-21
C006416,Susan,Hunter,,james44@example.com,Colemantown,Pennsylvania,South Africa,2025-10-12
C006417,Debra,Gray,,andrea49@example.com,South Sydneyport,Maryland,Ireland,2025-10-27
C006418,Carl,Ford,Female,jalvarado@example.net,North Alexander,Florida,Malta,2024-01-31
C006419,Shelby,Ramirez,Female,rhondaadams@example.com,Markton,New Mexico,Georgia,2025-10-09
C006420,Lisa,Meyers,Male,monicasmith@example.net,Faulknerview,Louisiana,Antarctica (the territory South of 60 deg S),2026-07-11
C006421,Alejandro,Smith,Female,ryan97@example.com,East Sheenachester,Kentucky,United Kingdom,2026-02-13
C006422,Nicholas,Turner,Male,marywilson@example.com,Greerhaven,Rhode Island,South Africa,2022-06-01
C006423,Vincent,Elliott,Female,lchoi@example.org,Vincentmouth,South Carolina,Jersey,2026-05-28
C006424,Jacob,Ward,,davidmacdonald@example.org,West Davidfurt,Arizona,Guyana,2025-01-03
C006425,Stephen,Mitchell,,edwardsluis@example.org,North Chrisstad,Maryland,Gambia,2023-11-12
C006426,Bryan,Green,Male,tracy79@example.net,Williamton,Virginia,Azerbaijan,2022-04-19
C006427,Adam,Vega,,melissastone@example.net,South Staceyshire,Missouri,Rwanda,2021-11-26
C006428,Alisha,Sawyer,,lauraalvarado@example.org,Elizabethville,Mississippi,Saint Helena,2025-09-05
C006429,Shaun,Moore,,jackpark@example.com,North Shawnstad,Maine,Cambodia,2023-07-14
C006430,Susan,Fletcher,,garymcintyre@example.net,East Josephborough,Maryland,Micronesia,2022-07-05
C006431,Christine,Todd,,ballchristian@example.net,Kaylafurt,Vermont,Romania,2023-12-26
C006432,Samuel,Bell,Male,andrewmann@example.net,Lake Julie,Maine,Moldova,2023-01-09
C006433,Heidi,Miller,Female,nruiz@example.net,New Ericbury,West Virginia,Kenya,2021-10-06
C006434,Alexa,Mckenzie,Female,zbaker@example.org,South Brittanyfort,Louisiana,Dominican Republic,2022-11-13
C006435,Amanda,Rodriguez,Female,miranda76@example.net,Theresastad,Arkansas,Cambodia,2022-01-18
C006436,Richard,Green,,cathy21@example.net,Darylland,New Mexico,Ireland,2025-05-13
C006437,John,Ortiz,,dunnkevin@example.org,North James,Minnesota,Cyprus,2023-06-02
C006438,Mark,Munoz,Female,james72@example.org,Lisatown,Alabama,North Macedonia,2023-08-28
C006439,Karen,Carter,,aaronthompson@example.org,Ashleybury,South Carolina,Suriname,2023-08-22
C006440,Leah,Griffin,Female,williamsjasmin@example.org,Lake Katelynbury,South Dakota,Sudan,2021-08-02
C006441,Derek,Clark,Male,johnmckinney@example.org,Lake Troy,Kentucky,Ghana,2022-08-09
C006442,Russell,Mathis,Female,ijohnson@example.com,Bushville,Idaho,Belgium,2025-10-23
C006443,Jeffrey,Romero,,leon62@example.org,New Daisy,Georgia,Fiji,2025-01-06
C006444,Amanda,Baker,Female,scummings@example.net,New Rebeccafurt,Vermont,Austria,2025-07-18
C006445,Brandi,Carpenter,Female,smithstephanie@example.com,Lake Steveton,North Dakota,Sweden,2021-12-14
C006446,Katherine,Colon,,hayleypeterson@example.net,Jessicaland,Wyoming,Haiti,2024-10-13
C006447,James,Farrell,Male,espinozageorge@example.org,Johnberg,Tennessee,Falkland Islands (Malvinas),2024-10-06
C006448,Martin,Bush,Male,stephanie28@example.org,Lake Lisaview,North Dakota,Uruguay,2023-08-12
C006449,Stephanie,Edwards,,lbauer@example.org,West Richard,South Carolina,Pakistan,2023-07-27
C006450,Joseph,Huffman,Female,hharris@example.net,Hicksville,Idaho,Russian Federation,2023-09-03
C006451,Ashley,Austin,Female,johnsonlarry@example.com,Tanyaburgh,West Virginia,France,2024-08-28
C006452,Kurt,Harmon,,marydavis@example.net,East Matthew,Colorado,Swaziland,2022-05-11
C006453,Randall,Krause,,washingtonamanda@example.com,New Stephen,Idaho,Bouvet Island (Bouvetoya),2022-10-05
C006454,Christina,Johnson,,kpatterson@example.org,Perezchester,Minnesota,Tanzania,2021-10-21
C006455,Jennifer,Hill,Female,phillipselizabeth@example.net,West Tina,Connecticut,Tuvalu,2023-12-19
C006456,Adam,Nunez,Male,fwilson@example.com,Cameronborough,North Dakota,Honduras,2023-01-20
C006457,Jose,Nicholson,Male,madison20@example.net,Solisport,New York,Samoa,2024-03-22
C006458,Jacob,Hale,Male,john12@example.org,Munozville,Massachusetts,Ecuador,2024-11-09
C006459,John,Gonzalez,Female,acochran@example.net,Karenside,Hawaii,United Kingdom,2022-04-19
C006460,Karen,Hancock,Male,regina32@example.org,Alanhaven,Maine,North Macedonia,2021-08-25
C006461,Deborah,Phillips,Female,alyssabaker@example.org,Taylorbury,Wisconsin,Cameroon,2023-03-03
C006462,Karen,Hicks,Female,kyle02@example.net,East Jasonberg,New Mexico,Jamaica,2025-11-07
C006463,Michelle,Willis,,laurahart@example.com,Vincentton,Missouri,Eritrea,2026-04-06
C006464,Rebecca,Hunt,Female,joy29@example.net,Powellbury,Delaware,Maldives,2024-12-24
C006465,Marcus,Davila,,austinpeter@example.org,Shawnaborough,Massachusetts,Angola,2024-01-21
C006466,Jesse,Brady,Female,pamela37@example.com,Johnstad,Rhode Island,Paraguay,2025-01-14
C006467,Dana,Hudson,,wendy33@example.org,Erinbury,Illinois,Thailand,2025-03-01
C006468,Monique,Long,,michelle33@example.net,East Marioview,New York,San Marino,2022-01-05
C006469,Roberta,Kennedy,Female,wilcoxphillip@example.com,Andreachester,New Mexico,Somalia,2024-04-20
C006470,Sabrina,Robertson,Female,raymondarroyo@example.com,Danielfort,Wyoming,Turkmenistan,2021-10-30
C006471,Cody,Rose,Female,robertfoster@example.org,Smithmouth,Michigan,Gambia,2023-05-09
C006472,Jennifer,Garcia,Female,colleen42@example.org,Jonesport,Massachusetts,Angola,2024-08-09
C006473,David,Little,,erickelly@example.net,West Jenniferland,South Dakota,Algeria,2026-06-10
C006474,Emily,Ray,,austin44@example.net,Lake Amy,Nebraska,Gambia,2026-05-02
C006475,William,Ball,,banksallison@example.org,Gravesmouth,Minnesota,Bolivia,2024-06-17
C006476,Kimberly,Ross,Female,jenna55@example.com,Maryburgh,Maine,Lithuania,2023-08-28
C006477,Derek,Ball,Female,savannah45@example.net,Andersonton,Mississippi,Aruba,2022-03-04
C006478,Christopher,Smith,Male,ronnieturner@example.net,Alvarezfort,Nevada,Saint Vincent and the Grenadines,2022-03-04
C006479,Gregory,Anderson,Male,cmorales@example.com,Michaelstad,Texas,Slovakia (Slovak Republic),2023-10-13
C006480,Melissa,Cummings,Male,fraziercandace@example.com,Wallaceland,Colorado,Iran,2022-05-22
C006481,Michael,Rogers,Male,toninicholson@example.net,Jacksonshire,Tennessee,Belgium,2024-03-31
C006482,Dana,Harris,,xmorgan@example.org,Waltersfort,Minnesota,Bolivia,2022-08-25
C006483,Kimberly,Norman,Male,bthomas@example.com,East Melissashire,Kentucky,Lebanon,2024-11-24
C006484,Terri,Spencer,,dana07@example.net,Reginabury,South Carolina,Croatia,2022-12-07
C006485,Dakota,Herring,Female,aevans@example.net,Lake Lisa,Massachusetts,Australia,2023-06-11
C006486,Raymond,Norris,,sanderskatherine@example.com,Parkermouth,Mississippi,Russian Federation,2021-08-24
C006487,Thomas,Smith,,xsmith@example.com,West Melissahaven,New Hampshire,Paraguay,2021-11-18
C006488,Rachel,Hall,,angelazimmerman@example.com,Moraleshaven,Minnesota,Jordan,2022-10-31
C006489,Cindy,Bailey,Male,harveyjustin@example.org,Norrisview,Washington,Bhutan,2023-09-06
C006490,Roberto,Campbell,Male,alicia96@example.org,Meghanchester,Alabama,Andorra,2024-05-07
C006491,Jonathan,Vaughan,Male,jill35@example.net,North Brandonfort,Arizona,Somalia,2026-03-10
C006492,Sean,Reynolds,Female,rebeccaparks@example.com,North Anthony,Vermont,Kuwait,2024-10-01
C006493,Juan,Ward,Male,qhill@example.org,East Amandabury,Illinois,Zimbabwe,2021-11-11
C006494,Susan,Allen,Male,wilsonamy@example.org,Sawyerstad,Wyoming,Comoros,2023-11-02
C006495,Kenneth,Suarez,Male,jessicasmith@example.org,Chenmouth,Louisiana,Guam,2024-12-26
C006496,William,Jones,Female,david06@example.org,Amandamouth,North Carolina,Bulgaria,2026-01-02
C006497,Sara,Franco,,michaellee@example.com,Lauraberg,Georgia,Angola,2023-02-19
C006498,Lisa,Mitchell,Male,hallgrant@example.com,West Stevenville,Montana,Switzerland,2025-12-12
C006499,Bryan,Morgan,Male,robert23@example.net,Port Dianeport,Maryland,Botswana,2024-04-19
C006500,Grace,Wallace,Female,clarkteresa@example.net,Carlchester,Kansas,Guyana,2023-01-07
C006501,Steven,Richardson,,amanda85@example.com,Ortiztown,Nevada,Montenegro,2025-09-11
C006502,Jasmine,Knapp,Male,nmichael@example.com,Lake Jacksonfort,Montana,South Africa,2022-03-03
C006503,Margaret,Gonzalez,Male,fturner@example.com,Port Emily,Mississippi,Guyana,2022-03-02
C006504,Michael,Lamb,Female,andrew82@example.net,New Christopherville,Arkansas,Chile,2023-06-17
C006505,Molly,Aguilar,,smithsandra@example.org,South Jennifershire,Louisiana,Monaco,2025-05-08
C006506,John,Smith,Male,carolynhenderson@example.org,Douglasland,Ohio,Vietnam,2025-08-26
C006507,Gregory,Suarez,Male,qwilliams@example.com,Lake Nathanhaven,West Virginia,Chile,2024-11-22
C006508,George,King,,lsantiago@example.com,New Crystal,Wisconsin,Latvia,2023-01-07
C006509,Eduardo,Henry,Female,albertgates@example.org,West Manuelhaven,Hawaii,Vanuatu,2025-08-01
C006510,John,Davis,Female,jonesbrittney@example.net,Snowhaven,Wyoming,Central African Republic,2022-04-01
C006511,Steven,Thompson,Male,robert19@example.com,South Corey,New York,Suriname,2023-03-16
C006512,Devin,West,Male,johnmorgan@example.org,New Sarahview,Maine,Tunisia,2023-02-08
C006513,Kristy,Greene,,xavier35@example.com,West Tracy,Nevada,Micronesia,2024-10-14
C006514,Brian,Garrison,Female,dellis@example.net,Fritzfurt,Mississippi,Eritrea,2021-10-06
C006515,Michael,Johnson,Female,jamespowell@example.com,West Kathrynfort,New Jersey,Bouvet Island (Bouvetoya),2025-10-07
C006516,Melissa,Miller,,stewartjohn@example.net,East Scotthaven,Iowa,Russian Federation,2022-11-14
C006517,Rhonda,Garza,Male,kgraves@example.org,New Curtis,Virginia,Tuvalu,2024-04-20
C006518,Brad,Griffin,Male,pamela85@example.net,Lake Christinahaven,Pennsylvania,Peru,2024-12-12
C006519,David,Heath,,losborn@example.com,East Tarabury,Kentucky,Liechtenstein,2026-05-26
C006520,Alicia,Hernandez,Male,robert16@example.org,Deniseton,California,Martinique,2023-08-16
C006521,Matthew,Young,Male,stephensonnancy@example.net,Lake Victorfurt,California,Zambia,2025-10-16
C006522,Heidi,Bond,Male,jenningsryan@example.org,West Susan,New Jersey,Angola,2021-09-26
C006523,David,Hinton,,rharding@example.com,Nicholasberg,Texas,Guatemala,2021-10-13
C006524,Seth,Ellis,Female,claytonkelley@example.net,Lake Amy,Indiana,Samoa,2025-01-02
C006525,Ashley,Smith,Female,qhunter@example.net,Brownland,Pennsylvania,Namibia,2022-03-17
C006526,Timothy,Wilson,Female,sjones@example.net,Port Jamesburgh,Ohio,Suriname,2023-11-06
C006527,Melanie,Sullivan,Female,rebeccawilson@example.org,North Stevenfurt,Alabama,Uzbekistan,2025-10-21
C006528,Scott,Davis,,wendyjones@example.com,New Williamstad,Montana,Netherlands,2025-12-01
C006529,Adam,Lawrence,Female,kennethmartinez@example.org,East Larry,Michigan,Cote d'Ivoire,2025-05-30
C006530,Jacob,Reid,,jennifer21@example.com,Teresahaven,Connecticut,Belize,2023-05-16
C006531,Jodi,Woods,Female,mayspaul@example.net,Wadehaven,Tennessee,Netherlands Antilles,2023-04-11
C006532,Maria,Oneill,Male,traceybrown@example.org,Caldwellberg,Kentucky,Mali,2021-12-08
C006533,Lisa,Fields,,christiegarcia@example.org,Lake Markhaven,Hawaii,Greece,2021-10-25
C006534,Kelly,Lewis,,claytonquinn@example.org,Lake Amyburgh,Ohio,Malta,2025-04-22
C006535,Gary,Davis,Male,lance70@example.net,Samanthaport,Kansas,Cote d'Ivoire,2022-06-15
C006536,Eric,Lawrence,,destiny43@example.org,Kellyborough,West Virginia,New Zealand,2022-06-26
C006537,Brian,Owens,,montoyamark@example.org,Jessicaton,West Virginia,Mauritius,2025-01-02
C006538,Christopher,Burton,Female,wmartin@example.org,Richardsstad,Connecticut,Saint Pierre and Miquelon,2026-04-11
C006539,Steven,Palmer,,stewartveronica@example.com,West Roger,Pennsylvania,France,2021-12-03
C006540,Keith,Lambert,,robert74@example.com,Robertfort,Oklahoma,Serbia,2021-10-04
C006541,Abigail,Cordova,,christopher00@example.com,West Austin,Nebraska,South Georgia and the South Sandwich Islands,2026-07-23
C006542,Gregory,Brewer,,nicholashernandez@example.org,Rodriguezville,Mississippi,Kazakhstan,2024-07-14
C006543,Scott,Dunlap,Female,jamesmoreno@example.net,Benjaminshire,Virginia,Antarctica (the territory South of 60 deg S),2024-10-09
C006544,Sara,Murray,,eric03@example.org,Crystaltown,Connecticut,Christmas Island,2022-09-14
C006545,Ashley,Petersen,,molinajanet@example.com,West Daniel,Minnesota,Poland,2024-02-06
C006546,Rhonda,Hernandez,,glennmichelle@example.com,North Bradleyside,Alabama,Reunion,2024-08-02
C006547,Ariana,Frost,,xrussell@example.net,West Randall,Connecticut,Russian Federation,2022-12-01
C006548,Brian,Kelley,Female,turnermichael@example.net,Smithside,Pennsylvania,Cape Verde,2025-08-08
C006549,Timothy,Parker,Female,ecummings@example.com,Gilbertport,Rhode Island,Venezuela,2024-08-29
C006550,Donna,Holland,Female,oross@example.net,South Anthonymouth,Montana,Montenegro,2023-01-04
C006551,Heather,Nguyen,,ejohnson@example.com,New Michael,Wisconsin,Sudan,2023-08-27
C006552,Katherine,Rogers,Male,waltersvictoria@example.net,Wallacemouth,Iowa,Anguilla,2022-12-13
C006553,Lee,Marshall,Male,deanna81@example.net,Sanchezberg,South Dakota,French Southern Territories,2025-05-09
C006554,Jason,Gonzalez,Female,moyersarah@example.com,Port Darinmouth,Kentucky,United Kingdom,2024-02-16
C006555,Debra,Garcia,Female,robertcasey@example.net,Glenntown,Michigan,Japan,2024-11-23
C006556,Adam,Benson,Female,dustinduarte@example.org,Saundersfurt,Mississippi,India,2022-08-07
C006557,Crystal,Hernandez,Female,kgeorge@example.net,Littleland,Vermont,Nigeria,2023-10-06
C006558,Jennifer,Mcguire,Female,walkeranne@example.org,East Deborahside,New York,Saint Barthelemy,2023-02-15
C006559,Gregory,Patel,Male,marycook@example.net,North Jillbury,California,New Zealand,2021-09-02
C006560,Leslie,Hawkins,Female,logannelson@example.org,North William,South Dakota,Honduras,2023-05-06
C006561,Linda,Gibson,Male,mary60@example.org,Karenbury,New Mexico,Switzerland,2024-02-09
C006562,Christopher,Guerra,Male,dosborn@example.net,Hernandezmouth,Kansas,China,2024-11-05
C006563,Nathan,Kirby,,lfischer@example.com,Angelaview,West Virginia,Togo,2021-07-27
C006564,Michael,Christensen,Male,alexandriamiller@example.net,South Dylan,Alabama,Honduras,2023-04-06
C006565,Ryan,Moore,Female,hruiz@example.org,Danmouth,North Carolina,Saint Lucia,2025-08-28
C006566,William,Williams,Female,alisonburns@example.net,West Linda,North Dakota,Indonesia,2026-01-03
C006567,Hayley,Steele,Female,valenzuelamichael@example.org,Thomasfort,Nevada,Chile,2023-08-03
C006568,Omar,Massey,,michaelpatterson@example.com,Melissaland,Kentucky,Jersey,2026-02-16
C006569,Catherine,Wagner,Male,adamsvanessa@example.net,Jeremyville,Ohio,Morocco,2025-12-08
C006570,Joel,Brennan,,yolanda30@example.com,Mirandastad,Kentucky,Mayotte,2022-08-11
C006571,Jerry,Gordon,Female,colemandaniel@example.org,Mitchellstad,Colorado,Malaysia,2025-11-10
C006572,Ronald,Owens,Female,elizabeth67@example.org,Riosberg,Maryland,Togo,2025-08-24
C006573,Brandon,Bryant,Female,zachary13@example.net,West Sara,Kentucky,Papua New Guinea,2024-11-21
C006574,Michael,Wu,Male,phillipsmichelle@example.net,Cynthiatown,West Virginia,Saudi Arabia,2023-09-17
C006575,James,Hanna,Female,john63@example.com,Millerchester,Massachusetts,Mayotte,2024-02-14
C006576,Thomas,Hatfield,Female,kellyjohnson@example.net,Angelabury,Ohio,Russian Federation,2022-11-21
C006577,James,Carney,,ramosthomas@example.org,Port Brett,Colorado,Fiji,2021-11-23
C006578,William,Bartlett,Male,reynoldsbradley@example.com,Lake Jessica,New Mexico,Niger,2023-10-09
C006579,Robert,Bass,Male,xporter@example.com,Salinasburgh,Alabama,Guatemala,2021-09-24
C006580,Bruce,Johnson,,kruegerbryan@example.net,South Sheila,Vermont,Iran,2022-06-29
C006581,Stephanie,Martinez,Female,moodymarissa@example.net,Andradeton,Pennsylvania,Austria,2025-07-20
C006582,Frank,Hernandez,Male,afitzgerald@example.org,Michaelport,Michigan,Argentina,2024-09-27
C006583,Joseph,Johnson,Female,svargas@example.org,Melanieberg,Florida,American Samoa,2022-05-26
C006584,Susan,Weber,,krista07@example.com,Stephaniebury,Michigan,Montenegro,2022-08-24
C006585,Michael,Mcfarland,Female,haleyharrison@example.org,Shawnfort,Maryland,Georgia,2021-12-28
C006586,Robert,Dyer,Female,davegraves@example.net,Erinhaven,Vermont,Niue,2026-06-09
C006587,Joseph,Brewer,Male,pdavidson@example.net,South Tamara,Connecticut,Lithuania,2024-12-12
C006588,Nicholas,Downs,Male,xnichols@example.org,Elizabethstad,Michigan,Palestinian Territory,2021-09-17
C006589,Christopher,Phillips,,ssmith@example.net,Port Cliffordborough,Tennessee,Denmark,2023-11-09
C006590,Brenda,Davis,,alisonfisher@example.org,North Kathleen,North Dakota,Maldives,2022-08-13
C006591,Matthew,West,,fishercolton@example.org,Lynnport,Hawaii,Guatemala,2025-01-12
C006592,Mark,Taylor,Female,joel09@example.com,North Marisa,Missouri,Guinea-Bissau,2024-09-07
C006593,Brenda,Lester,Female,susan08@example.org,Anitaberg,Tennessee,Panama,2024-02-28
C006594,Lisa,Newman,Male,meredith96@example.org,New Joefort,New Mexico,Burundi,2024-11-07
C006595,Matthew,Cooke,Female,jamesbest@example.net,Johnshire,Colorado,Antigua and Barbuda,2022-06-16
C006596,Paul,Harper,Male,oroberts@example.com,Jonathanfort,Alabama,Kiribati,2023-04-06
C006597,Luis,Ward,Female,ericholland@example.com,New Davidton,Wyoming,Macao,2026-06-17
C006598,Ashley,Leach,,tmcneil@example.org,South Tyler,Georgia,Monaco,2022-05-12
C006599,Michael,Kaiser,Male,cbennett@example.com,North Maryville,Vermont,Djibouti,2022-02-10
C006600,Samuel,Li,,jamessims@example.com,West Michael,New York,Chile,2022-09-08
C006601,Kristin,Valdez,,aliciacurry@example.net,Patriciashire,Ohio,Barbados,2022-02-04
C006602,Danielle,Bridges,,uward@example.com,New Nicole,Ohio,Malta,2021-09-18
C006603,Brandon,Ellis,,cole52@example.com,Cabrerahaven,West Virginia,Kazakhstan,2025-04-22
C006604,Lisa,Smith,Female,johnsonjames@example.org,West Donna,Texas,Lebanon,2023-03-11
C006605,Corey,Reid,Female,rwalker@example.net,Laurenside,New York,Turkey,2025-06-17
C006606,William,Spence,,rogertodd@example.org,East Cathyport,Washington,Norway,2025-01-23
C006607,Deanna,Quinn,,lindajones@example.com,South Morganburgh,New Mexico,Antarctica (the territory South of 60 deg S),2021-12-25
C006608,Ashley,Clark,,ideleon@example.org,Craigside,Kansas,Iraq,2021-07-29
C006609,Catherine,Henderson,Female,kimberly87@example.net,Chelsealand,New Hampshire,Congo,2022-07-22
C006610,Dennis,Johnson,Female,joshuazimmerman@example.org,Levinemouth,Maine,Cuba,2023-03-31
C006611,William,Cox,Male,melissadeleon@example.net,Paulview,Vermont,Ecuador,2026-01-10
C006612,Katie,Taylor,Male,sanfordmark@example.org,Brianshire,Alabama,Guinea,2021-10-09
C006613,Crystal,Page,Male,michael37@example.org,Alexanderburgh,Tennessee,Hungary,2026-02-13
C006614,Ashley,Cooper,Male,ronaldruiz@example.org,Melanieland,North Dakota,Vanuatu,2024-04-15
C006615,Derek,Page,Female,jjohnson@example.org,South Karen,Colorado,Cuba,2024-07-31
C006616,Ashley,Jackson,Male,sarahwillis@example.net,Guerraview,Utah,Norway,2023-01-06
C006617,Cody,Villarreal,,dwaynefisher@example.net,Port Maryside,Nebraska,Japan,2021-08-08
C006618,Sergio,Wolfe,Female,keith20@example.com,South Tracybury,Tennessee,Heard Island and McDonald Islands,2024-12-09
C006619,Cheryl,Cortez,,christopherpayne@example.net,Darylhaven,West Virginia,Jersey,2025-03-29
C006620,Teresa,Smith,Female,david11@example.net,South Roberta,Minnesota,Slovakia (Slovak Republic),2023-10-26
C006621,Tammy,Booker,Female,randall74@example.com,Matthewstad,New Hampshire,Germany,2024-11-07
C006622,Ashley,Hall,,matthewmason@example.net,Elizabethside,Mississippi,Saint Vincent and the Grenadines,2025-04-27
C006623,Bryan,Ward,,shannon50@example.net,Rodneystad,Indiana,Equatorial Guinea,2025-10-13
C006624,Matthew,Pena,Female,kathleenhoffman@example.net,Lake Eric,Alabama,Chile,2024-05-31
C006625,Deborah,Miles,Male,kim05@example.com,Holtside,New Hampshire,Paraguay,2025-09-01
C006626,Sarah,Blake,Female,barrystone@example.net,Fosterland,Colorado,Austria,2024-12-27
C006627,Carol,Huff,Male,victoriamartin@example.net,Colemanstad,Kansas,Haiti,2026-07-12
C006628,Donna,Jones,Male,lori79@example.org,Mooreview,North Dakota,Iran,2024-05-08
C006629,Franklin,Young,Male,michael51@example.org,West Richard,New Hampshire,Dominica,2021-10-23
C006630,Lisa,Everett,,amy08@example.org,Lake Todd,Florida,Thailand,2024-01-12
C006631,Joshua,Smith,Male,websterchristopher@example.com,Youngville,West Virginia,South Georgia and the South Sandwich Islands,2021-11-21
C006632,Jessica,Lowery,Male,amy57@example.net,Port Carrie,Iowa,Syrian Arab Republic,2025-09-25
C006633,Craig,Hernandez,Male,garciajustin@example.com,Aguilarfurt,Louisiana,Mexico,2022-11-20
C006634,Christopher,Rivera,Female,johnsonkevin@example.org,Douglasville,New Jersey,Panama,2022-07-31
C006635,Alan,Lopez,Female,noblenatalie@example.org,Richtown,Oregon,Comoros,2021-12-05
C006636,Aaron,Jenkins,Male,branchjeremiah@example.net,Elizabethfort,Delaware,Turkmenistan,2023-12-17
C006637,Scott,Roy,,sreyes@example.org,Port Paulburgh,Massachusetts,Mongolia,2023-04-12
C006638,Susan,Ward,Female,esalazar@example.org,New Maryborough,New York,Cape Verde,2023-03-04
C006639,Michael,Cabrera,,myersamanda@example.net,Port Tyler,Massachusetts,Andorra,2022-02-04
C006640,Angela,Martinez,Male,mcintyregary@example.org,South Morgan,Virginia,Iraq,2023-04-30
C006641,Jacqueline,Sanders,Male,warddonald@example.com,East Felicia,New York,Suriname,2023-04-17
C006642,Robin,Orr,Male,thomas80@example.org,Georgetown,New York,French Polynesia,2024-03-26
C006643,Ashlee,Oliver,Male,willie83@example.net,Ballview,New Hampshire,Netherlands Antilles,2022-02-15
C006644,Shelly,Sutton,Male,kbernard@example.net,West Kevinstad,Alaska,Togo,2025-07-03
C006645,Harold,Gonzalez,Female,josehicks@example.net,Port Jonathanburgh,New York,Estonia,2022-03-17
C006646,Erin,Wagner,Male,wardcarolyn@example.com,Markside,Georgia,Spain,2023-12-24
C006647,Jay,Miles,Female,scottryan@example.net,New Heather,Hawaii,Ethiopia,2022-02-28
C006648,Morgan,Fitzpatrick,Female,alicia00@example.com,South Travishaven,Virginia,Lithuania,2026-07-03
C006649,Tiffany,Adams,Female,anitaacevedo@example.org,North Emilyburgh,New Mexico,Cuba,2022-09-21
C006650,Marc,Grant,Female,meghansnyder@example.org,Byrdburgh,California,Mauritius,2022-05-28
C006651,Tracy,Kirby,Female,shaun31@example.com,Johnfurt,Iowa,New Caledonia,2023-10-16
C006652,Kaylee,Rios,Female,walkerdarren@example.net,Johnchester,Ohio,Chad,2022-05-14
C006653,Brenda,Pena,,robertjones@example.com,Rodriguezside,Indiana,Algeria,2021-10-27
C006654,James,Fuller,Male,fparker@example.com,Kelleyfort,Maryland,Mali,2022-04-23
C006655,Lori,Chavez,Female,rosevega@example.org,Lake Christine,West Virginia,San Marino,2022-03-20
C006656,Melinda,Nguyen,Male,oallen@example.org,New Stephaniechester,Connecticut,Timor-Leste,2025-03-02
C006657,Jacqueline,Thomas,Male,elawrence@example.org,North Micheleshire,North Carolina,Sweden,2022-03-18
C006658,Molly,Meyer,Male,russellbryce@example.org,Hintonside,Oklahoma,Poland,2025-08-23
C006659,Maria,Mendoza,Female,garciaamy@example.net,Kennedyshire,Nebraska,Guernsey,2022-05-13
C006660,Ryan,Allen,Female,martinmary@example.com,Port Jamesmouth,Washington,Sweden,2026-01-14
C006661,Anna,Oconnor,Male,lhamilton@example.net,New Carlosmouth,Maine,Bangladesh,2025-10-02
C006662,Amy,Clark,,douglasmichael@example.com,Lewismouth,Arizona,Pitcairn Islands,2024-03-26
C006663,David,Grimes,Female,troy30@example.org,West Barbara,Alaska,Thailand,2023-10-19
C006664,Susan,Bray,Male,joshuamelton@example.org,West Robert,Georgia,Antarctica (the territory South of 60 deg S),2023-12-08
C006665,Michelle,Brown,Male,rodriguezjenna@example.org,Judithberg,New Jersey,China,2026-03-29
C006666,Glen,Black,Female,amanda09@example.org,West Lauraland,New Jersey,Tajikistan,2022-12-25
C006667,Amber,Hogan,Female,banderson@example.com,Castillochester,Louisiana,Dominican Republic,2024-09-13
C006668,Candace,Brown,Male,frank59@example.net,Lake Tara,Arkansas,Tunisia,2022-03-29
C006669,Melissa,Chen,Male,braunjennifer@example.com,Oliviastad,California,Kyrgyz Republic,2022-11-18
C006670,Scott,Esparza,,johncampbell@example.net,Longchester,Maine,Kazakhstan,2024-09-03
C006671,Diane,Sandoval,Male,zstout@example.net,East Johntown,Louisiana,Hungary,2024-02-04
C006672,Heather,Warner,Female,floresdennis@example.com,Benjaminfurt,Arizona,Egypt,2021-10-01
C006673,Margaret,Ward,Female,ricky39@example.net,Mcculloughberg,Idaho,Namibia,2024-09-09
C006674,David,Green,Male,heather63@example.net,Jefferybury,Rhode Island,Mozambique,2025-06-07
C006675,Chad,Sanchez,,virginiagraham@example.net,Port Sean,Texas,Saint Martin,2023-11-26
C006676,Virginia,Sanders,Male,ukane@example.org,New Stevenland,Nebraska,Turkmenistan,2023-06-28
C006677,Brenda,Hudson,Male,josephmiller@example.com,Patrickburgh,Kentucky,Brunei Darussalam,2026-06-04
C006678,Lisa,Anderson,Female,wrich@example.net,Gregorymouth,Delaware,Serbia,2023-11-10
C006679,Elizabeth,Lee,,nicole64@example.net,Bryanville,Kentucky,Sweden,2022-09-03
C006680,Joshua,Patel,Male,meganmiller@example.com,Peggytown,North Carolina,Malaysia,2024-09-13
C006681,Tim,Booker,,browneric@example.org,New Daniel,Montana,Aruba,2022-05-27
C006682,Mark,Wright,,kelly10@example.org,North Charles,Oregon,Burkina Faso,2021-12-03
C006683,Angel,Keith,Male,eduardorose@example.net,South Aaron,Rhode Island,Saint Martin,2024-09-08
C006684,Tony,Thompson,Female,jsanchez@example.net,East Elizabeth,Arkansas,United Arab Emirates,2025-10-09
C006685,Eric,Harris,Female,frank24@example.org,South Maryberg,Louisiana,Bhutan,2023-12-25
C006686,Kevin,Rice,,smithjoseph@example.net,West Shawn,Nevada,New Caledonia,2021-09-10
C006687,Michelle,Jackson,Female,lingregory@example.com,Port Kristinaview,Massachusetts,Aruba,2024-12-05
C006688,Angela,Smith,Female,kimmiranda@example.net,South Andrea,Utah,Niger,2024-01-09
C006689,Michelle,Kemp,Male,barbaralopez@example.com,Lesliemouth,Louisiana,Austria,2021-12-10
C006690,Jacob,Daniels,,sloanmercedes@example.net,Robertborough,Georgia,Oman,2021-08-12
C006691,Kristine,Rivera,,davidtravis@example.net,Port Kayla,Idaho,Korea,2024-08-11
C006692,Peter,Case,Male,matthew34@example.net,Josephborough,Florida,Djibouti,2023-09-30
C006693,Sharon,Jones,,marywhite@example.org,New Elizabethborough,Utah,San Marino,2022-07-12
C006694,Janet,Green,,mason04@example.com,West Dustin,Arkansas,Guinea,2022-05-25
C006695,Felicia,Harris,,newmankatrina@example.net,East Davidside,Wyoming,Lebanon,2025-01-27
C006696,Jeremy,Moody,Male,kelly00@example.org,North Jasmine,Virginia,Trinidad and Tobago,2023-09-27
C006697,Stephen,Downs,Female,grichards@example.org,Rojastown,Massachusetts,Liechtenstein,2021-09-16
C006698,Ernest,Lee,Female,townsendveronica@example.net,North Brian,Texas,Argentina,2022-08-28
C006699,Alexander,Davis,,hansenbrent@example.org,North Kendra,Alabama,Congo,2025-10-29
C006700,Amy,Dorsey,Female,vhunt@example.org,Danielhaven,Pennsylvania,Tajikistan,2022-05-15
C006701,Michael,Cherry,Male,salasrebecca@example.org,Michellestad,Utah,Ukraine,2023-05-26
C006702,Sabrina,Dixon,Female,duncanstephanie@example.org,Elizabethburgh,Idaho,Uruguay,2025-02-11
C006703,Michelle,Ward,Male,sonyaerickson@example.org,Brownstad,North Dakota,United States Virgin Islands,2023-12-23
C006704,Larry,Tyler,,qlewis@example.org,Sandrafurt,Montana,Azerbaijan,2023-02-16
C006705,Howard,Scott,Male,eric09@example.org,North Juliebury,Connecticut,Zimbabwe,2021-10-06
C006706,Carlos,Davidson,Male,vacosta@example.com,Banksview,Washington,Ecuador,2021-08-15
C006707,Joshua,Rush,Male,sarajohnson@example.net,West Josephburgh,Indiana,Cyprus,2025-06-10
C006708,Vincent,Jones,,bernardkatherine@example.org,Port John,Idaho,Poland,2024-04-11
C006709,Willie,Cox,Female,scott39@example.net,West Jeffreyshire,Tennessee,Saint Barthelemy,2024-09-29
C006710,Ashley,Higgins,Female,madison28@example.net,Hughesport,Tennessee,Syrian Arab Republic,2022-01-23
C006711,Katherine,Coleman,Male,paulstokes@example.org,Thomasbury,South Dakota,French Guiana,2024-11-19
C006712,Barbara,Ford,Male,jacquelineberry@example.net,East Brittany,Maryland,Ethiopia,2025-03-12
C006713,Jill,Rogers,Female,joseph63@example.net,North Angela,New Hampshire,Angola,2021-08-12
C006714,Kathryn,Potter,,rubenroberson@example.org,New Sarahport,Maryland,Tonga,2023-12-05
C006715,Tammy,Bowman,Male,lburke@example.net,Cohenburgh,North Dakota,Isle of Man,2024-01-22
C006716,Kelly,Hall,Female,lori25@example.net,West Ashleyfurt,Vermont,Central African Republic,2023-05-07
C006717,Michael,Ramsey,Male,marksjane@example.com,New Julie,Indiana,Bahrain,2026-06-17
C006718,James,Lewis,Male,carlcummings@example.com,Rowlandland,New Hampshire,Ethiopia,2022-09-27
C006719,Lisa,Brown,Male,sarahmccoy@example.org,New Shellybury,Connecticut,French Southern Territories,2023-05-20
C006720,Henry,Santos,,jacob86@example.net,Smithville,Oregon,Poland,2026-03-07
C006721,Sara,Baker,,ghurst@example.org,Smithville,Alaska,Libyan Arab Jamahiriya,2023-01-21
C006722,Matthew,Moore,Female,danielle86@example.org,Bobhaven,Mississippi,Greece,2022-02-13
C006723,Brandon,Schultz,,huffmanjames@example.com,West Kennethland,Arkansas,Ghana,2023-11-18
C006724,Steven,Davila,,courtneygarcia@example.org,Port Brendaberg,Vermont,Korea,2021-12-13
C006725,Bruce,Barnes,Male,abaird@example.com,East Angela,West Virginia,Latvia,2024-08-30
C006726,Angela,Juarez,Female,jennifer56@example.net,South Ashleymouth,Massachusetts,Pakistan,2026-07-11
C006727,Brittany,Shepherd,Male,gregory42@example.com,Elizabethtown,Connecticut,Honduras,2025-08-03
C006728,Damon,Gonzalez,Male,xscott@example.org,South Franktown,Alaska,Taiwan,2022-10-22
C006729,Anthony,Craig,Male,michellewilliams@example.org,West Aaron,South Carolina,Honduras,2024-02-18
C006730,Stephanie,Hunt,Female,carlroberts@example.com,Lake William,New York,Ireland,2024-04-10
C006731,Rhonda,Baker,Male,barrettsara@example.org,South Kathyfurt,Georgia,Trinidad and Tobago,2022-04-15
C006732,Daniel,Daniels,,david60@example.org,North Adrian,Washington,Uganda,2022-08-16
C006733,Ashley,Moore,,cookderek@example.net,Isabellahaven,Kansas,Singapore,2024-06-28
C006734,Angela,Rodriguez,Female,johnsonbrittany@example.org,East Gabrielleview,Georgia,Reunion,2026-01-08
C006735,Randy,Lyons,,robert32@example.net,New David,Connecticut,Chad,2022-10-24
C006736,Jacob,Suarez,Male,maria40@example.net,West Jermaine,Missouri,Saint Barthelemy,2024-02-13
C006737,Kimberly,Braun,Male,ramirezbrian@example.org,Bauerstad,Montana,Poland,2024-06-16
C006738,Andrew,Johnson,Female,wrightemily@example.com,Robertmouth,Missouri,Turks and Caicos Islands,2021-12-19
C006739,Joseph,Hawkins,,jameshill@example.com,Port Andrew,Kentucky,Lebanon,2022-01-06
C006740,George,Anderson,Male,reedjill@example.org,Justinville,Maine,Montenegro,2025-12-06
C006741,Katherine,Barajas,,millerallison@example.org,Samanthachester,Tennessee,Bermuda,2026-05-21
C006742,Ralph,Thompson,,katiereid@example.net,Thomasland,Illinois,Lao People's Democratic Republic,2023-12-14
C006743,Thomas,Riddle,Male,kellymichael@example.org,Donnaborough,Connecticut,American Samoa,2022-08-25
C006744,Joseph,Ortiz,Male,jason74@example.net,North Catherine,New Mexico,Singapore,2026-05-02
C006745,Richard,Jones,Female,taylormason@example.net,Port Carlosburgh,Georgia,Iraq,2025-12-22
C006746,Ariana,Davis,Male,kirkrobert@example.net,Kevintown,Mississippi,China,2026-01-19
C006747,Lori,Johnson,Female,nicole12@example.net,Gomezborough,Indiana,Papua New Guinea,2025-12-14
C006748,William,Santos,,jonesvictoria@example.org,Lisaport,New York,Eritrea,2025-02-22
C006749,Michelle,Saunders,,hillmatthew@example.net,South Cory,Pennsylvania,Moldova,2021-09-19
C006750,Luis,Floyd,Female,gavinsimmons@example.com,Kathleentown,New Mexico,Poland,2022-05-07
C006751,Theodore,Simmons,Female,claudia53@example.org,Josephbury,Wyoming,Taiwan,2021-12-31
C006752,Pamela,Mcdonald,,longshelby@example.net,Christineton,New Mexico,Afghanistan,2025-12-16
C006753,Claudia,Cantu,Male,mcdonaldjohn@example.net,Robinsonville,Wyoming,Anguilla,2025-06-19
C006754,Adrian,Kirby,Male,elizabethhinton@example.net,Schwartzbury,Texas,Myanmar,2024-03-08
C006755,Marcus,Jones,,hayley93@example.com,Woodwardfurt,Iowa,Myanmar,2021-11-25
C006756,Amy,Williams,Female,masonaaron@example.com,Lake Ethan,Connecticut,Maldives,2024-07-10
C006757,Kendra,Kelly,Female,dawn19@example.com,West Rachel,North Dakota,India,2021-09-22
C006758,Frances,Davis,,xedwards@example.org,Walshstad,Virginia,Indonesia,2024-01-31
C006759,Ronald,Johnson,Male,scrawford@example.net,Port Jenniferland,South Dakota,Comoros,2024-05-14
C006760,Heather,Cox,Female,dpowers@example.org,East Cindyland,Delaware,Libyan Arab Jamahiriya,2021-11-03
C006761,Mark,Bridges,Male,ybennett@example.org,Stephaniefort,Pennsylvania,Swaziland,2023-11-06
C006762,Ariel,Johns,Female,peteradams@example.org,Lake John,Mississippi,Zimbabwe,2022-03-18
C006763,Elizabeth,Rojas,,crystal05@example.net,Marktown,Maryland,Burkina Faso,2025-12-24
C006764,Justin,Ellison,Female,loribarker@example.com,Baileyside,Pennsylvania,Turkmenistan,2024-06-30
C006765,Samantha,Hanson,,gonzalezdorothy@example.net,Bradyshire,Ohio,Sweden,2022-01-06
C006766,William,Browning,Female,jasonjames@example.org,North Jeffreyside,Michigan,Malawi,2024-08-21
C006767,Thomas,Cunningham,,nathan52@example.org,South Holly,Indiana,United States Minor Outlying Islands,2025-01-30
C006768,Amanda,Wang,,zthomas@example.org,Jordanberg,Louisiana,Brunei Darussalam,2026-07-04
C006769,Kyle,Jones,Female,idaniels@example.net,Port Thomasfort,Utah,Turks and Caicos Islands,2024-07-16
C006770,Cindy,Carroll,Male,michele01@example.net,South Roger,Wyoming,Turkmenistan,2025-07-21
C006771,Barbara,Campos,,dcole@example.net,Richardsonton,Alaska,South Africa,2022-05-23
C006772,Joyce,Aguilar,Male,tjohnson@example.net,West Julie,Indiana,Faroe Islands,2022-02-25
C006773,Paul,Castillo,,mlong@example.net,South Jessica,Wyoming,New Zealand,2022-03-09
C006774,Carol,Lopez,Female,nicholas34@example.com,Mcdonaldville,Minnesota,Timor-Leste,2023-01-24
C006775,Laura,Golden,Female,kevinevans@example.net,New Barryburgh,Oklahoma,Antarctica (the territory South of 60 deg S),2026-07-11
C006776,Bethany,Torres,,susan20@example.com,Walterland,Michigan,Guyana,2024-07-29
C006777,Gabriel,Reed,Female,derrick71@example.net,Lake Robert,Oklahoma,Andorra,2023-11-20
C006778,Tiffany,Valdez,Female,gellis@example.org,New Allison,Virginia,Western Sahara,2024-03-15
C006779,Roy,Lindsey,,kimgonzalez@example.org,Romeroland,Utah,Kenya,2022-04-27
C006780,Shelley,Cordova,,angelicamedina@example.com,East Ryanburgh,North Carolina,Luxembourg,2022-01-21
C006781,Janet,Johnson,Male,meganlane@example.com,Davenportview,Iowa,Bangladesh,2022-08-09
C006782,Michael,Schroeder,Male,bryan38@example.net,East William,South Carolina,Kenya,2024-12-17
C006783,Jennifer,Williams,,smorris@example.net,North Charlesside,Alabama,Nicaragua,2024-05-11
C006784,Robert,Cardenas,Male,ramseyamy@example.net,Lake Davidhaven,Delaware,French Southern Territories,2026-05-22
C006785,Corey,Young,Female,teresa11@example.com,Anthonyborough,Illinois,Vietnam,2023-04-08
C006786,Stephanie,Franco,Female,brownmorgan@example.org,Leetown,South Carolina,Japan,2025-12-11
C006787,Jessica,Griffin,Female,tranbrenda@example.com,North Daniel,New York,Jamaica,2022-06-13
C006788,Brian,Chambers,,pamelabartlett@example.net,Nathanfort,Rhode Island,Holy See (Vatican City State),2025-05-04
C006789,Richard,Wilcox,Female,randyschaefer@example.org,Munozside,Wyoming,Andorra,2023-02-06
C006790,Shannon,Fuller,Female,bobbywalker@example.org,East Scottfurt,Arizona,Antigua and Barbuda,2022-06-19
C006791,April,Edwards,Male,clarkmonique@example.com,Stricklandland,Alabama,Italy,2024-02-23
C006792,Maria,Oliver,,elee@example.com,South Seth,Georgia,Egypt,2025-01-17
C006793,Brian,Nunez,,hansonsara@example.net,Kellyville,Kansas,Antarctica (the territory South of 60 deg S),2022-02-10
C006794,Alejandro,Porter,Female,masseychristian@example.org,Vincentland,Alaska,Serbia,2023-04-06
C006795,Dennis,Ford,,stephanielang@example.com,Flynnmouth,Wyoming,China,2023-09-26
C006796,Melissa,Flores,Male,kimberly61@example.net,South James,Minnesota,Monaco,2023-05-11
C006797,Amy,Thomas,Male,kennethberg@example.org,Port Kristinemouth,New Hampshire,Hong Kong,2026-05-05
C006798,Gary,Melton,,kjackson@example.org,Baldwinbury,West Virginia,Guadeloupe,2025-07-25
C006799,Douglas,Ferguson,Female,sherri52@example.com,Palmermouth,Vermont,South Georgia and the South Sandwich Islands,2024-09-14
C006800,Alicia,Williams,,michaelroberson@example.com,Port Beth,South Dakota,Netherlands Antilles,2024-04-24
C006801,Bradley,Reed,Male,allensarah@example.net,New Gregory,Connecticut,Christmas Island,2023-10-05
C006802,Reginald,Campbell,Female,burtonchristine@example.net,North Kristenhaven,Kentucky,Belarus,2025-05-15
C006803,Charles,Camacho,,salascrystal@example.net,East Duaneville,Wisconsin,Burundi,2023-05-06
C006804,Toni,Logan,Male,psaunders@example.net,Burnetthaven,Maine,Madagascar,2024-06-03
C006805,Heather,Perez,,ghudson@example.org,East Matthew,Arizona,Mongolia,2022-02-03
C006806,Nathaniel,Knapp,,jmccarthy@example.org,South Heather,Idaho,Sri Lanka,2025-09-10
C006807,Kevin,Miller,Female,mjohnson@example.com,Port David,Wisconsin,Ethiopia,2023-08-02
C006808,Adam,Howell,Male,richardrodriguez@example.net,Mariafort,West Virginia,Paraguay,2023-08-18
C006809,Jackie,Cervantes,,ashley43@example.com,West Bryanbury,Wyoming,Sierra Leone,2026-02-19
C006810,Sarah,Garcia,,melissa57@example.com,Jacquelinestad,Hawaii,Cyprus,2023-02-23
C006811,Karen,Guzman,Female,brandistewart@example.org,Loriberg,Louisiana,Bangladesh,2022-01-23
C006812,April,Day,,nguyenalex@example.net,East Christina,Utah,Peru,2022-07-17
C006813,Robert,Jackson,Male,umoore@example.com,West Joshua,Mississippi,Saint Barthelemy,2024-08-04
C006814,Levi,Lopez,,kevinmanning@example.com,North Erictown,Rhode Island,Saint Kitts and Nevis,2024-10-29
C006815,Shelly,Larson,Female,xsutton@example.net,New Randy,Colorado,Montserrat,2024-02-07
C006816,Nichole,Murphy,Female,adamsrobert@example.org,Wendybury,Maine,Brazil,2021-08-14
C006817,Edward,Hall,Female,rodriguezelizabeth@example.org,Port Chadberg,Missouri,Yemen,2022-10-11
C006818,Carla,Tran,,brittany66@example.net,Olsonview,West Virginia,Malaysia,2022-03-11
C006819,Michael,Allen,Female,whitepaula@example.org,West Jamesfurt,Arizona,United States Minor Outlying Islands,2023-02-24
C006820,Ashley,Adams,Male,robertorozco@example.com,Jonathanfurt,Wisconsin,Nicaragua,2022-11-13
C006821,Devin,Jones,Male,smithscott@example.net,West Jasonton,Iowa,Chile,2023-08-13
C006822,Pamela,Sims,,clifford87@example.org,West Andrewport,Louisiana,Venezuela,2023-09-15
C006823,Kathleen,Irwin,,kperez@example.net,East Zachary,Arizona,Bahrain,2026-04-26
C006824,Jessica,Rojas,Male,sduncan@example.net,Cynthiabury,Massachusetts,Madagascar,2021-11-16
C006825,Stacy,Bernard,Male,reynoldsdaniel@example.net,Port Scott,Minnesota,Argentina,2025-05-21
C006826,Robert,Craig,Male,curtislopez@example.net,Lake Rhondamouth,Alaska,Russian Federation,2023-08-26
C006827,Jenna,Marquez,Male,katrina17@example.net,East Ericabury,Arizona,Turkmenistan,2022-10-08
C006828,Brittany,Olson,Male,parsonsjacqueline@example.net,Port Derekmouth,Alaska,New Zealand,2024-06-29
C006829,Justin,Chapman,Male,ejones@example.org,Danielburgh,Rhode Island,Anguilla,2023-09-30
C006830,Rachel,Bradley,Male,jason10@example.com,Johnsonfurt,Pennsylvania,Honduras,2023-12-21
C006831,Adam,Nguyen,Female,boonethomas@example.org,Olsonburgh,Montana,Mauritania,2024-11-02
C006832,Jennifer,Humphrey,Male,eferguson@example.org,Jillhaven,Pennsylvania,French Guiana,2021-11-17
C006833,Lisa,Vaughn,Male,esalinas@example.net,Nathanmouth,Nebraska,Kuwait,2023-06-18
C006834,Todd,Gonzales,Male,morrisjoyce@example.org,South Elizabethfurt,Rhode Island,Ukraine,2022-01-13
C006835,Rhonda,Clark,,richmondtiffany@example.com,Port Kevin,Nevada,Tajikistan,2026-06-19
C006836,Kayla,Jenkins,,chudson@example.com,Gilbertshire,Alabama,Austria,2026-07-02
C006837,Angela,Gordon,Female,rossteresa@example.com,Port Johnshire,Virginia,Norway,2023-09-08
C006838,Ellen,Roberts,,jwilliams@example.org,Codybury,California,Turkey,2022-01-26
C006839,Mike,Washington,Female,ibrown@example.org,Lake Dominiquehaven,Maryland,New Zealand,2026-02-27
C006840,William,Christensen,,nicholas94@example.org,North David,Illinois,Aruba,2022-04-27
C006841,Madison,Riddle,,ashleyfowler@example.net,Josephbury,Mississippi,Korea,2021-12-22
C006842,Melissa,Hubbard,,tami47@example.org,Arnoldberg,Delaware,Nepal,2023-07-08
C006843,Debra,Bryan,,xhall@example.org,Dianeport,Oregon,Hong Kong,2021-10-21
C006844,Paul,Brown,Female,fortiz@example.org,West Jason,Washington,Saint Pierre and Miquelon,2023-08-04
C006845,Lori,Hoffman,Male,alison49@example.com,Danielmouth,New York,Nepal,2024-03-08
C006846,Bob,Edwards,Female,earldavidson@example.com,South Brian,Iowa,Saint Vincent and the Grenadines,2026-01-27
C006847,Chad,Copeland,Male,loridavis@example.org,Clairefort,Oklahoma,Ecuador,2026-01-01
C006848,Jill,Hall,,claudia68@example.org,Lucasland,Nevada,Tanzania,2025-01-19
C006849,Heather,Holden,,ureed@example.net,East Zacharyburgh,Hawaii,Israel,2022-05-02
C006850,Kelli,Gray,Male,william34@example.net,Mathismouth,Georgia,Antigua and Barbuda,2025-03-06
C006851,Kevin,Gardner,Male,dustin79@example.org,Port William,Mississippi,Bermuda,2023-05-04
C006852,Richard,Mitchell,Male,austinmartha@example.com,New Amandaberg,Rhode Island,New Zealand,2021-12-20
C006853,Steven,Smith,,awu@example.org,Jonathanhaven,West Virginia,Algeria,2026-06-29
C006854,Stephanie,Simmons,Female,fwilliams@example.org,Edwardsberg,Idaho,Algeria,2021-11-18
C006855,James,Griffin,Male,allenkyle@example.com,Port Gabrielle,Michigan,Nauru,2024-04-21
C006856,Michael,Stephens,Female,lisahiggins@example.org,Jaredmouth,Kentucky,Svalbard & Jan Mayen Islands,2022-01-28
C006857,John,Davis,,guy73@example.com,East Mark,Connecticut,Guinea,2022-10-04
C006858,Bradley,Mckinney,Male,andrewjohnson@example.com,North Arthur,Arizona,Chile,2023-03-10
C006859,Brandon,West,Female,isabella76@example.net,South Danielbury,Minnesota,Mongolia,2023-03-05
C006860,Dawn,Romero,,tiffany91@example.com,New Kevin,Colorado,Cambodia,2023-10-30
C006861,Chelsea,Guzman,,tjackson@example.org,Medinaborough,Kansas,Djibouti,2022-08-15
C006862,Rodney,Reed,Female,ewise@example.org,Matthewberg,Alabama,Qatar,2026-02-09
C006863,Rhonda,Mora,Female,goliver@example.net,Bryanttown,Arizona,Benin,2025-08-19
C006864,Amanda,Arnold,,hannah72@example.net,Amyside,Kansas,Cyprus,2025-02-01
C006865,Darius,Elliott,Male,xpierce@example.com,West Devonmouth,Tennessee,Indonesia,2025-07-01
C006866,Andrew,Keith,,chenrandy@example.org,New Alex,North Carolina,Mexico,2024-08-14
C006867,Stacey,Pratt,Female,cookgabriella@example.com,Aaronchester,Vermont,Egypt,2026-02-04
C006868,Robert,Hernandez,,michellemartin@example.org,Johnfurt,Massachusetts,Tokelau,2022-07-09
C006869,David,Stewart,Male,april42@example.org,Christopherview,Maine,Falkland Islands (Malvinas),2026-06-17
C006870,Jennifer,Moore,,adamslisa@example.com,Wendyfort,South Dakota,Turkey,2024-06-29
C006871,Jacob,Lee,Male,lindseyrachel@example.net,Port Jennifer,Connecticut,Norway,2024-02-12
C006872,William,Cline,Female,elizabethwalker@example.net,South Joshuahaven,Michigan,Seychelles,2026-06-15
C006873,Stephen,Jackson,Male,hallderek@example.org,Cookville,Massachusetts,Turkmenistan,2023-05-25
C006874,Danielle,Ponce,Male,jodygonzales@example.org,South Victoriamouth,New Jersey,Palestinian Territory,2025-03-22
C006875,Nancy,Miles,,pmccoy@example.net,Youngport,Nebraska,Anguilla,2023-05-29
C006876,Thomas,Hendricks,Male,baileyolivia@example.net,North Carmenmouth,Alabama,Saint Helena,2025-06-17
C006877,William,Sawyer,Male,randyboyd@example.org,Kayleemouth,Wyoming,Australia,2024-10-03
C006878,Joshua,Santos,,diana52@example.com,Mcintyrechester,Oregon,Pitcairn Islands,2026-02-16
C006879,Joel,Mitchell,Male,jake22@example.net,South Marilyn,California,Vanuatu,2022-07-19
C006880,Jacob,Simpson,,davidjohnson@example.com,Alberttown,Alabama,Faroe Islands,2023-05-06
C006881,Kevin,Hill,Female,loriporter@example.net,New Charles,Georgia,Liberia,2022-06-12
C006882,Kerri,Gonzalez,Male,rwest@example.org,Michelleside,Virginia,Estonia,2023-01-01
C006883,Stephanie,Burns,Male,jbrowning@example.net,West Erika,Oregon,Netherlands,2023-02-07
C006884,Angela,Hansen,,ybailey@example.com,Caitlinfort,Nevada,Sierra Leone,2025-12-19
C006885,Crystal,Ayers,,stephanie30@example.org,Davischester,Georgia,Cyprus,2023-03-31
C006886,Charlene,Rodriguez,Male,kathywagner@example.net,Julieview,Wisconsin,Turkey,2023-07-02
C006887,Karl,Morris,,ykhan@example.net,Richardchester,Alabama,Colombia,2024-11-20
C006888,Troy,Holland,,lauren51@example.org,New Rickyberg,New Jersey,Saint Martin,2022-09-11
C006889,Jasmine,Huff,Male,xtrujillo@example.net,Vickiport,California,Seychelles,2024-05-08
C006890,Haley,Martin,,emma95@example.org,Michaelstad,New Mexico,Turkey,2025-08-17
C006891,Joseph,Phillips,,william44@example.net,West Elizabethburgh,Georgia,Cayman Islands,2025-03-21
C006892,Mark,Yang,,eileen89@example.com,Robertsonland,Missouri,Reunion,2023-02-22
C006893,Adam,Nolan,Female,collinsbryan@example.net,Hendersonshire,Delaware,Sudan,2023-06-04
C006894,Joshua,Fischer,,brownjessica@example.net,Pinedashire,Arizona,Malta,2024-11-19
C006895,Michelle,Moore,Male,jchandler@example.org,Ashleybury,Maryland,Bulgaria,2025-06-15
C006896,Vincent,Berger,,sspence@example.com,Georgehaven,California,Heard Island and McDonald Islands,2023-04-03
C006897,Leslie,Lopez,,christina37@example.org,Lindaberg,Arizona,Faroe Islands,2022-08-07
C006898,Cody,Brown,Female,marissamathews@example.net,Woodfort,Vermont,Saint Vincent and the Grenadines,2022-06-25
C006899,Ashley,Hunter,,xburton@example.net,Stephentown,Mississippi,Andorra,2024-11-09
C006900,Melissa,Morris,Female,caitlin97@example.com,Lake Christine,Hawaii,Svalbard & Jan Mayen Islands,2024-05-30
C006901,Valerie,Patel,,howellbilly@example.com,Robertstad,Idaho,Mozambique,2026-03-13
C006902,Jacqueline,Ferguson,,michaelwilliams@example.net,North Scott,Ohio,Burundi,2024-12-16
C006903,Aaron,Flores,Female,raymondthomas@example.com,Davidville,Colorado,Liberia,2025-02-26
C006904,Karen,Gordon,Male,cmoore@example.com,Lake Lauren,Nebraska,Monaco,2026-04-17
C006905,Jennifer,Weaver,Male,ramoscarl@example.net,Donburgh,Iowa,Greece,2025-03-12
C006906,Julie,Hill,Male,watsonjennifer@example.org,Port Mariachester,Florida,Antigua and Barbuda,2024-02-12
C006907,Deanna,Hernandez,,santospatricia@example.com,East Stephaniehaven,North Carolina,United States of America,2023-08-15
C006908,Bradley,Harper,Female,psmith@example.org,Bradleyburgh,Utah,Antarctica (the territory South of 60 deg S),2022-03-09
C006909,Christina,Shaw,,frank17@example.org,South Billy,Virginia,Honduras,2026-04-14
C006910,David,Elliott,Female,zcarpenter@example.org,Brandonmouth,Delaware,Martinique,2025-11-23
C006911,Rebecca,Maxwell,,smithzachary@example.com,Dwayneview,Arizona,Tokelau,2021-08-10
C006912,Jillian,Diaz,Male,wisejessica@example.net,West Julie,New York,Hungary,2026-04-28
C006913,Justin,Evans,,yoliver@example.net,North Richardland,Nebraska,Puerto Rico,2024-11-24
C006914,Paul,Long,,jackjordan@example.net,New Amymouth,North Carolina,Swaziland,2024-10-09
C006915,Kim,Reyes,Female,kellystone@example.com,Christopherchester,Idaho,Vietnam,2026-07-23
C006916,Jeffrey,Gonzales,Female,kenneth84@example.com,West Anthony,Minnesota,Ethiopia,2025-06-29
C006917,Robert,Nichols,Female,davidbaker@example.org,Tannerbury,North Dakota,Antigua and Barbuda,2025-11-23
C006918,Eric,Williams,,martin40@example.org,Doughertyland,Wisconsin,China,2022-10-25
C006919,Eric,Smith,Female,allison20@example.net,Lynchtown,Tennessee,Eritrea,2024-10-23
C006920,Paul,Short,Female,vdavis@example.org,Bankschester,Illinois,Gambia,2024-09-10
C006921,Aimee,Anderson,Female,gabriella29@example.com,East Heatherville,Georgia,Anguilla,2022-02-11
C006922,Judy,Jackson,,zfitzgerald@example.net,Miguelshire,Montana,Gibraltar,2024-09-21
C006923,Chris,Miller,Female,jrusso@example.org,East Vincentton,Massachusetts,Mongolia,2026-05-21
C006924,Jason,Smith,,briancollins@example.net,South Victortown,Hawaii,San Marino,2021-12-23
C006925,Ariana,Brock,Female,hoganwilliam@example.org,Aarontown,New Jersey,Kuwait,2024-11-30
C006926,Michael,Smith,,lambbrenda@example.com,North Cynthia,Vermont,Afghanistan,2025-11-19
C006927,Joseph,Romero,Male,mariadavis@example.com,Port Brittany,Louisiana,Togo,2022-01-06
C006928,Deborah,Wilson,,rthomas@example.org,East Laura,New Jersey,Guatemala,2023-09-23
C006929,Chad,Reynolds,,melissawilson@example.net,Hollandstad,South Dakota,Guyana,2026-01-25
C006930,Rebecca,Vega,Male,ipierce@example.net,Rhondafort,Montana,Dominica,2022-11-16
C006931,Kara,Hamilton,Female,jeffrey64@example.org,Lake Jason,Iowa,Montserrat,2022-08-27
C006932,Rhonda,Cortez,,jennifer74@example.org,New Sheena,Oklahoma,Japan,2021-09-01
C006933,Donna,Wright,,whenson@example.org,Jonathonmouth,Iowa,Western Sahara,2021-12-24
C006934,Cynthia,Ashley,Female,fford@example.org,Port Crystalmouth,Texas,Malaysia,2024-05-18
C006935,Rachel,Vasquez,Female,ambergibson@example.org,Petersonton,South Dakota,Costa Rica,2021-12-16
C006936,George,Clark,Female,william36@example.com,West Jeremy,Missouri,Liechtenstein,2022-02-16
C006937,Theresa,Woodward,Female,briannagonzalez@example.org,West Matthewstad,Idaho,Cape Verde,2022-08-19
C006938,Tiffany,Watkins,Female,sharonmorgan@example.net,North Michaelland,Ohio,Saint Lucia,2026-06-22
C006939,Bobby,Webb,Male,kbuchanan@example.net,North Jessicashire,Delaware,Moldova,2025-01-14
C006940,Sean,Beasley,,brandon03@example.net,North Juliebury,Florida,Uganda,2021-09-21
C006941,Reginald,Hart,Male,leetrevor@example.net,Hensleyburgh,Montana,Mozambique,2025-09-07
C006942,Shannon,Moody,Female,schaefercarrie@example.net,Marychester,Rhode Island,Honduras,2024-08-08
C006943,Danielle,Rodriguez,,jasonlane@example.org,Perkinshaven,Arkansas,Faroe Islands,2022-11-27
C006944,Richard,Smith,Male,beardrhonda@example.net,East Mark,Vermont,Saint Barthelemy,2024-11-13
C006945,Brian,Tucker,,stacymoody@example.org,Melissashire,Wisconsin,Montenegro,2024-01-07
C006946,Melissa,Murphy,Male,rodriguezsandra@example.com,North Corey,California,Niue,2025-12-15
C006947,Tommy,Mccormick,Female,taylorcharles@example.com,Johnmouth,Illinois,Guinea,2025-05-15
C006948,Susan,Fleming,Male,juliesimmons@example.net,Port Timothy,Mississippi,Martinique,2022-11-21
C006949,Cody,Reid,Female,patrickbryan@example.org,Ashleyview,Wyoming,Maldives,2023-03-28
C006950,Christine,Wilson,Male,marie58@example.com,Jessicabury,South Carolina,Micronesia,2026-04-03
C006951,John,Smith,Male,lwilson@example.com,West Henry,Florida,United States Minor Outlying Islands,2024-02-22
C006952,Christopher,Petersen,Female,colerobert@example.net,East Dustin,Wisconsin,British Indian Ocean Territory (Chagos Archipelago),2026-01-15
C006953,Daniel,Ramirez,Male,nmadden@example.org,West Kimberlyton,Michigan,Guinea,2023-10-22
C006954,Benjamin,Garcia,,madelineglenn@example.org,Flowersfurt,New Hampshire,Palau,2024-09-01
C006955,Samantha,Martinez,Female,joshuahebert@example.org,Tammieberg,Washington,Martinique,2022-09-10
C006956,Jon,Andersen,,jacobsjoseph@example.org,Davidmouth,Rhode Island,Portugal,2023-08-07
C006957,Philip,Taylor,,jenniferdawson@example.org,East Michael,Idaho,Belize,2025-12-21
C006958,Crystal,Hill,,alexander55@example.org,Mccallberg,West Virginia,Netherlands,2023-11-28
C006959,Robin,Hernandez,,sullivanemily@example.com,Port Joshua,Nebraska,Benin,2023-11-14
C006960,Kyle,King,,ggarrett@example.org,South Meganshire,Michigan,Saint Lucia,2025-02-08
C006961,Edward,Brown,Male,thomas46@example.com,Lake Melissa,Colorado,United Arab Emirates,2023-02-27
C006962,Katherine,Lee,Male,hlee@example.com,Lisaville,Virginia,Ireland,2023-11-10
C006963,Jeremiah,Sparks,Male,davidweaver@example.com,West Anne,Nebraska,Korea,2022-09-05
C006964,Kenneth,Jimenez,Female,deannamendoza@example.net,Whitneyland,Nevada,Palau,2026-07-08
C006965,Steven,Simon,Female,mjohnson@example.org,Taylorstad,Louisiana,Bosnia and Herzegovina,2023-06-08
C006966,Christina,Wilson,Male,karla82@example.org,Devinside,Hawaii,Bahamas,2024-09-01
C006967,Alison,Henderson,Male,victoriawright@example.com,Port Joshua,Idaho,Canada,2022-02-28
C006968,Rachel,Moore,Female,flivingston@example.net,Robinsonmouth,Oregon,Uruguay,2024-05-16
C006969,Brianna,Hughes,Female,mistyharper@example.com,Amyhaven,Rhode Island,Ecuador,2023-01-29
C006970,John,Doyle,,hammondmichele@example.net,Emilyport,Mississippi,Barbados,2023-10-06
C006971,Brittany,Lyons,Male,wjones@example.com,Ashleymouth,Arkansas,Holy See (Vatican City State),2022-10-25
C006972,Sarah,Cruz,Male,ryansmith@example.com,Port Ryan,New Hampshire,Finland,2026-04-16
C006973,Andrew,Shaw,Female,ashley46@example.com,Port Wendy,Michigan,Tonga,2023-12-27
C006974,Dwayne,Medina,Female,oscar65@example.com,Campbellhaven,Oregon,Myanmar,2023-11-30
C006975,Carol,Smith,Male,abuckley@example.com,Ortizton,Washington,Tokelau,2025-10-12
C006976,Kayla,Steele,,dennismclean@example.net,Port Sarahberg,Maryland,Libyan Arab Jamahiriya,2022-02-14
C006977,Nichole,Smith,Female,adamadams@example.org,New Deborahmouth,West Virginia,Tuvalu,2021-08-20
C006978,Ryan,Perez,,wendy91@example.net,Port Evanland,Delaware,Estonia,2025-03-25
C006979,Natasha,Miller,Male,laura16@example.com,New Jason,Rhode Island,Portugal,2024-06-29
C006980,Stanley,Combs,,christina83@example.com,Jeffersonbury,Idaho,Lebanon,2023-12-02
C006981,Jason,Jones,Male,edwardwagner@example.net,Petersonberg,Massachusetts,Lao People's Democratic Republic,2023-09-14
C006982,Laurie,Ochoa,,sarah26@example.com,South Sara,Utah,Luxembourg,2026-03-05
C006983,Kristen,Vargas,Female,derrick42@example.org,Davisville,Nebraska,Malta,2022-11-25
C006984,Catherine,Wolfe,Female,melissagray@example.com,Denisemouth,South Carolina,Zambia,2026-03-17
C006985,Mark,Clark,Male,xdiaz@example.net,Annaton,Louisiana,Netherlands,2024-09-22
C006986,Janet,Farmer,Female,daniel01@example.org,Olsenburgh,Missouri,Montserrat,2024-12-25
C006987,Michael,Williamson,,shannon37@example.org,Port Nicholas,Vermont,Hong Kong,2023-09-11
C006988,Brianna,Wang,,banksjames@example.com,East Bethanyfort,West Virginia,Cyprus,2025-02-04
C006989,Kimberly,Lopez,,margaret97@example.org,Bellport,Oregon,Niue,2025-07-21
C006990,Robert,Collins,Male,fryamanda@example.com,Jessicachester,Alaska,Uzbekistan,2023-11-01
C006991,Kathleen,Silva,,brandon47@example.net,Port Matthew,Missouri,Poland,2023-09-02
C006992,Jackson,Fernandez,,katherineevans@example.net,New Laura,New Hampshire,Saint Martin,2026-04-19
C006993,David,Fowler,Female,nicole06@example.com,Patrickton,Ohio,Malta,2023-10-17
C006994,Jonathan,Carter,Male,brewerelizabeth@example.com,North Lisa,New Mexico,Qatar,2026-02-20
C006995,Dawn,Crawford,,pamela20@example.com,North Sydneyview,Texas,Cuba,2023-07-07
C006996,Carla,Garner,,yrogers@example.com,Jenniferburgh,Idaho,Croatia,2022-08-17
C006997,Samuel,Butler,Female,james47@example.org,Rileybury,Hawaii,Venezuela,2022-01-31
C006998,Mark,Andrews,Male,ashley61@example.net,Simshaven,North Dakota,Guinea-Bissau,2025-08-22
C006999,Amy,Dawson,Male,ryanmunoz@example.net,Lake Brittanyland,Vermont,Cocos (Keeling) Islands,2023-06-03
C007000,Kyle,Taylor,Female,charris@example.org,Matthewport,Alabama,Namibia,2024-11-08
C007001,Sarah,Lee,Female,john66@example.com,Trevorton,Michigan,Georgia,2024-12-30
C007002,Connor,Crane,Female,wwilson@example.net,South Caitlynfort,Vermont,Austria,2023-12-04
C007003,Jeffrey,Reese,Female,suarezdonna@example.net,Schmidtburgh,New York,Puerto Rico,2022-03-26
C007004,Joseph,Mullen,Male,melliott@example.com,South Christopherville,Delaware,Micronesia,2024-02-11
C007005,Douglas,Donovan,Male,wallacejesse@example.net,East Davidside,Arizona,Angola,2021-10-17
C007006,Daniel,Cook,,sara87@example.com,Anthonyborough,Kentucky,Isle of Man,2023-10-14
C007007,Michael,Barron,,phillipadams@example.com,East Isaacstad,Nevada,Sri Lanka,2026-04-29
C007008,Julie,Weber,,janet61@example.net,East Aliciaberg,Indiana,Mongolia,2024-01-28
C007009,Kathryn,Lee,Male,gmathews@example.org,Lake Samantha,California,Moldova,2026-06-05
C007010,Matthew,Miller,,pedwards@example.org,Martintown,Kentucky,Macao,2025-02-07
C007011,Richard,Massey,,kelleybrian@example.com,East Tammyberg,Michigan,Armenia,2026-05-23
C007012,Melinda,Willis,Female,gregorymclean@example.com,Michaelchester,South Dakota,Moldova,2024-10-08
C007013,Robert,Lewis,Male,robert87@example.org,Julialand,Connecticut,Haiti,2022-03-03
C007014,Janice,Silva,Female,james21@example.net,Port Hannahberg,Maine,Switzerland,2023-07-14
C007015,Diane,Crane,,coleamanda@example.net,South Brianmouth,New York,Dominica,2021-09-04
C007016,Anna,Young,Male,sarahthompson@example.net,North Cynthia,Alabama,Burundi,2022-02-25
C007017,Vanessa,Noble,Female,josephbryan@example.com,South Jenniferville,Oregon,Dominica,2022-03-11
C007018,Michelle,Rivera,,gonzalescarol@example.net,Bradport,Connecticut,Nepal,2026-07-15
C007019,Heather,Perez,,robinsonalexander@example.com,Port Kellyhaven,New Jersey,Argentina,2025-09-24
C007020,Shaun,Bass,Male,kimberly57@example.net,Beckchester,Utah,Croatia,2022-02-27
C007021,Justin,Warner,Female,marquezsherri@example.net,East Gregory,Iowa,Myanmar,2023-01-24
C007022,Travis,Wade,,colonblake@example.com,Port Ronnieville,Mississippi,Switzerland,2023-06-12
C007023,Richard,Cruz,,russell80@example.org,New Crystalfort,Wyoming,Costa Rica,2022-11-18
C007024,Emma,Harvey,Male,michael57@example.org,Lake Robert,Montana,Congo,2021-11-10
C007025,Robert,Cohen,Male,nhernandez@example.com,New Kimberlyview,Maryland,Cayman Islands,2024-11-20
C007026,Amanda,King,Male,margaret31@example.net,Smithfurt,Wisconsin,Ukraine,2024-11-13
C007027,Karen,Weber,,jameseaton@example.com,Jacksonfurt,West Virginia,Burundi,2024-07-18
C007028,William,Bailey,,michael28@example.org,Rachelstad,Utah,Saint Barthelemy,2024-02-16
C007029,Bryan,Moran,Female,lsullivan@example.net,Williamborough,Rhode Island,Lesotho,2022-05-04
C007030,Curtis,Johnson,Female,fkim@example.com,New Heather,Oklahoma,Gibraltar,2024-12-28
C007031,Rebecca,Huynh,,denise39@example.com,Jamesstad,Hawaii,Cote d'Ivoire,2025-09-12
C007032,Alicia,Diaz,,cartermolly@example.org,North Teresastad,Minnesota,Nepal,2025-02-24
C007033,Jill,Mcgee,,jack34@example.org,East Kevin,Nebraska,Portugal,2026-02-12
C007034,William,Gross,Male,nicholaswilson@example.com,Morrisview,Minnesota,Puerto Rico,2025-05-05
C007035,Tanya,Perez,Male,nreyes@example.com,New Jessica,Missouri,Sri Lanka,2026-05-18
C007036,Caleb,Giles,Female,usandoval@example.net,Taylortown,New Mexico,Kiribati,2026-05-22
C007037,Brooke,Perkins,Female,aaronlee@example.com,Bennettfort,Alaska,Christmas Island,2021-12-18
C007038,Kayla,Higgins,Female,ejohnson@example.org,Butlermouth,Delaware,Vanuatu,2026-04-09
C007039,Jeff,Taylor,Male,thomashenry@example.org,Port Samanthaburgh,South Dakota,Liberia,2021-12-02
C007040,Michael,Robinson,Male,dustinwillis@example.org,Dorseyborough,Nebraska,Ecuador,2024-01-21
C007041,Maria,Olson,Female,eugene86@example.org,East Craigville,Georgia,Pitcairn Islands,2023-01-25
C007042,Valerie,Powell,Male,veronica79@example.com,West Amy,Kansas,Bulgaria,2022-07-20
C007043,Christopher,Cherry,Female,mary48@example.com,Danielberg,Alabama,Slovakia (Slovak Republic),2022-08-11
C007044,Vanessa,Marshall,,erica80@example.com,South Kevinbury,North Carolina,Dominican Republic,2025-04-02
C007045,Kristen,Weber,,zrodriguez@example.org,Juanhaven,Minnesota,Hong Kong,2025-12-13
C007046,Steven,Gomez,Male,wendychandler@example.com,Leetown,Michigan,Namibia,2025-05-03
C007047,Jake,Holmes,,luisbarnes@example.net,Port Jeremytown,Nebraska,Mauritius,2026-06-17
C007048,Jeremiah,Robbins,Female,brookelozano@example.com,East Jonathanland,Illinois,Ukraine,2023-03-18
C007049,Benjamin,Reese,Female,wmarshall@example.org,Ericstad,Virginia,Russian Federation,2025-05-26
C007050,Jessica,White,Male,cdurham@example.org,Buckleyhaven,California,Congo,2025-04-03
C007051,Cheryl,Yoder,Female,cameronmarisa@example.net,Lake Krystal,Rhode Island,Mayotte,2025-02-25
C007052,Bryan,Holland,,travisramirez@example.com,Gomezside,Pennsylvania,Martinique,2025-04-20
C007053,Mary,Silva,Female,emilykelley@example.net,West Kathleen,Massachusetts,South Georgia and the South Sandwich Islands,2023-03-25
C007054,Latoya,Sloan,,reynoldsjoel@example.org,Valentinebury,Indiana,Guatemala,2024-07-15
C007055,Brenda,Morris,Male,charles25@example.org,Barnesshire,North Dakota,Georgia,2024-03-06
C007056,Patricia,Pierce,Male,michele04@example.org,Lake Sergioton,Colorado,San Marino,2024-09-12
C007057,Robert,Walker,Female,millsblake@example.com,Jaclynfort,Missouri,Norway,2022-12-15
C007058,Christine,Alvarado,,michelepham@example.org,Lake Sandraport,Hawaii,Uganda,2022-07-10
C007059,Andrea,Sanchez,Male,collinskathryn@example.net,South Anneview,Arizona,Ireland,2026-05-15
C007060,Natalie,Taylor,Female,ryanfarmer@example.net,Lake Nathanburgh,West Virginia,Monaco,2022-05-18
C007061,Joseph,Hamilton,Female,michaelbennett@example.com,South Carolineland,New Jersey,Tuvalu,2023-02-27
C007062,Elizabeth,Briggs,,javierrobertson@example.com,North Deborahtown,Arizona,Belgium,2021-10-07
C007063,Julia,Arnold,,rodriguezlauren@example.com,West Katherine,South Dakota,Saint Helena,2026-05-12
C007064,John,Alvarado,Male,crosbyjill@example.org,West Michelle,Missouri,Honduras,2022-07-20
C007065,Allen,Lee,,urogers@example.net,Martinezshire,California,Tajikistan,2022-01-12
C007066,Gerald,Lawson,,phillipsbobby@example.org,Taylorport,Utah,Bouvet Island (Bouvetoya),2024-08-19
C007067,Sharon,Waters,,jgomez@example.net,Gonzalezside,California,Kenya,2022-11-16
C007068,Kevin,Herrera,,robert75@example.com,Maddoxmouth,Oklahoma,Senegal,2026-06-23
C007069,Gary,Little,Male,nchavez@example.org,Hernandezmouth,Nevada,Poland,2024-03-13
C007070,Shannon,Boyer,Male,robertscalvin@example.com,Michaelland,Massachusetts,Bangladesh,2023-11-29
C007071,Erika,Gallagher,Male,scottrobinson@example.com,East Danielburgh,Connecticut,Libyan Arab Jamahiriya,2022-03-28
C007072,Christina,Boyd,Female,jeffreyhuff@example.org,West David,Georgia,Congo,2026-07-11
C007073,Jonathan,Ballard,Female,meadowsdavid@example.org,North Eric,Michigan,Croatia,2024-11-29
C007074,Sarah,Solis,Female,oproctor@example.org,Melissaview,Louisiana,Turks and Caicos Islands,2022-11-08
C007075,Brian,Morgan,,eileenwest@example.com,Brownmouth,Kentucky,South Africa,2026-02-19
C007076,Alexander,Howard,,michellecannon@example.net,Kirkbury,Arkansas,Zambia,2024-06-04
C007077,Ashley,Park,Male,jamesbonilla@example.net,North Michael,Texas,Chad,2024-02-27
C007078,Miranda,Rowe,Male,johncasey@example.org,Josephfurt,Hawaii,Indonesia,2024-10-05
C007079,Michael,Hughes,,ellisscott@example.net,North Jeffreyside,Maryland,Libyan Arab Jamahiriya,2024-09-27
C007080,Bryan,Brown,Female,tonypreston@example.org,Lake Melissaton,West Virginia,Portugal,2022-09-17
C007081,Elizabeth,Bauer,Female,nicole36@example.net,North Michael,Washington,South Georgia and the South Sandwich Islands,2025-06-29
C007082,Dawn,Young,Female,fryangela@example.net,Shannonberg,Tennessee,Israel,2021-08-02
C007083,James,Lopez,Female,bvillarreal@example.com,West Becky,South Dakota,Nauru,2024-08-04
C007084,Kristen,Gonzales,Male,taylorkara@example.com,Bradyhaven,Connecticut,Andorra,2023-03-03
C007085,Mark,Dillon,Female,lholder@example.org,Howardburgh,Connecticut,South Africa,2022-02-11
C007086,Audrey,Cummings,Female,jessica71@example.org,West Christopher,Connecticut,Cayman Islands,2024-07-25
C007087,Jackie,Bush,,yenglish@example.org,Melaniechester,Washington,Barbados,2025-10-15
C007088,Elizabeth,Davis,,willie86@example.com,Marshallland,Alaska,Trinidad and Tobago,2024-06-22
C007089,Bradley,Richards,Male,deniseavila@example.org,Burtonburgh,Mississippi,Thailand,2023-12-22
C007090,Christopher,Munoz,Female,jvilla@example.net,Annaland,Montana,New Zealand,2021-11-29
C007091,Amy,Hernandez,Male,oliverandre@example.org,Port Sonya,Nevada,Lao People's Democratic Republic,2025-07-16
C007092,Stacy,Williams,Female,sarahhall@example.com,Larsonmouth,Wyoming,Poland,2026-03-29
C007093,Rachel,Ingram,,chadreed@example.net,South Mark,Maine,Norway,2024-02-25
C007094,William,Meyer,Female,pgraves@example.org,Thomasport,Iowa,Cyprus,2024-04-02
C007095,Taylor,Oneill,,johnathangarcia@example.com,New Jason,Oregon,Nicaragua,2024-11-30
C007096,Kristina,Miller,Male,gcross@example.net,Lopezville,Connecticut,Tokelau,2026-02-01
C007097,Tracy,Munoz,Female,vincent72@example.org,Crawfordmouth,Texas,Chad,2022-07-25
C007098,Juan,Hunt,Male,palmerrandy@example.net,Emilyshire,Alaska,Bahamas,2021-12-09
C007099,Judith,Hurst,Male,rebeccayoder@example.org,North Susan,Oregon,Burkina Faso,2026-01-17
C007100,Crystal,Roberts,Male,jamesjackson@example.com,Port Ashley,Pennsylvania,Guam,2024-07-01
C007101,Courtney,Hernandez,,ccurry@example.org,Port Catherine,Wyoming,Barbados,2022-09-24
C007102,Alison,Houston,Female,ortizjulia@example.net,Lisaton,Wisconsin,Ghana,2022-01-09
C007103,Paul,Duncan,Male,david30@example.org,Mariaberg,Washington,Armenia,2025-01-25
C007104,Carlos,Delacruz,,desireeharris@example.com,East Amy,Oregon,Grenada,2025-01-27
C007105,Cody,Stanley,Male,madisonwalker@example.com,Morganshire,Maine,Reunion,2024-04-24
C007106,Robert,Estrada,Male,michael99@example.net,East Rachelfurt,Minnesota,Fiji,2023-02-26
C007107,David,Peterson,,john79@example.com,Robertbury,Georgia,Lebanon,2022-08-01
C007108,Eric,Silva,Male,pbrown@example.org,Lake Rodneyland,Georgia,British Indian Ocean Territory (Chagos Archipelago),2026-05-17
C007109,Shawn,Smith,Male,thomasfisher@example.com,New Julianborough,Wyoming,Kyrgyz Republic,2026-04-01
C007110,John,Rodriguez,,cparker@example.net,Piercefort,Nebraska,New Caledonia,2024-04-14
C007111,Sarah,Mcdaniel,Male,douglasjustin@example.org,Kingbury,New Jersey,Germany,2024-12-22
C007112,Emily,Aguirre,Female,thenry@example.org,Davidside,Colorado,Jersey,2023-04-07
C007113,Wesley,Webb,Male,kjones@example.com,Greenfort,New Jersey,Guam,2025-09-30
C007114,Nicole,Reyes,Female,caustin@example.com,Vincentstad,Minnesota,Belize,2023-04-02
C007115,Justin,Wright,,andreahernandez@example.com,West Shawn,Kansas,Somalia,2023-08-07
C007116,Robert,Sullivan,Male,martinshelley@example.com,Garciaport,Mississippi,Ghana,2022-12-06
C007117,Melissa,Huffman,Female,usaunders@example.net,Zacharyshire,Texas,United States of America,2024-03-15
C007118,Clarence,Bailey,Female,vargasmichael@example.com,Patrickberg,Virginia,New Caledonia,2023-05-05
C007119,Richard,Lopez,Female,huntermarc@example.net,Jeffreychester,Wyoming,Saudi Arabia,2023-01-24
C007120,Juan,Perez,Male,traci79@example.org,Paulchester,Ohio,Mexico,2025-06-20
C007121,William,Woodward,Female,mary16@example.net,Martinezstad,New Hampshire,Reunion,2025-10-24
C007122,Julie,Conley,Male,angela63@example.net,West Jessica,Utah,Benin,2025-08-01
C007123,Kimberly,Fisher,,dglover@example.com,New Samanthachester,New Jersey,Hong Kong,2023-08-28
C007124,Stephen,Thompson,,jacksonhannah@example.org,New Brandon,Arkansas,Angola,2026-04-28
C007125,Laura,Boyer,Male,anthony62@example.com,Melanieport,Alabama,South Georgia and the South Sandwich Islands,2021-09-13
C007126,Anthony,Mcdonald,Male,kevinmartin@example.org,Jeffreystad,Montana,Uganda,2024-07-01
C007127,Shirley,Barrett,,floresamanda@example.net,Port James,Arkansas,Antarctica (the territory South of 60 deg S),2023-07-23
C007128,Ashley,Thompson,,philip95@example.com,Patrickburgh,Georgia,India,2021-07-28
C007129,Melissa,Patel,Female,mstokes@example.com,North Mackenzieland,Oregon,Albania,2024-02-04
C007130,Mary,Stout,,tgreene@example.net,West Christopherstad,North Dakota,Finland,2024-02-25
C007131,Alexandra,Anderson,Female,william12@example.net,Port Debraburgh,New Jersey,Central African Republic,2023-03-15
C007132,Karen,Whitehead,,hillrussell@example.net,Benjaminfurt,Minnesota,Ukraine,2023-10-12
C007133,Jake,Rodriguez,,amandadavis@example.com,New Steven,South Dakota,Bulgaria,2024-03-02
C007134,Robert,Mcdonald,Male,thompsontheresa@example.net,Castroside,Vermont,Kiribati,2024-03-20
C007135,Kimberly,Payne,,ojohnson@example.net,Traviston,Michigan,United Kingdom,2026-03-28
C007136,Brittney,Oconnor,,cbell@example.net,Hallberg,New York,Kuwait,2025-02-21
C007137,Brittany,Hess,,laura31@example.org,West Cynthia,South Carolina,Palestinian Territory,2025-02-25
C007138,Mary,Daniels,Male,qpatrick@example.org,Johnchester,North Dakota,Nepal,2024-05-20
C007139,Tristan,Campbell,Female,blackjeremy@example.com,Davidland,Montana,Tunisia,2026-07-11
C007140,Gregory,Ingram,,tsanchez@example.com,Port Alecside,New Hampshire,Ghana,2024-12-29
C007141,Adriana,Johnson,,idonovan@example.org,West Austin,New Mexico,Rwanda,2025-05-26
C007142,Emily,Richards,,mistyarnold@example.net,Williamfort,Michigan,Benin,2023-07-22
C007143,Preston,Jones,Male,brandon35@example.org,Shannonton,Alabama,Niger,2023-12-08
C007144,Robert,Esparza,Female,joshuahall@example.net,Lake Christopher,Maryland,Heard Island and McDonald Islands,2021-08-25
C007145,Richard,Edwards,Male,kevindavies@example.net,Rickeyberg,Louisiana,American Samoa,2022-01-29
C007146,Zachary,Donaldson,Male,carol86@example.com,Roseport,North Dakota,Turkmenistan,2025-06-29
C007147,Jacqueline,Fitzgerald,Female,rebecca22@example.net,West Willie,Maine,North Macedonia,2025-07-15
C007148,Jake,Walker,Male,sherrihanson@example.net,West Caitlyn,Michigan,Oman,2023-03-19
C007149,Cole,Juarez,,bennettjessica@example.com,North Kathleentown,Missouri,Lebanon,2024-07-21
C007150,Steven,Donovan,,berrychad@example.org,Port Elizabethville,California,Saudi Arabia,2022-02-08
C007151,Ryan,Meadows,Female,marialopez@example.net,Lake Michaelfurt,Louisiana,Brazil,2025-12-09
C007152,Jasmine,Douglas,Male,brandirios@example.net,Smithfort,West Virginia,Tanzania,2025-08-11
C007153,Benjamin,Evans,Female,glennsmith@example.com,Jonesburgh,Connecticut,Nepal,2024-12-02
C007154,Anna,Castillo,,rose54@example.com,South Amandaborough,Mississippi,Nigeria,2026-02-04
C007155,Brittany,Richard,Male,shawn51@example.org,Port Davidside,Nebraska,Niue,2025-07-02
C007156,Isabel,Flores,Male,mendozadamon@example.com,North Michael,Ohio,Gabon,2023-10-17
C007157,Richard,Mcclure,Female,david13@example.com,Port Heatherport,Arizona,Cook Islands,2023-09-11
C007158,Suzanne,Martinez,,terryanthony@example.org,Smithville,New York,Japan,2021-10-16
C007159,Samantha,Sutton,Female,albert63@example.net,Kaylaside,Ohio,Kuwait,2024-07-09
C007160,Kristina,Peterson,,johnsonlori@example.org,South Carolchester,New Mexico,Ukraine,2021-10-10
C007161,James,Zhang,,ispencer@example.com,New Jamesport,Arizona,Singapore,2025-07-24
C007162,Christopher,Harrison,Female,shane40@example.org,Port Debra,Colorado,Honduras,2021-10-22
C007163,Anthony,Thomas,Male,heathjon@example.org,South Tammy,Oregon,Vietnam,2026-04-04
C007164,Robert,Robertson,Male,kdonovan@example.com,West Timothy,New Hampshire,Burundi,2025-11-08
C007165,Juan,White,Female,christy97@example.net,Rosechester,Florida,Timor-Leste,2021-11-10
C007166,Mary,Cook,,gwebb@example.org,South Alan,Kansas,Guadeloupe,2026-05-07
C007167,James,Clark,Female,wheelercassandra@example.net,Taylorfort,Virginia,Lesotho,2025-06-21
C007168,Rachel,Taylor,Male,jscott@example.net,New Jean,Kansas,Sierra Leone,2022-02-01
C007169,James,Benitez,Female,nliu@example.net,East Johnchester,South Dakota,Guernsey,2025-02-21
C007170,Michelle,Gonzalez,,westmichelle@example.net,Dominguezfurt,Ohio,Georgia,2024-09-17
C007171,Travis,Harmon,,spencer14@example.org,Christopherchester,Delaware,Pakistan,2026-03-18
C007172,Gary,Wise,Male,john47@example.com,Lake James,California,Czech Republic,2022-09-13
C007173,Jennifer,Harris,Female,campbelljavier@example.net,Russellport,Ohio,Saint Pierre and Miquelon,2026-02-06
C007174,Troy,Holland,Female,petersonbrittany@example.net,Fryetown,Indiana,Cote d'Ivoire,2022-11-07
C007175,Tammy,James,,melody62@example.net,Lake Timothymouth,Arizona,Belarus,2025-05-20
C007176,Donald,Stewart,,richardrichardson@example.org,Tylertown,Colorado,Saint Kitts and Nevis,2025-04-12
C007177,Kathleen,Wright,Male,georgegreen@example.org,Jacquelinemouth,New Jersey,Benin,2023-06-05
C007178,Roger,Jenkins,Male,calderonbrenda@example.org,Brianchester,Colorado,Iran,2022-02-04
C007179,Chase,White,Male,durhamlaura@example.com,North Amyfurt,Kansas,Saint Lucia,2021-08-22
C007180,Anna,Williams,,mschneider@example.org,North Linda,Pennsylvania,Moldova,2025-07-11
C007181,Stephen,Scott,Female,pcharles@example.com,Lake Noahberg,Washington,Saudi Arabia,2025-10-23
C007182,Justin,Macdonald,,millerderek@example.org,New Katherine,Arizona,Mozambique,2021-10-04
C007183,Ryan,Valdez,,edwardperez@example.org,New Laurenfurt,Iowa,Gabon,2026-02-17
C007184,Christopher,Butler,Male,lonnie61@example.com,West Jessicashire,Arizona,Puerto Rico,2024-04-24
C007185,Carly,Chung,Male,bryanwilkinson@example.org,New Janetmouth,Indiana,Saint Lucia,2026-06-02
C007186,Lisa,Gonzalez,Male,emorgan@example.net,Richardfurt,Minnesota,Sierra Leone,2022-11-08
C007187,Anthony,Galvan,,angela22@example.com,Adrianport,Maine,Italy,2026-05-24
C007188,Laura,Zamora,Female,sjohnson@example.com,Lake Cassandra,South Carolina,Tuvalu,2024-04-27
C007189,Jenna,Joseph,Female,pamela49@example.net,South Victoriastad,North Dakota,Thailand,2026-06-04
C007190,Kenneth,Brown,Female,kelly68@example.com,West Howardmouth,Iowa,Norway,2024-12-07
C007191,Cassidy,Rojas,Female,alexander08@example.org,West Joseph,Virginia,Mozambique,2025-04-05
C007192,Margaret,Brown,,cantumichelle@example.com,East Christopher,Oklahoma,Spain,2023-01-28
C007193,Heather,Davenport,Male,jasonmays@example.org,Hillhaven,New Jersey,France,2025-10-24
C007194,Laura,Lopez,Male,martinezmaria@example.com,Ashleyton,Georgia,Saint Pierre and Miquelon,2024-10-13
C007195,Rebecca,Lee,Female,bonnie28@example.org,Patriciachester,New Hampshire,French Polynesia,2023-08-25
C007196,Kenneth,Solomon,,michaelbennett@example.net,Scottfort,Tennessee,Vanuatu,2021-09-15
C007197,Charles,Hunt,Female,zstevenson@example.org,Zacharyshire,North Carolina,Australia,2026-07-24
C007198,Ryan,Howard,Female,josephhart@example.com,North John,Nevada,Micronesia,2025-10-30
C007199,Lisa,Cole,,kingpamela@example.net,North Claudiaborough,Missouri,Guernsey,2025-09-06
C007200,Samuel,Gonzalez,Female,cassandrawhite@example.net,Cruzberg,Wyoming,Malaysia,2026-06-01
C007201,Amber,Nelson,Male,david33@example.com,East Rebeccachester,Rhode Island,Angola,2025-02-27
C007202,William,Castillo,,fschmidt@example.org,Brittneyview,Maine,Isle of Man,2025-08-19
C007203,Terri,Thompson,Female,sarah57@example.com,Mooreton,Nevada,Uganda,2023-08-10
C007204,Eric,Perez,Male,jmorris@example.net,Port Brettland,New York,Russian Federation,2023-07-28
C007205,Leah,Myers,,ovalencia@example.com,West Robertborough,Alaska,North Macedonia,2025-04-23
C007206,Pamela,Diaz,Female,matthewcole@example.net,Mcdonaldfurt,Missouri,Tanzania,2024-05-15
C007207,Kiara,Hogan,Female,jacksonjared@example.org,South Devin,Nebraska,Sao Tome and Principe,2023-03-24
C007208,Chad,Taylor,Male,larry57@example.net,West Robin,Kansas,Estonia,2026-04-30
C007209,Brandon,Holloway,,martinezcheryl@example.org,Mitchellchester,South Carolina,Somalia,2025-12-10
C007210,Stephen,Lane,Female,megan74@example.net,Lake Kristin,Arizona,Tunisia,2023-04-24
C007211,Jason,Castro,Male,timothyyoung@example.net,North Cathy,Connecticut,Portugal,2023-09-18
C007212,Katherine,Reeves,Male,bmiller@example.net,Fostershire,Wisconsin,Tonga,2022-12-13
C007213,Carolyn,Knapp,Female,andersonjames@example.org,Yuside,Connecticut,Rwanda,2023-12-02
C007214,Bonnie,Kelly,Female,thomaspalmer@example.net,Lake Jamestown,Maryland,Guatemala,2022-01-18
C007215,Brenda,Herman,,dorseyjo@example.net,Davisland,Kansas,Liberia,2026-04-01
C007216,Benjamin,Gordon,Male,davisjanice@example.org,Michaelburgh,New York,Malaysia,2022-11-06
C007217,Jennifer,Thomas,Male,smithpatricia@example.net,Lake Vincent,Ohio,Costa Rica,2023-02-09
C007218,Christina,Daniels,,mgardner@example.net,Danielfurt,New Mexico,Nauru,2023-10-14
C007219,Jennifer,Holmes,Female,dkelley@example.com,West Heather,Oregon,Montserrat,2023-07-29
C007220,Gabriel,Frank,,kevinhughes@example.net,Lake Taylorshire,Connecticut,Turkey,2024-01-09
C007221,Christopher,Mathews,,brucewashington@example.com,Danielville,Ohio,Nicaragua,2024-12-27
C007222,Shawn,Ruiz,,melliott@example.net,Robertsonside,New York,Mauritania,2023-08-19
C007223,John,Martin,,ccarlson@example.org,Fergusonstad,California,Trinidad and Tobago,2026-04-09
C007224,Christopher,Washington,,vlewis@example.org,West Cathytown,Louisiana,Taiwan,2022-07-10
C007225,Richard,Davis,Male,brittneystanton@example.net,Heatherfurt,Indiana,Netherlands,2026-06-28
C007226,Jacqueline,Peterson,Female,laurenmorgan@example.net,East Kathleenhaven,Rhode Island,Maldives,2025-10-21
C007227,Julie,Howell,Male,glovermelissa@example.net,Catherinehaven,New Hampshire,Cambodia,2025-08-10
C007228,Suzanne,Figueroa,,jimmy06@example.com,Cameronfort,Delaware,Brunei Darussalam,2022-09-29
C007229,Alice,Carr,Male,jasminemorrison@example.net,Salazarhaven,Ohio,Liberia,2024-02-16
C007230,Catherine,Patton,Female,james72@example.com,South Judy,Michigan,Brunei Darussalam,2022-07-31
C007231,Jessica,Flynn,Female,dallen@example.org,Lake Cynthiahaven,Utah,Mongolia,2026-03-04
C007232,Scott,Harris,,joanna13@example.net,New Matthewport,New York,Belarus,2024-06-12
C007233,Megan,Bell,Female,bradleymcgee@example.com,Townsendville,North Carolina,Lao People's Democratic Republic,2022-02-05
C007234,Elizabeth,Carter,Female,gmeyers@example.com,New Ashley,Virginia,Sao Tome and Principe,2023-12-04
C007235,David,Cox,,patrickdavid@example.net,Richardburgh,Washington,Mongolia,2024-01-08
C007236,William,Shannon,Male,echan@example.org,Theresaville,Arkansas,Taiwan,2025-12-06
C007237,Christopher,Ali,Male,deborahlewis@example.org,East Bridgetmouth,Rhode Island,Lao People's Democratic Republic,2024-10-17
C007238,Mary,Morgan,,ohoover@example.com,Middletonburgh,Tennessee,Venezuela,2023-01-31
C007239,William,Harris,Male,cmorales@example.net,North Jeffrey,Nevada,Italy,2023-12-27
C007240,Donald,Harris,,jschmidt@example.net,Nataliebury,Illinois,Monaco,2022-07-10
C007241,Jennifer,Newton,,mary54@example.net,South John,Rhode Island,Guyana,2022-11-10
C007242,Maria,Curtis,,rsanders@example.net,Flowersville,Alaska,Malaysia,2025-04-07
C007243,Kimberly,Beard,Male,jessicahamilton@example.net,New David,Tennessee,Zambia,2023-04-22
C007244,Brian,Adams,Male,danielcooper@example.net,Nicholasberg,Vermont,Guadeloupe,2022-04-21
C007245,Michelle,Marquez,Female,deborah82@example.org,Lake Keith,Georgia,Syrian Arab Republic,2022-08-18
C007246,Danny,Johnson,,christine09@example.net,Youngbury,Illinois,Botswana,2024-11-18
C007247,Eric,Haney,,sfrank@example.net,New Patrickview,North Carolina,Netherlands,2022-10-01
C007248,Victoria,Johnston,,nathan57@example.org,Lake Kimberlymouth,Hawaii,Latvia,2024-02-12
C007249,Michael,Terrell,Male,ygreen@example.com,Lewischester,Louisiana,British Indian Ocean Territory (Chagos Archipelago),2022-10-27
C007250,Dominic,Powell,Female,wilsonpamela@example.org,North Dianeshire,Alaska,Turkmenistan,2021-10-22
C007251,Jessica,Manning,Male,johnsonashley@example.net,South Philip,Alabama,Burkina Faso,2021-08-02
C007252,Cody,Burch,,jackrice@example.org,East Janiceberg,Oklahoma,Guernsey,2023-05-12
C007253,Julie,Johnson,,kimberlybentley@example.org,West Teresa,Oklahoma,Pakistan,2022-10-24
C007254,April,Taylor,Male,lucas78@example.com,Jensenborough,Washington,Austria,2022-05-13
C007255,Jerry,Pratt,Female,dsmith@example.org,West Elizabethhaven,Illinois,Guinea-Bissau,2026-06-01
C007256,Jennifer,Dillon,Male,schneiderbrian@example.com,Erikborough,West Virginia,Cook Islands,2023-02-24
C007257,Brandon,Rodriguez,,barnesbrandon@example.org,South Marystad,Connecticut,Guernsey,2022-03-26
C007258,Wendy,Johnson,,heatherhill@example.net,East Sarahchester,South Dakota,Sierra Leone,2023-11-26
C007259,Sharon,Adams,,carmen54@example.com,Vasquezshire,Georgia,Sudan,2025-10-01
C007260,Margaret,Gibson,Male,gabrielsimon@example.org,West Amy,Wyoming,Anguilla,2025-10-21
C007261,Richard,Becker,Male,monicasmith@example.net,Kimberlybury,Tennessee,Hungary,2026-03-20
C007262,Daniel,Hines,Female,wilsonderrick@example.com,New Madeline,Colorado,Estonia,2025-01-04
C007263,Alexandra,Moore,Male,jenniferrogers@example.net,Bakerport,Wisconsin,Ethiopia,2022-03-07
C007264,David,Roberts,,john42@example.net,East Maria,West Virginia,Saint Kitts and Nevis,2024-11-23
C007265,Christian,Gomez,Male,thomassmith@example.com,Frederickstad,Oregon,Sweden,2022-06-10
C007266,Keith,Fisher,Female,jeanlewis@example.org,North Christinaview,New Mexico,Antigua and Barbuda,2021-11-26
C007267,Melissa,Simpson,Female,dianeyoung@example.net,Walkerland,Virginia,Uganda,2024-07-09
C007268,Allen,Becker,Female,bensonheather@example.org,Chenberg,Kansas,Liechtenstein,2026-01-18
C007269,Nathaniel,Simmons,Female,jacksondenise@example.net,North Ryanport,Iowa,Antigua and Barbuda,2022-05-02
C007270,Dalton,Anderson,Female,wallrichard@example.org,Hayesbury,Pennsylvania,Holy See (Vatican City State),2026-05-06
C007271,Tasha,Dean,,sarameyer@example.com,Hannahchester,Louisiana,British Virgin Islands,2022-03-11
C007272,Robert,Johnson,,owagner@example.org,East Jeffrey,New Mexico,Latvia,2024-01-17
C007273,Jerry,Newton,,jasonwarner@example.com,Piercefort,Tennessee,Saint Helena,2023-04-14
C007274,Diamond,Peterson,Female,angela80@example.com,Hunterfurt,Missouri,Saudi Arabia,2021-10-31
C007275,Melissa,Curtis,Male,nicole07@example.com,Mcmahonchester,Indiana,Mauritania,2023-07-12
C007276,Greg,Lee,Male,charles01@example.com,Amandatown,Vermont,Falkland Islands (Malvinas),2024-08-05
C007277,Stacy,Perry,Male,ubrown@example.com,East Erin,Alaska,Cape Verde,2023-04-06
C007278,Marcus,Castillo,Male,olsonjustin@example.com,East Elizabeth,Minnesota,Brazil,2026-03-14
C007279,Donna,Bryant,Male,psexton@example.org,South Michael,Montana,Turkey,2024-12-11
C007280,Daniel,Sellers,Male,isaiah46@example.org,Julieland,Nevada,Tunisia,2025-02-18
C007281,Tyrone,Johnston,,alyssa99@example.com,New Paul,Kentucky,Turkmenistan,2024-02-07
C007282,Leah,Stevenson,,palmerrebecca@example.org,New Mariaport,North Dakota,United Arab Emirates,2023-06-07
C007283,Theresa,Garcia,Female,briley@example.org,Donnaview,Alaska,Ireland,2025-02-04
C007284,Jessica,Nicholson,,kyleestrada@example.org,East Christina,New York,Martinique,2025-07-25
C007285,Kendra,Sims,,griffinashley@example.net,Lake Cheyenne,Illinois,Saint Lucia,2025-05-09
C007286,Whitney,Richards,,reesewilliam@example.com,East Timothy,Utah,Lao People's Democratic Republic,2023-12-08
C007287,Michael,Stanley,Male,hermansandra@example.com,New Charlesfurt,Georgia,Gambia,2026-01-18
C007288,Thomas,Russell,,jasmine05@example.org,Katherinefort,Minnesota,Venezuela,2023-10-05
C007289,Kelly,Jones,Male,welchmichael@example.net,Matthewstad,Kentucky,Grenada,2026-03-23
C007290,Robert,Lewis,Male,gibsoncorey@example.net,North Mariafurt,Kentucky,Comoros,2025-02-24
C007291,Jennifer,Jones,,jimenezsharon@example.net,Hammondfort,Florida,Azerbaijan,2025-10-09
C007292,Stephanie,Armstrong,Male,patricia46@example.net,Jacksonland,Kentucky,Cambodia,2022-11-28
C007293,Abigail,Mcfarland,Female,cory75@example.com,East Brent,South Carolina,India,2021-11-25
C007294,Donald,Davidson,Male,joshua65@example.com,South Juliefort,Florida,Egypt,2022-12-27
C007295,Emily,Barajas,,jamescarr@example.com,Petersonview,Nevada,Hong Kong,2025-09-02
C007296,Jennifer,Trevino,Female,smccarthy@example.net,New Thomas,Tennessee,Cape Verde,2024-10-07
C007297,Leroy,Salazar,Male,timothysanchez@example.com,Port Amandastad,North Carolina,Afghanistan,2025-12-14
C007298,Kayla,Chapman,,travis62@example.com,New Steven,Kentucky,Mexico,2024-04-11
C007299,James,Contreras,,hunterhuff@example.com,East Trevor,Texas,Northern Mariana Islands,2025-07-31
C007300,Jacob,Kerr,Female,james69@example.net,Jefferychester,North Carolina,Mauritius,2025-12-07
C007301,Gail,Carter,,morrisonsusan@example.net,East Micheleshire,Massachusetts,Samoa,2022-12-31
C007302,Shawn,Sanchez,,yvonneshields@example.net,South Heather,South Carolina,Syrian Arab Republic,2024-07-29
C007303,Jennifer,Tran,Female,nicholegibson@example.com,Michaelhaven,Montana,Liberia,2022-08-23
C007304,Ashley,Singh,Male,taylorashley@example.org,Lopeztown,Arkansas,Barbados,2021-08-19
C007305,Carol,Owens,Female,deanwatts@example.org,Josephfort,Minnesota,Angola,2026-05-19
C007306,Michael,Vang,Female,richard12@example.net,West Travis,Louisiana,Belgium,2021-12-15
C007307,Troy,Pratt,Female,vreeves@example.org,Porterchester,Colorado,Zimbabwe,2023-02-07
C007308,Richard,Steele,Male,gibsonsteven@example.net,Silvaland,Delaware,Antarctica (the territory South of 60 deg S),2024-08-14
C007309,Kendra,Park,Male,hannahlynch@example.com,New Matthew,New Jersey,Cuba,2025-04-09
C007310,Timothy,Davis,Male,kleinkayla@example.org,Spencerview,Florida,Sweden,2025-12-04
C007311,Joseph,Warren,Male,psparks@example.net,Port Jessicatown,New York,British Virgin Islands,2026-03-20
C007312,Jason,Benson,Male,fullersusan@example.org,Garciaborough,Michigan,Slovenia,2023-04-19
C007313,Catherine,Graham,Female,joshua10@example.com,Port John,Wisconsin,Guinea-Bissau,2024-08-09
C007314,Manuel,Williams,Male,markscott@example.net,Shawntown,Hawaii,Lithuania,2024-12-16
C007315,Carrie,Watts,Female,suzanneparker@example.com,East April,Texas,Mali,2024-06-01
C007316,Briana,Watts,Female,angelagonzalez@example.org,Port Jenniferhaven,Maine,South Africa,2023-09-13
C007317,David,Bailey,Male,robertwinters@example.net,New Crystal,Wyoming,Paraguay,2023-10-22
C007318,Samantha,Nichols,,ann28@example.org,Reyesberg,New Hampshire,Bouvet Island (Bouvetoya),2024-02-23
C007319,Sonya,Cochran,,collinsjohn@example.com,New Meganstad,South Dakota,Lesotho,2024-07-10
C007320,Ryan,Allen,Male,darlenehardin@example.org,North Alisonburgh,Louisiana,Russian Federation,2022-08-11
C007321,Andrew,Lam,Male,daviswilliam@example.net,Lake Allison,Montana,Grenada,2021-10-17
C007322,Michelle,Hughes,Male,vsullivan@example.net,Laurenmouth,Connecticut,Micronesia,2026-03-22
C007323,Janice,Anderson,Male,parkerandrew@example.com,Mcclainbury,Wisconsin,Rwanda,2022-04-04
C007324,Michael,Rodriguez,Female,ismith@example.org,Port Thomas,New York,Myanmar,2024-09-12
C007325,Joseph,Schmitt,,lindsay95@example.org,East Johnny,West Virginia,Somalia,2024-06-07
C007326,Nancy,Hughes,Female,pcalhoun@example.com,East Alexander,Utah,Madagascar,2023-04-16
C007327,Anne,Jackson,,zharrison@example.com,East Adamshire,Texas,Dominican Republic,2024-12-09
C007328,Sue,Hernandez,Female,kmcguire@example.net,Lake Rebeccaton,Wyoming,Cocos (Keeling) Islands,2024-11-26
C007329,Samuel,Romero,Female,robertsraymond@example.net,West Mark,Alaska,Turks and Caicos Islands,2023-07-19
C007330,Natalie,Spears,Male,owhitney@example.com,Brandonfort,Pennsylvania,Brazil,2022-10-10
C007331,Diane,Murray,Female,cookcourtney@example.org,Port Gabriel,New Hampshire,Pakistan,2026-07-12
C007332,Garrett,Young,Female,kgillespie@example.net,Stevenborough,Idaho,Saint Pierre and Miquelon,2021-11-27
C007333,Sierra,Gray,Male,juan65@example.com,North Kelsey,Illinois,Congo,2022-06-03
C007334,Michael,Carrillo,,theresarodriguez@example.net,Billyton,New York,Bouvet Island (Bouvetoya),2022-06-17
C007335,Mary,Ruiz,,howellbrian@example.com,Debraton,North Dakota,Cambodia,2025-09-14
C007336,Julia,Medina,Female,leonardcheryl@example.com,South Michael,New Jersey,Grenada,2025-07-04
C007337,Meagan,Thompson,,danielleclayton@example.com,Snyderborough,South Dakota,Armenia,2022-05-21
C007338,Gregory,Lopez,Female,arnoldsharon@example.com,Lake Terriland,Montana,Antarctica (the territory South of 60 deg S),2026-05-31
C007339,Jody,Bennett,Female,kelliwilson@example.com,Katietown,Georgia,Kenya,2025-10-09
C007340,Chad,Vaughn,,markcollins@example.net,Victoriaville,New York,Turkmenistan,2022-06-19
C007341,Angela,Best,,bellhannah@example.net,Robertland,Pennsylvania,Burkina Faso,2026-03-19
C007342,Charles,Green,,melissa17@example.org,Justinborough,Pennsylvania,Honduras,2021-11-23
C007343,Brittany,Burns,,carlosmoore@example.com,Lake Debbie,New York,Saint Helena,2022-04-06
C007344,Brittany,Wood,,onealjacob@example.org,Alexandraborough,Wisconsin,Thailand,2024-01-09
C007345,Kylie,Mercado,,zachary48@example.org,Sandersport,Georgia,Wallis and Futuna,2022-07-18
C007346,James,Lane,,conleydaniel@example.net,Whitetown,Oklahoma,Tanzania,2021-10-12
C007347,Christian,Diaz,,tylernichols@example.org,West Richardbury,Indiana,Yemen,2024-02-19
C007348,Priscilla,Barnes,Male,david67@example.org,Juliestad,Illinois,French Polynesia,2022-07-15
C007349,John,Ross,,taylorroger@example.org,Johnview,Washington,Germany,2023-03-30
C007350,Kristen,Peck,Male,adam49@example.net,South Christopher,Arizona,Palestinian Territory,2024-02-17
C007351,James,Knight,Female,rrollins@example.net,West Triciahaven,Nebraska,Haiti,2023-09-16
C007352,James,Daugherty,Female,tcameron@example.net,Lake Andrewville,Texas,Burundi,2023-03-11
C007353,John,Bartlett,Male,petersonsusan@example.org,West Jenniferfurt,Illinois,Sweden,2023-08-24
C007354,Laura,Smith,Male,susancrane@example.net,Port Timothyland,Pennsylvania,Western Sahara,2023-01-20
C007355,Joshua,Cain,,wayneyoung@example.org,Jeremybury,North Carolina,Nepal,2023-08-16
C007356,Dan,Caldwell,,glenn22@example.com,Jamesshire,Vermont,Serbia,2023-03-11
C007357,April,Webb,Female,towens@example.net,Daniellefurt,Indiana,Cayman Islands,2026-02-07
C007358,Henry,Morris,,walkerhannah@example.com,Chavezhaven,Virginia,British Virgin Islands,2024-01-25
C007359,Diana,Rodgers,Male,davidsanders@example.com,North Kennethhaven,New Mexico,Cote d'Ivoire,2025-09-06
C007360,Kaitlyn,Barker,,towens@example.org,Edwardsmouth,Rhode Island,Maldives,2025-12-03
C007361,Kyle,Gray,Female,austinwoods@example.org,North Nancyburgh,Kansas,Azerbaijan,2025-04-14
C007362,Angelica,Hawkins,,xthomas@example.com,Lake Dianabury,Washington,Gabon,2023-07-26
C007363,James,Harrington,,chavezchristina@example.org,South Megan,Kansas,Norfolk Island,2024-07-11
C007364,Sabrina,Pham,Male,briley@example.net,Lake Scottmouth,West Virginia,Argentina,2021-08-26
C007365,Olivia,Simon,Male,james83@example.org,North Christy,Maryland,Afghanistan,2022-05-03
C007366,Vanessa,Sanchez,Female,pdavid@example.org,West Stephanie,Oregon,Bahamas,2021-12-15
C007367,Charles,Jones,Female,mooredavid@example.org,Bruceburgh,Massachusetts,Uganda,2022-10-22
C007368,Chad,Sutton,Female,anthonyjustin@example.net,Cochranstad,South Dakota,Greenland,2024-08-27
C007369,Heather,Horton,Female,wrogers@example.com,Port Carlos,North Dakota,Poland,2025-06-07
C007370,Albert,Reeves,Female,pamela54@example.com,Youngside,New Mexico,Bahrain,2024-02-17
C007371,Henry,Cook,Female,longanthony@example.net,North Theresashire,North Carolina,Georgia,2025-08-29
C007372,Michelle,Thompson,Male,mperry@example.net,East Joseberg,New Mexico,Ethiopia,2022-08-20
C007373,Christian,Fox,Female,david43@example.com,Port Jonathanville,Wyoming,Suriname,2025-07-28
C007374,Kristin,Stephens,Female,carolsanders@example.net,North Ana,Pennsylvania,Chile,2026-06-15
C007375,Christina,Allen,,fwalker@example.org,Kimberlymouth,New Hampshire,Congo,2021-08-27
C007376,Jesse,Brooks,Male,ljones@example.org,South Jimmyport,Hawaii,Rwanda,2023-04-12
C007377,Thomas,Jacobs,,lmartin@example.com,Perryberg,Oregon,United States Virgin Islands,2026-03-11
C007378,Walter,Donovan,,piercepatricia@example.com,Jeremymouth,Hawaii,Fiji,2025-06-07
C007379,Benjamin,Brown,Male,susanmarquez@example.net,Chenstad,Georgia,Mauritania,2021-08-05
C007380,Stephanie,Olson,Female,hjones@example.org,Alyssaside,Virginia,Portugal,2025-02-12
C007381,Dylan,Stevens,,michaelthomas@example.com,Brittanychester,Michigan,Georgia,2022-07-10
C007382,Chloe,Mcclain,Female,ndonovan@example.net,Perezborough,South Dakota,Montserrat,2022-01-15
C007383,Christopher,Bentley,Male,lindadavis@example.org,New Kristinaland,Iowa,Thailand,2026-03-14
C007384,William,Wong,,dawn06@example.org,Tylerview,Kansas,French Polynesia,2022-11-29
C007385,Johnny,Padilla,,whitechristopher@example.com,North Stephen,Maryland,Liberia,2022-03-21
C007386,Diana,Horne,Male,qgraham@example.org,North Thomasburgh,Oklahoma,Djibouti,2025-05-26
C007387,Makayla,Nguyen,Male,margaretmarsh@example.net,Smithview,North Dakota,Greece,2024-07-21
C007388,Catherine,Rose,,earnold@example.org,Garciachester,Pennsylvania,Uzbekistan,2023-12-27
C007389,Valerie,Cortez,,wpark@example.com,North Zacharyfort,Montana,Chad,2024-07-12
C007390,Diana,Berry,,colleen91@example.com,South Laurentown,Idaho,Reunion,2026-03-10
C007391,Russell,Cochran,Male,rebeccasmith@example.org,Port Kimberlystad,New York,Czech Republic,2025-03-21
C007392,Kenneth,Hernandez,Female,chapmanjames@example.net,Lake Tony,New Mexico,French Guiana,2023-08-13
C007393,Tracy,Brooks,Female,sarah42@example.org,Grayport,Minnesota,Swaziland,2021-11-13
C007394,Barry,Gonzalez,Female,parkerjennifer@example.org,North Eriktown,Pennsylvania,Saint Pierre and Miquelon,2021-10-02
C007395,Tiffany,Davis,Female,troberts@example.org,Lyonsbury,Massachusetts,Congo,2024-03-06
C007396,William,Anderson,Male,jordanmatthew@example.net,Lake Mary,North Dakota,Saint Martin,2022-01-05
C007397,James,Weeks,Male,lisaking@example.org,Scottton,Idaho,Bangladesh,2024-12-12
C007398,Lori,West,Female,marksuarez@example.net,Lake Ronald,Washington,Vanuatu,2026-06-08
C007399,Tyler,Hayes,,abbottandre@example.net,Lake Tammy,Florida,Thailand,2026-06-28
C007400,Anna,Foster,,william25@example.org,Padillaville,Louisiana,Heard Island and McDonald Islands,2023-05-25
C007401,Ashley,Crosby,Male,james46@example.org,Amberville,Connecticut,Turkmenistan,2024-07-09
C007402,Dillon,Cummings,Female,youngkari@example.com,West Isaac,Minnesota,Syrian Arab Republic,2024-08-19
C007403,Christopher,Humphrey,Male,jenniferferguson@example.net,Cohenborough,Illinois,Brazil,2022-02-28
C007404,Lisa,Moody,Female,barbarathomas@example.net,Port Teresafort,New Mexico,Bahamas,2024-03-15
C007405,James,Diaz,Female,adam35@example.org,Johnsonhaven,Maryland,San Marino,2022-01-08
C007406,Lori,Riddle,,sheryl30@example.net,New Ryan,West Virginia,Jamaica,2023-03-10
C007407,Neil,Thomas,,andersonstephanie@example.net,Brianfurt,Montana,Lithuania,2022-10-25
C007408,Samantha,Johnson,,westpatricia@example.org,Jeffreyfurt,Delaware,United States Minor Outlying Islands,2023-07-31
C007409,Jill,Christian,Male,bryanmeza@example.com,South Michelle,Virginia,Wallis and Futuna,2023-06-24
C007410,Andrea,Stout,,brian38@example.net,Port Justin,Nevada,Jamaica,2021-11-24
C007411,Tracy,Leblanc,,jeremy76@example.com,Mccoyport,Maine,Cote d'Ivoire,2022-09-20
C007412,Jacqueline,Edwards,Male,ycraig@example.org,North Shawnbury,Utah,Latvia,2023-07-19
C007413,Henry,Martinez,Male,williamsonjennifer@example.net,Port Ravenmouth,Alaska,Lithuania,2025-06-24
C007414,Kristen,Lopez,Male,jenniferfrank@example.org,Adamburgh,Wyoming,American Samoa,2023-09-22
C007415,Jennifer,Becker,,elizabethharrington@example.com,West Robertfurt,Wyoming,Liechtenstein,2023-06-15
C007416,Christopher,Bradley,Female,andreaparker@example.net,Meyerhaven,Utah,Norway,2023-12-23
C007417,Katelyn,Daugherty,,richardashley@example.com,Victoriafort,Nebraska,Vanuatu,2024-11-13
C007418,Deanna,Taylor,Female,bernardpaula@example.com,East Michaelfurt,Wyoming,Martinique,2022-01-01
C007419,Ronald,Dougherty,Male,tuckeramy@example.org,North Jennifertown,Utah,Colombia,2026-04-01
C007420,Timothy,Ibarra,,samanthamartin@example.org,Carsonmouth,Virginia,United States Virgin Islands,2021-12-31
C007421,Ronald,Gallagher,,dsims@example.org,East Williamland,Utah,Egypt,2025-04-19
C007422,David,Reilly,Female,melissa52@example.net,Mistyside,Nevada,Congo,2025-10-17
C007423,Jacob,Wilkerson,,susancoffey@example.org,Susanton,New Hampshire,Yemen,2023-03-26
C007424,Jessica,Smith,,pmorrow@example.net,Calebfurt,Louisiana,Brunei Darussalam,2024-05-08
C007425,Alexa,Bradley,,richardsonsarah@example.org,Rowefurt,Nebraska,Kyrgyz Republic,2024-07-20
C007426,Daniel,Black,Male,ivazquez@example.org,Taylorfurt,Florida,Burkina Faso,2022-05-28
C007427,Jorge,Tanner,Female,gnunez@example.net,Davidfurt,Minnesota,Comoros,2022-07-28
C007428,Philip,Gonzales,,nwise@example.net,Rebeccaview,New Mexico,Samoa,2023-03-24
C007429,Susan,Black,Female,nicoleyork@example.com,South Emily,New York,Trinidad and Tobago,2026-03-02
C007430,Nicole,Hart,Male,debra16@example.net,Cooketon,Alaska,Bahrain,2025-08-08
C007431,Joshua,Ramirez,Male,ocarter@example.net,East Mikemouth,West Virginia,Jamaica,2022-02-22
C007432,Michael,Mitchell,Female,stewarttravis@example.com,East Heather,Minnesota,Vietnam,2022-07-06
C007433,Amanda,Bradshaw,,rowlandalyssa@example.com,North John,Iowa,Austria,2024-08-31
C007434,Kimberly,Johnson,,brendanmorales@example.org,South Carrie,Florida,El Salvador,2024-02-28
C007435,Emily,Mcguire,Male,kathrynlewis@example.net,Vazquezview,South Dakota,Aruba,2025-05-07
C007436,Kristi,Kramer,Male,tiffany24@example.org,Benjaminview,Oregon,Benin,2022-01-23
C007437,Krystal,Williams,Male,maychristian@example.com,Maldonadoberg,Louisiana,Suriname,2024-09-13
C007438,Pamela,Nolan,Male,ian26@example.com,Anitamouth,Delaware,Thailand,2021-10-31
C007439,Aaron,Martinez,,nortonelizabeth@example.com,South Williamview,Idaho,Japan,2024-12-06
C007440,Stacey,Wright,Male,medwards@example.com,Floresbury,Massachusetts,Panama,2023-04-13
C007441,Christine,Simpson,Female,uwelch@example.net,Sanchezbury,North Dakota,Tajikistan,2023-10-02
C007442,Michele,Jackson,Female,qbates@example.net,East Juan,Colorado,Tonga,2025-12-24
C007443,Scott,Bell,Female,dcastaneda@example.com,South Stephanie,Florida,Togo,2022-02-28
C007444,Alan,Branch,,vperez@example.net,North Scottshire,Arkansas,Canada,2023-01-12
C007445,Michelle,Ortiz,Female,gillespietaylor@example.net,Johnsonland,Kentucky,Liberia,2026-02-08
C007446,Jordan,Ward,Female,megan14@example.net,East Lauren,Texas,Kiribati,2025-05-22
C007447,Anne,Martinez,,tara75@example.com,North Shane,Nevada,Lithuania,2025-07-10
C007448,James,Hughes,Male,ribarra@example.com,Meyermouth,Oregon,Nicaragua,2025-03-02
C007449,Laura,Deleon,Male,dallen@example.net,West Kimberly,Iowa,Oman,2024-09-01
C007450,Megan,Smith,Male,jeffrey67@example.net,West Brendanshire,Georgia,Chad,2025-11-26
C007451,Johnny,Heath,Male,bkirk@example.net,Smithfurt,Kentucky,Aruba,2026-04-30
C007452,Joseph,Martin,Male,hrussell@example.org,East Jamesborough,Wyoming,Senegal,2023-12-04
C007453,Amanda,Bryant,,murraypaul@example.com,Amberville,Indiana,Peru,2024-12-24
C007454,Christopher,Chapman,Female,stephanie29@example.com,Aliciaborough,Pennsylvania,Mexico,2024-02-03
C007455,Grace,Garrett,Male,tmayo@example.org,New Michael,Louisiana,Denmark,2022-12-31
C007456,Mark,Khan,Female,moralesvictoria@example.org,Shirleystad,Virginia,Micronesia,2021-11-05
C007457,Lisa,Atkins,Female,beniteztyler@example.net,Harperfort,Utah,Canada,2025-05-06
C007458,Amanda,Shah,Female,ryancox@example.org,Lake Jamesborough,Minnesota,Monaco,2026-04-09
C007459,Sophia,Austin,,dennis80@example.org,Port Michellechester,Illinois,Belize,2024-03-13
C007460,Kimberly,Johnson,Male,usanchez@example.org,Pricestad,South Carolina,Czech Republic,2026-06-11
C007461,Jeffery,Vance,,davisrachel@example.net,North Reginaldmouth,North Carolina,Senegal,2024-12-21
C007462,James,Martinez,Female,margarethopkins@example.org,East Joshua,Idaho,Canada,2022-06-06
C007463,Kenneth,Miller,Male,jackie51@example.com,New Misty,Maine,Moldova,2025-05-18
C007464,Tina,Williamson,Male,fbarber@example.net,Schultztown,Florida,British Indian Ocean Territory (Chagos Archipelago),2026-06-22
C007465,Alexa,Daniels,,waltersdebbie@example.net,New Kevin,South Carolina,Luxembourg,2025-06-20
C007466,Dustin,Henry,,thomasemma@example.org,Erictown,North Dakota,Switzerland,2022-06-10
C007467,Justin,Garcia,Female,colemanlarry@example.org,Lake Thomas,Alaska,New Caledonia,2021-10-25
C007468,Brittany,Ross,Female,callahanjeremy@example.org,Coryview,Arkansas,Iceland,2022-09-22
C007469,Daniel,Owens,Female,bcrawford@example.org,South Kellyfurt,California,Tokelau,2024-08-25
C007470,Vanessa,Jones,Female,jason08@example.net,Brennanmouth,Kentucky,India,2022-10-13
C007471,Linda,Doyle,Male,matthew23@example.net,Andersonville,Rhode Island,Algeria,2022-07-08
C007472,Robert,Moran,,joseph84@example.com,Lake Davidbury,Hawaii,Oman,2025-06-12
C007473,Robert,Hall,,rhinton@example.com,Hooverchester,Indiana,Uganda,2023-06-02
C007474,Courtney,Stanton,Male,marvinmartinez@example.net,South Jacqueline,Kentucky,Tunisia,2024-03-14
C007475,Benjamin,Coleman,Male,yknox@example.org,Riddleport,Minnesota,Russian Federation,2025-03-23
C007476,Samantha,Berry,,joseph95@example.net,South Yvetteport,Hawaii,Wallis and Futuna,2023-01-20
C007477,Brianna,White,Female,angelaschmidt@example.net,Barnestown,Arkansas,Palestinian Territory,2026-02-26
C007478,Cindy,Copeland,,stephaniecantu@example.org,Harperton,Oklahoma,Kuwait,2024-10-30
C007479,Susan,Davis,,gmoore@example.com,East Lorrainetown,North Dakota,Cayman Islands,2021-10-20
C007480,Kelli,Hopkins,,bcarter@example.org,South Zachary,New York,Martinique,2023-08-15
C007481,Jenny,Reed,Male,scottchristine@example.net,Lake Tiffanychester,Pennsylvania,Israel,2023-12-01
C007482,Lori,Evans,Male,omooney@example.net,Lake Brett,New York,Cocos (Keeling) Islands,2026-04-18
C007483,Sheryl,Bates,Male,hermanjacob@example.org,Rojasshire,Ohio,Aruba,2024-06-16
C007484,Cheryl,Duran,Male,jeremiah74@example.com,Hansontown,Maine,Tuvalu,2026-07-19
C007485,Jean,Fuentes,Male,dawsonamanda@example.net,South Andrea,Maryland,Netherlands Antilles,2026-04-24
C007486,William,Williams,,nancy42@example.com,New Williamhaven,South Carolina,Australia,2025-08-06
C007487,Michael,Smith,Female,qhicks@example.org,Dianatown,West Virginia,Sao Tome and Principe,2026-05-04
C007488,Nicole,Cantu,Male,robertsjessica@example.net,West Tara,Wyoming,Chile,2023-09-09
C007489,Michael,Khan,Male,carmstrong@example.com,Walkermouth,West Virginia,Kenya,2024-01-03
C007490,Anita,Williams,Male,sancheznathan@example.com,Craigtown,Illinois,Bolivia,2023-08-19
C007491,Brenda,Gamble,,chasedaniel@example.net,New Gregory,Ohio,United Arab Emirates,2022-03-02
C007492,Michael,Green,,crystallewis@example.net,Susanburgh,South Dakota,Niger,2022-05-01
C007493,Hannah,Parker,,colemanmark@example.org,Veronicaburgh,Maryland,Korea,2025-03-10
C007494,Catherine,Carr,Female,daniel73@example.com,Rodriguezside,Idaho,United States of America,2024-02-28
C007495,Jamie,Fuentes,Female,kathyyoder@example.org,Davidville,Vermont,Greenland,2022-11-30
C007496,Linda,Blevins,Male,mweaver@example.com,New Seanfurt,New York,Estonia,2021-11-11
C007497,Christine,Byrd,Male,riddlejay@example.com,Port Caleb,Alaska,Mauritania,2022-05-01
C007498,Ian,Sawyer,Male,martinezmatthew@example.net,Port Rachel,Maine,Pitcairn Islands,2024-10-20
C007499,William,Lucas,Female,phillipsrobert@example.com,Laurenstad,New Mexico,Macao,2024-03-10
C007500,Sharon,Campbell,Male,pmitchell@example.com,Annmouth,North Dakota,Norway,2024-10-10
C007501,Victor,Mendoza,Male,hugheslaurie@example.org,Nicoleview,New York,Kuwait,2024-05-19
C007502,Sergio,Gonzalez,,berrynicole@example.com,Johnport,Massachusetts,Cook Islands,2023-11-25
C007503,Brian,Jimenez,Female,nrusso@example.org,Tonyaborough,Pennsylvania,Isle of Man,2024-05-28
C007504,Megan,Miller,,aliciacarrillo@example.net,Waltersbury,Arizona,Kenya,2024-11-25
C007505,Brandon,Alexander,,xcummings@example.net,Torresville,Kentucky,Timor-Leste,2022-03-10
C007506,Kyle,Nguyen,,nunezdeborah@example.net,Lake Victoriastad,Wisconsin,New Zealand,2025-10-31
C007507,Charles,Dunn,,sorr@example.org,Floresland,Montana,Ethiopia,2022-10-29
C007508,Michelle,Schmidt,,jessica39@example.com,Mooreland,West Virginia,Seychelles,2025-02-24
C007509,Andrew,Knight,,jmcclain@example.com,Nicoleburgh,Arizona,Macao,2025-03-10
C007510,Mary,Krause,,younglaurie@example.net,Danieltown,Louisiana,Liechtenstein,2023-10-16
C007511,William,Hale,Male,adamhoward@example.net,Thompsonburgh,Iowa,Nicaragua,2024-10-05
C007512,Joseph,Harding,Female,allenjustin@example.org,South Joshuamouth,Connecticut,Costa Rica,2024-10-03
C007513,Ryan,Jones,,tina41@example.net,Andrewville,Utah,Rwanda,2023-07-24
C007514,Angela,Holt,,mharris@example.com,Edwardsmouth,Oregon,Cote d'Ivoire,2026-04-06
C007515,Deanna,Reilly,Female,michaelbecker@example.com,Smithview,Wisconsin,Hong Kong,2023-03-18
C007516,Christopher,Ellis,Male,oherring@example.net,West Leahside,Tennessee,Kenya,2022-06-16
C007517,Emma,Smith,Male,meyersamber@example.net,New Gregoryborough,North Carolina,Chile,2024-06-17
C007518,Jared,Brooks,Female,georgehays@example.com,Escobarhaven,New York,American Samoa,2026-01-28
C007519,Devin,Jones,Female,lauren64@example.org,Mejiafurt,Missouri,Niger,2024-11-05
C007520,Joseph,Carroll,Female,katherinejohnson@example.com,East Brandyville,Vermont,French Polynesia,2025-01-01
C007521,Jordan,Juarez,Female,tiffanyaguilar@example.com,Lake Jonathan,Montana,United States Virgin Islands,2022-05-03
C007522,Roger,Jones,Male,uwilson@example.org,Williamsside,Illinois,Tunisia,2024-02-25
C007523,David,Graham,Female,jeanettecummings@example.org,Charlesfurt,Mississippi,Iraq,2026-02-07
C007524,James,Romero,,atran@example.com,Jonesfurt,Hawaii,British Virgin Islands,2023-11-14
C007525,Rachel,Barnes,Male,jgreene@example.org,Port Angelica,Washington,Serbia,2022-10-19
C007526,Earl,Dickerson,Female,fpetty@example.com,Port Samuel,Ohio,Micronesia,2026-07-07
C007527,Andrew,Smith,Female,jenna38@example.com,Davidfurt,Rhode Island,Svalbard & Jan Mayen Islands,2025-07-09
C007528,Paula,Clark,Male,garrettbrown@example.com,Joshuaburgh,Pennsylvania,Montenegro,2021-09-09
C007529,Eric,Lewis,Male,collinsjeffrey@example.net,West Chadmouth,North Carolina,Nauru,2023-03-21
C007530,Elizabeth,White,,yblack@example.org,Bryanport,Vermont,Ireland,2026-04-19
C007531,Michael,Mitchell,Female,psummers@example.net,New Grant,North Dakota,Christmas Island,2022-09-18
C007532,Robert,Herrera,Female,smyers@example.org,Ericfort,Connecticut,Swaziland,2023-10-14
C007533,Robert,Roberts,,sjackson@example.org,West Robert,Missouri,Bahamas,2024-05-22
C007534,Joshua,Reyes,Female,xstephens@example.com,North Jonathanfort,South Carolina,Isle of Man,2025-11-25
C007535,Riley,Diaz,,orussell@example.com,New Richard,South Carolina,Tonga,2026-01-03
C007536,Julie,Flynn,Male,amysmith@example.com,South Cynthiaside,Georgia,Turks and Caicos Islands,2022-02-22
C007537,Michael,Morrow,,william68@example.org,East Sabrina,Iowa,Fiji,2023-12-07
C007538,Daniel,Cherry,Male,griffithdonna@example.com,North Emma,New Hampshire,Jersey,2022-06-20
C007539,Lynn,Smith,,michaelalvarez@example.net,Susanmouth,Alaska,Saint Kitts and Nevis,2025-12-07
C007540,Timothy,Jones,Male,alan65@example.net,West Ralphshire,Massachusetts,Switzerland,2026-01-12
C007541,Stacy,Hinton,Male,rose66@example.com,Scottland,Massachusetts,Tunisia,2026-04-06
C007542,Michael,Smith,,williamsonmary@example.com,Michaelland,New Jersey,Ethiopia,2026-03-19
C007543,Tiffany,Livingston,,toddheather@example.com,Port Alexandermouth,Montana,Slovakia (Slovak Republic),2022-08-05
C007544,Lauren,Sims,,linda53@example.org,Port Christopher,New York,Taiwan,2024-11-15
C007545,Jonathan,Davis,,curtisrichard@example.org,Copelandstad,Oregon,Jersey,2026-02-03
C007546,Sonya,Miller,Male,roberthill@example.net,Cortezville,South Dakota,New Caledonia,2026-03-17
C007547,Noah,Williams,Female,dustinschwartz@example.com,Kristenport,Washington,Saint Helena,2022-04-19
C007548,Meghan,Murphy,,bboyd@example.net,Maldonadostad,Georgia,Armenia,2024-04-02
C007549,Gregory,Cole,,randrews@example.org,South Anthonyton,Connecticut,Somalia,2024-04-15
C007550,Alyssa,Knight,,steven57@example.net,Martinhaven,Tennessee,Anguilla,2024-03-18
C007551,Margaret,Ortiz,,ajohnson@example.net,Martinezside,Nevada,Micronesia,2024-12-01
C007552,Ronnie,Cantu,Female,adam99@example.net,Bellmouth,Arkansas,Jersey,2022-02-24
C007553,Rachel,Brooks,Female,odixon@example.com,North Kyle,South Dakota,Korea,2024-02-20
C007554,Kristy,Lloyd,,alyssa41@example.org,South Karen,Georgia,Saint Pierre and Miquelon,2026-06-24
C007555,Sean,Sandoval,Female,ccarlson@example.net,East Ashley,Kentucky,French Southern Territories,2025-02-27
C007556,Margaret,Mcdaniel,Female,alyssa34@example.org,Mckenziemouth,California,Lao People's Democratic Republic,2024-08-24
C007557,Alexandra,Peterson,,jessica94@example.com,West James,Mississippi,Christmas Island,2021-08-13
C007558,Ana,Lopez,,maydavid@example.net,West Christopher,Nebraska,Yemen,2025-04-19
C007559,Tamara,Nichols,,pgibson@example.org,Harveyfurt,Montana,Slovakia (Slovak Republic),2025-10-13
C007560,Chad,Smith,Female,joneswilliam@example.net,Josephburgh,Arkansas,Panama,2023-12-31
C007561,Jesus,Jones,Male,hicksheather@example.org,West Rachelfort,New York,Nigeria,2026-05-08
C007562,Jade,Flores,,bishoprandall@example.com,New Kelly,Michigan,France,2026-03-04
C007563,Patrick,Wolfe,,brich@example.net,Whitneyshire,Arkansas,Croatia,2022-04-21
C007564,Jeffrey,Park,Female,angie95@example.org,North Coreystad,Vermont,Oman,2024-05-29
C007565,Heather,Carlson,,ericaadams@example.net,East Samantha,Rhode Island,Moldova,2026-02-11
C007566,Brooke,Simmons,,brittany52@example.org,Fisherchester,Virginia,Eritrea,2026-04-21
C007567,Shane,Lyons,,carneystephanie@example.com,South Heather,Illinois,Tanzania,2024-03-18
C007568,Donald,Myers,Female,owensabigail@example.org,Lake Stacy,California,Spain,2026-03-22
C007569,Kyle,Mcintosh,Female,taylor69@example.net,Port Donald,West Virginia,Latvia,2022-06-23
C007570,Brandon,Mosley,Male,webermichael@example.org,New Billy,Pennsylvania,Saint Vincent and the Grenadines,2025-07-15
C007571,Ashley,Spencer,,mooredebbie@example.com,East Tracie,Oklahoma,Svalbard & Jan Mayen Islands,2022-12-28
C007572,Sarah,Santiago,Male,joseperkins@example.com,Ryanburgh,Nevada,Malaysia,2023-05-11
C007573,Leslie,Vincent,,doughertyhaley@example.net,Joeltown,Maryland,Uganda,2023-01-16
C007574,Denise,Turner,Female,robert52@example.org,East Cherylside,Arizona,Guinea,2026-02-06
C007575,John,Dennis,Male,curtiskristine@example.com,Tonifort,Ohio,Taiwan,2022-06-29
C007576,Danielle,Bowman,Male,kristin94@example.com,New Kimberly,South Dakota,Oman,2026-04-13
C007577,Misty,Davis,Male,stephen95@example.com,Snydertown,Idaho,Sierra Leone,2026-01-31
C007578,Justin,Williams,Male,rodriguezkathleen@example.org,Port Brandon,Washington,Faroe Islands,2024-03-12
C007579,Adam,Walker,Female,gmartin@example.com,Hansenport,California,San Marino,2023-04-28
C007580,Jennifer,Diaz,,angelaellison@example.net,South Johnmouth,Idaho,Montenegro,2024-02-12
C007581,Steven,Richardson,Male,donald83@example.net,West Tony,Idaho,Western Sahara,2025-09-21
C007582,Crystal,Smith,,mcdonaldtyler@example.com,Kathrynstad,North Carolina,Mongolia,2022-09-06
C007583,Tanya,Thompson,Male,owhite@example.com,Curtisland,Utah,Bosnia and Herzegovina,2025-09-21
C007584,Henry,Rodriguez,,melissa11@example.com,Harrisview,Texas,Swaziland,2024-08-02
C007585,Ryan,Horne,Female,bradleydavis@example.com,Davidside,South Carolina,New Caledonia,2022-09-27
C007586,Dawn,Galloway,Female,rrivera@example.org,Ramirezberg,Tennessee,Libyan Arab Jamahiriya,2024-11-02
C007587,Amy,Delacruz,Male,vfields@example.net,New Lauraburgh,New Hampshire,Guadeloupe,2022-01-26
C007588,Angela,Morgan,Female,edward30@example.com,Emmaville,Vermont,El Salvador,2022-05-16
C007589,Richard,Graham,Female,ldavis@example.net,Nelsonland,Hawaii,Equatorial Guinea,2024-07-01
C007590,Michael,Clarke,,carlsonbryan@example.org,New Chris,New Hampshire,Swaziland,2025-08-14
C007591,Monique,Patterson,,darius11@example.com,East Lisa,Tennessee,Jamaica,2023-07-10
C007592,Jesus,Smith,Male,martinezmelinda@example.com,New Theresaland,North Dakota,Azerbaijan,2022-09-21
C007593,Lisa,Shaffer,Male,jennifercole@example.org,Port Melissaton,Iowa,Romania,2022-04-17
C007594,Zachary,Vasquez,,olsonvanessa@example.net,Paulfurt,Virginia,Latvia,2022-02-21
C007595,Amanda,Walsh,Male,diazshelley@example.org,North Jackie,Alaska,Reunion,2023-11-29
C007596,Jerome,Poole,,nancy83@example.org,South Edwardland,Hawaii,Malaysia,2025-08-25
C007597,Caitlin,Rodriguez,Female,barry96@example.org,Cooktown,Ohio,Reunion,2025-10-14
C007598,Vincent,Moore,Female,clarktheresa@example.net,Smithton,Pennsylvania,Pakistan,2022-02-16
C007599,Peter,Cruz,Male,patricia08@example.com,Beardview,Massachusetts,Guadeloupe,2023-04-02
C007600,Zachary,Lara,Female,flemingchristina@example.com,New Teresa,Mississippi,Indonesia,2023-02-22
C007601,Michael,Barry,Female,ndavila@example.com,South Mario,Kentucky,Spain,2023-05-05
C007602,Marie,Campbell,,morsedustin@example.net,Michaelshire,Oregon,Tuvalu,2025-12-09
C007603,Todd,Carrillo,,vortega@example.com,Lake Damon,Vermont,Lebanon,2024-03-27
C007604,Victoria,Rivera,Female,acameron@example.com,Tranville,New Hampshire,Iceland,2022-08-19
C007605,Catherine,Hernandez,Male,ghill@example.org,New Joshuashire,Mississippi,Palau,2025-07-11
C007606,Katie,Rios,Male,xnelson@example.com,Hallside,North Dakota,Liechtenstein,2024-10-05
C007607,Connie,Bartlett,,jamesbailey@example.net,Sanfordtown,Oregon,Heard Island and McDonald Islands,2024-02-05
C007608,Rebecca,Cook,Female,cookmichael@example.org,Eileenshire,Tennessee,Pitcairn Islands,2022-02-01
C007609,Ivan,Wilson,Female,gpeterson@example.org,West Amberhaven,Louisiana,Montenegro,2021-11-16
C007610,David,Lawrence,Female,adkinsjonathan@example.net,Port Melissamouth,Rhode Island,Paraguay,2025-07-11
C007611,Valerie,Matthews,,umichael@example.net,Patriciaton,Virginia,French Guiana,2021-08-27
C007612,Kelsey,Harris,,melissaharris@example.org,Johnsontown,North Carolina,Christmas Island,2024-03-30
C007613,Sarah,Carrillo,,richard56@example.com,Kennethhaven,Nevada,San Marino,2022-04-04
C007614,David,Downs,Male,xrobinson@example.com,Apriltown,Alabama,Norway,2025-11-26
C007615,Andrea,George,Male,russellmelinda@example.net,Bryanchester,Minnesota,Tuvalu,2024-10-28
C007616,Darrell,Hamilton,Male,christineoliver@example.org,Sanchezbury,Arkansas,Tunisia,2024-11-10
C007617,Elaine,Morales,Female,cindysnyder@example.net,West Loristad,Virginia,Turkmenistan,2026-02-22
C007618,David,Chapman,Female,breannayoung@example.com,Robertport,Vermont,Heard Island and McDonald Islands,2024-07-26
C007619,Kevin,May,,edwardstina@example.net,Robinsonstad,Connecticut,Syrian Arab Republic,2023-06-08
C007620,Teresa,Reed,Female,renee45@example.net,North Eric,Virginia,Tonga,2022-02-04
C007621,Kelly,Hawkins,Female,thompsonrobert@example.org,East William,Idaho,Micronesia,2024-09-17
C007622,Evelyn,Morris,Male,david73@example.com,South Amystad,North Dakota,Liechtenstein,2025-11-05
C007623,Andrea,Santos,,thomas43@example.org,Port Danielview,New Hampshire,Mauritania,2024-07-12
C007624,Stephanie,Brown,Male,jenniferkane@example.net,Campbellborough,Kansas,Morocco,2024-04-11
C007625,Joann,Salas,Female,williamsontanner@example.org,Kimberlybury,Connecticut,Haiti,2025-04-14
C007626,Stefanie,Berry,Male,zsmith@example.org,West Carrieborough,Wyoming,Trinidad and Tobago,2023-06-16
C007627,Wesley,Yang,,brandonsantiago@example.org,Harmonchester,Louisiana,Belize,2023-06-28
C007628,Paul,Sparks,Female,matthewramsey@example.com,Mcconnellland,Delaware,Montenegro,2025-06-10
C007629,Kristin,Jackson,,gordontara@example.org,Johnsonside,New Jersey,French Southern Territories,2023-05-13
C007630,John,Miller,Female,btran@example.org,Shelleyport,Wisconsin,Korea,2023-11-16
C007631,Dominic,Blackwell,Female,wchavez@example.org,West Sarah,North Carolina,Monaco,2024-09-02
C007632,Bobby,Morgan,Female,franciscocook@example.com,Beckside,Texas,Sweden,2024-04-15
C007633,Lisa,Burke,,torresharold@example.org,West Juan,Michigan,Panama,2024-03-06
C007634,Brian,Moran,Male,tayala@example.org,Anthonyview,Tennessee,Bouvet Island (Bouvetoya),2025-11-09
C007635,Timothy,Ryan,,bridget28@example.net,Grantchester,New York,Sierra Leone,2024-12-27
C007636,Jonathan,Andrews,Female,jrichards@example.net,North Michaelshire,Oklahoma,Moldova,2023-03-14
C007637,Aaron,Jones,,fergusonkaren@example.net,West Crystal,Nevada,Fiji,2021-08-30
C007638,Megan,Washington,,april21@example.net,Lake Thomasshire,Minnesota,Cameroon,2026-02-28
C007639,Juan,Myers,,franklinmary@example.net,Port Stephaniefort,Nebraska,Syrian Arab Republic,2025-12-22
C007640,Lance,Barker,Female,wallaceanthony@example.org,West Kristen,Ohio,Timor-Leste,2025-02-12
C007641,Laurie,Griffin,,jennifermoore@example.com,Garciaville,Michigan,Latvia,2024-03-22
C007642,Nathan,Little,,sdunn@example.net,Velasquezmouth,Alaska,New Caledonia,2025-07-09
C007643,David,Rodriguez,Male,charleskennedy@example.com,Underwoodmouth,New York,Belize,2026-03-01
C007644,Mark,Hurley,Male,antoniorhodes@example.com,Lake Stephenside,Tennessee,New Zealand,2025-10-02
C007645,Kevin,Wood,,alvaradomartha@example.com,East Brucefurt,Washington,Saint Barthelemy,2024-02-13
C007646,Jeffrey,Cervantes,,rodriguezangela@example.com,Port Jennifer,Delaware,Djibouti,2026-02-08
C007647,John,Andersen,Female,lhobbs@example.org,Nelsonshire,Rhode Island,Sweden,2022-08-23
C007648,Dustin,Warner,Female,jeremy84@example.org,North Kevinside,North Dakota,Algeria,2023-10-30
C007649,Joseph,Mason,Male,carrrenee@example.com,South Tara,South Dakota,Macao,2023-07-09
C007650,Pamela,Sherman,Male,katherinejohnson@example.net,Derrickland,Maryland,Guinea,2022-06-23
C007651,Maria,Aguilar,Female,scotttammy@example.org,West Destinychester,Illinois,Togo,2024-03-05
C007652,Amy,Rangel,Male,scott95@example.org,Morganfurt,Delaware,El Salvador,2021-09-03
C007653,Katherine,Ingram,Female,debra06@example.org,West Victoriaburgh,Minnesota,Moldova,2025-05-20
C007654,Rachael,Vargas,Female,imassey@example.com,Jonesland,Alabama,Israel,2024-09-07
C007655,Jessica,Bass,,steven39@example.com,Lake Jordan,Idaho,Timor-Leste,2024-09-21
C007656,Brett,Soto,,michael30@example.com,North Brianburgh,Massachusetts,Saint Martin,2025-01-24
C007657,Dustin,George,Male,shannon38@example.com,Lake James,Maryland,Barbados,2025-07-20
C007658,Julie,Sutton,,gomezjonathan@example.com,Scottview,Missouri,India,2025-08-30
C007659,Sara,Thomas,,egarcia@example.org,Brandonbury,Washington,Cocos (Keeling) Islands,2023-07-20
C007660,John,Young,Female,patriciamathews@example.net,Brentmouth,Mississippi,Cocos (Keeling) Islands,2022-10-09
C007661,Michael,Pratt,Male,colleen20@example.net,Fordmouth,Arizona,British Indian Ocean Territory (Chagos Archipelago),2024-08-07
C007662,James,Carrillo,,kevin65@example.net,Port Markburgh,New York,Italy,2026-01-22
C007663,Laura,Chen,Male,samuel85@example.org,Debraborough,New Mexico,Slovakia (Slovak Republic),2021-10-31
C007664,Julia,Morgan,Female,leemaria@example.org,Tammychester,Missouri,Barbados,2025-11-20
C007665,Charles,Ward,,michael75@example.org,Lake Brooke,Minnesota,Paraguay,2025-06-09
C007666,Christina,Gardner,Female,osbornebryan@example.org,New Curtismouth,Alaska,Guyana,2022-06-03
C007667,Matthew,Hansen,,jenniferwilliams@example.org,North Samuelland,Utah,Armenia,2024-02-05
C007668,Timothy,Mcclain,Male,castrovincent@example.com,Sanchezfort,South Dakota,Northern Mariana Islands,2025-10-18
C007669,Sean,Rodgers,Female,bruceberry@example.org,Lewisside,Missouri,United States of America,2024-09-15
C007670,Ruben,Moore,Female,shannonnelson@example.org,South Angelaburgh,Vermont,Lao People's Democratic Republic,2023-10-10
C007671,Charles,Brown,Male,heather18@example.org,West Jasmine,Colorado,Canada,2021-12-21
C007672,Jennifer,Gardner,Female,romerojeffrey@example.org,West Ryan,Idaho,Ireland,2025-11-30
C007673,Donald,Smith,Male,shermandaniel@example.com,Lisastad,South Carolina,Bolivia,2022-12-22
C007674,Jose,Castillo,Female,katiemcclure@example.org,Alvarezton,New Hampshire,Japan,2022-05-18
C007675,Tanya,Holmes,Female,laura05@example.org,Tamiport,Alabama,Monaco,2024-09-22
C007676,Tyler,Hines,Female,smithdouglas@example.com,Grantside,Nebraska,Uzbekistan,2024-04-08
C007677,Emma,Gardner,Male,hamiltonchristine@example.org,Lauraside,Illinois,Samoa,2024-02-12
C007678,Ashley,Wiggins,,james67@example.com,North Sean,Virginia,Mauritius,2023-10-30
C007679,Steven,Deleon,Female,greid@example.net,Lake Joyce,Connecticut,Tokelau,2025-05-21
C007680,Charles,Walker,Male,cfischer@example.net,Port Nina,Maine,Iraq,2026-07-06
C007681,Nancy,Ponce,Male,valeriemartin@example.com,Kevinbury,South Carolina,Iraq,2025-12-05
C007682,James,Moyer,Female,nicholascunningham@example.net,Hughesshire,Montana,Congo,2026-05-29
C007683,Aaron,Trujillo,Male,edwardsheather@example.net,Lisashire,Nevada,Kuwait,2025-01-06
C007684,Jonathan,Stanley,Male,shaun67@example.com,Armstrongport,Wisconsin,Malawi,2023-05-19
C007685,Ronald,Santos,Male,kyliechandler@example.net,New Christophermouth,Arkansas,Papua New Guinea,2023-06-19
C007686,Kelly,Ochoa,Female,donnamassey@example.net,Maldonadochester,Wyoming,Finland,2024-12-16
C007687,Brandon,Gomez,,stephanie51@example.com,Spencerburgh,Oklahoma,Bolivia,2023-06-17
C007688,Austin,Hays,Male,iwilliams@example.com,Millerchester,Pennsylvania,Kuwait,2023-11-10
C007689,Jessica,Mahoney,Female,uprice@example.net,North Kevin,Colorado,Cape Verde,2022-11-21
C007690,Tracy,Rollins,,paige60@example.com,Lake Ericton,Montana,Vanuatu,2023-04-01
C007691,Leslie,Prince,Male,whitedeborah@example.org,West Jasonberg,Nevada,Cook Islands,2024-07-13
C007692,Paul,Grant,Male,xburke@example.net,South Eric,Nebraska,Pitcairn Islands,2023-07-21
C007693,Juan,Knapp,Female,rodriguezdeanna@example.com,Port Stephanieside,Florida,Peru,2022-02-02
C007694,Daniel,Woods,Female,john99@example.com,South Taylorberg,Kentucky,Kyrgyz Republic,2025-01-09
C007695,Michael,Castillo,,thompsonsean@example.org,Amyside,New Mexico,Botswana,2022-10-12
C007696,Denise,Thompson,,jgomez@example.net,North Nathanmouth,Maryland,Bangladesh,2025-10-21
C007697,Stephanie,Holland,Female,elizabeth05@example.org,Josephborough,Oregon,Bahrain,2023-12-03
C007698,James,Rojas,Female,johnsonphillip@example.com,Payneshire,New York,Slovenia,2021-10-30
C007699,Colin,Stewart,Male,sophia99@example.com,East Charles,Virginia,Syrian Arab Republic,2024-08-08
C007700,Robert,Davidson,Male,ashleybrady@example.org,Lake Nancyfort,Kansas,Saint Pierre and Miquelon,2025-10-09
C007701,Marie,Preston,,andersenjason@example.net,Kristenchester,New Mexico,Greenland,2024-03-30
C007702,Tonya,Santos,,fowlerjennifer@example.net,Scottshire,Iowa,Kazakhstan,2023-04-18
C007703,Laura,Moore,Male,marqueznathaniel@example.org,South Phillipstad,Arkansas,French Guiana,2026-01-29
C007704,Tiffany,Wilkinson,Male,richard11@example.com,Davisberg,Kansas,Azerbaijan,2022-06-26
C007705,Juan,Cherry,,lewismiranda@example.org,Lake Tristan,Washington,Thailand,2025-03-03
C007706,Timothy,Martin,Male,umayer@example.com,Amandaville,Massachusetts,Turks and Caicos Islands,2025-06-27
C007707,Glen,Taylor,Female,benjaminlevine@example.org,Greeneside,Wyoming,Guyana,2022-01-18
C007708,Kevin,Poole,Female,joseph12@example.com,Hamiltonton,Vermont,Azerbaijan,2022-02-10
C007709,Rebecca,Young,,jason70@example.net,West Jasonshire,Hawaii,Saint Kitts and Nevis,2021-08-21
C007710,Kevin,Phillips,,luiscook@example.org,North Davidshire,Hawaii,Azerbaijan,2023-11-11
C007711,Benjamin,Cameron,Male,jleach@example.net,Brooksbury,Indiana,South Georgia and the South Sandwich Islands,2024-10-08
C007712,Robert,Hayes,Male,briannaprice@example.org,Lake Victoria,Ohio,Portugal,2025-08-09
C007713,Matthew,Cisneros,Female,ohaynes@example.org,New Christina,New York,Saint Lucia,2022-06-19
C007714,Ronald,Sweeney,Male,twilliams@example.org,Hansonside,New York,Dominican Republic,2022-08-04
C007715,Stacey,Lopez,,kleincatherine@example.net,Brianside,Iowa,Puerto Rico,2024-02-19
C007716,Robert,Doyle,,ann91@example.net,Port Mark,Montana,Romania,2023-08-02
C007717,Maurice,Hernandez,Male,owalls@example.net,New Linda,Wyoming,Iraq,2024-05-16
C007718,Roger,Jones,Female,rachelmorgan@example.net,New Brianna,New Hampshire,Puerto Rico,2023-09-07
C007719,Stephanie,Franklin,Female,sschroeder@example.com,Garrisonborough,Florida,Lao People's Democratic Republic,2023-11-18
C007720,Sydney,Pace,Male,miguel08@example.net,Port Jose,Oklahoma,Falkland Islands (Malvinas),2021-07-31
C007721,Randy,Martinez,Male,marcus44@example.com,New Jenny,New Mexico,Albania,2024-06-15
C007722,Vanessa,Figueroa,,thomaschristopher@example.net,Annside,Michigan,Cyprus,2025-08-27
C007723,Carolyn,Mora,,meganwood@example.net,Wallstad,Alaska,Swaziland,2025-10-03
C007724,Michael,Lucas,,rachel30@example.net,North Rebeccaton,Kansas,Portugal,2024-04-20
C007725,Daniel,Townsend,Female,hnelson@example.org,Pearsonton,Alabama,Svalbard & Jan Mayen Islands,2024-08-28
C007726,Brian,Jones,Male,griffincourtney@example.net,Lindseyport,Wisconsin,Korea,2022-11-03
C007727,Stephanie,Martin,,richardlogan@example.com,Austinfurt,Kansas,Uruguay,2024-04-16
C007728,Jeffrey,Miller,Female,qdillon@example.com,Leonport,New Mexico,American Samoa,2023-08-24
C007729,Austin,Snyder,,diazadam@example.org,New Sandra,South Carolina,Nepal,2025-05-28
C007730,Tommy,Smith,Male,henryronald@example.org,Summerhaven,New Mexico,Djibouti,2021-12-25
C007731,Luke,Williams,Female,judithrodriguez@example.org,West Gary,Virginia,Gibraltar,2022-07-20
C007732,Hunter,Johnson,Male,lopeztyler@example.net,Catherinebury,Rhode Island,Belgium,2025-07-14
C007733,Brett,Smith,Male,duffydavid@example.com,Port Coreyfort,Florida,Togo,2022-09-05
C007734,Vanessa,Green,Female,stucker@example.net,Frankfurt,Oklahoma,Switzerland,2025-05-10
C007735,Brianna,Russo,Female,patelmary@example.com,Port Leahview,Georgia,Dominica,2024-04-12
C007736,Brandi,Vargas,,lyonsbecky@example.net,New Amyland,New Mexico,Sweden,2021-08-01
C007737,Andre,Krueger,Female,cassie97@example.com,Port Shannonview,Iowa,Zambia,2024-09-18
C007738,Teresa,Irwin,Female,christophersantana@example.com,New Latasha,Delaware,Finland,2023-05-20
C007739,Alec,Jenkins,,danielle20@example.org,Josephport,Wisconsin,Cape Verde,2024-03-07
C007740,Rebecca,Carpenter,Male,douglas52@example.net,Port Justin,Florida,Puerto Rico,2021-10-28
C007741,Danielle,Knight,Female,eric58@example.net,Jesseshire,Colorado,Comoros,2025-03-05
C007742,Theresa,Lin,Male,castillodennis@example.com,Danielview,Wisconsin,Iran,2026-01-13
C007743,Jacob,Hinton,Male,manuel93@example.org,Alanshire,Oklahoma,Libyan Arab Jamahiriya,2023-06-09
C007744,Jennifer,Hernandez,Female,tracy24@example.net,Port Nathan,North Carolina,Latvia,2023-08-28
C007745,Tina,Wolf,Male,fischerralph@example.com,Samueltown,Delaware,Sweden,2025-07-09
C007746,Kelly,Ortega,Male,melindachavez@example.org,Chadstad,California,Saint Pierre and Miquelon,2021-10-14
C007747,Michael,Herring,,vfreeman@example.com,Millerberg,Kansas,Swaziland,2023-06-06
C007748,Patricia,Sutton,,kgray@example.com,New Christopherchester,Kansas,Seychelles,2022-05-22
C007749,Paul,Townsend,,jacob86@example.org,South Bruceborough,Wyoming,Paraguay,2025-12-16
C007750,David,Webster,Male,jgoodman@example.net,Rosebury,Kansas,Panama,2025-02-26
C007751,Dennis,Garcia,Male,ashley58@example.com,Rachelshire,California,Svalbard & Jan Mayen Islands,2026-05-01
C007752,Trevor,Morris,,lewissara@example.com,Lake Kellychester,Arizona,Bouvet Island (Bouvetoya),2021-09-30
C007753,Christina,Palmer,Female,josephbrown@example.org,Port Johnshire,New Mexico,Saint Helena,2022-09-23
C007754,Rhonda,Eaton,,lisajones@example.org,Melissashire,Missouri,Senegal,2024-03-27
C007755,Kimberly,Moss,Female,stodd@example.org,South Samanthafurt,Kentucky,Dominica,2025-08-12
C007756,Pamela,Quinn,Female,glarsen@example.com,West Jeffrey,Ohio,Cambodia,2024-09-25
C007757,Jonathan,Hill,Male,audreyrogers@example.com,New Kenneth,Arizona,Slovakia (Slovak Republic),2025-09-10
C007758,Larry,Burke,,isaiah60@example.net,Jenkinsstad,Vermont,Ethiopia,2025-04-05
C007759,Jason,Gilmore,Female,daniellewise@example.net,Nielsenmouth,New Mexico,French Polynesia,2021-11-17
C007760,Elizabeth,Vincent,,franklinjoseph@example.org,Davidton,Maryland,Solomon Islands,2022-07-27
C007761,Jean,Walsh,Male,oeaton@example.org,Anthonyview,New Hampshire,Mauritius,2022-04-06
C007762,Terry,Gonzalez,Male,steven34@example.com,Dustinchester,New Mexico,Saint Vincent and the Grenadines,2024-10-30
C007763,Larry,George,Male,robinmorgan@example.net,New Carolinemouth,New Hampshire,Vanuatu,2022-10-20
C007764,Marissa,Sullivan,Female,mmartin@example.org,Henryport,Massachusetts,Korea,2025-08-23
C007765,Joseph,Wilson,,jason66@example.org,Williamsport,North Carolina,Nepal,2024-06-11
C007766,Adam,Jones,Female,christopher49@example.com,Leefurt,Ohio,Switzerland,2026-05-30
C007767,Jacqueline,Phillips,,mmiller@example.net,Lake Maryport,South Carolina,Saint Lucia,2022-07-22
C007768,Christopher,Reyes,Female,swood@example.org,Port Donna,Connecticut,Vanuatu,2021-07-27
C007769,James,Schroeder,Male,christinegray@example.com,Perezfurt,Wisconsin,Libyan Arab Jamahiriya,2024-03-20
C007770,Elizabeth,Duke,Male,cantubrenda@example.com,East James,Kentucky,Bulgaria,2026-06-16
C007771,Dakota,Cooley,Male,reginaallen@example.com,West Nicoleview,South Dakota,French Polynesia,2021-07-26
C007772,Stephen,Anderson,Female,kirkmelissa@example.net,East Luisfurt,Montana,Uruguay,2026-03-21
C007773,Shannon,Berry,,robert13@example.net,Lake Michael,Arizona,Barbados,2024-06-23
C007774,Kristin,Rangel,Male,jasoncook@example.com,Thomashaven,Rhode Island,Sao Tome and Principe,2023-12-26
C007775,Felicia,Higgins,Male,cgarcia@example.com,Danielview,Vermont,Nepal,2022-05-14
C007776,Jessica,Cervantes,Female,smithlaurie@example.com,North Marialand,North Carolina,Bangladesh,2025-07-23
C007777,John,Russell,Male,austincruz@example.com,North Meghanton,Colorado,Bermuda,2025-01-26
C007778,Joshua,Wilson,Male,josephellis@example.org,North Christiantown,Montana,Austria,2021-07-31
C007779,Adam,Mcneil,Female,breanna37@example.org,Wilsonview,Massachusetts,Heard Island and McDonald Islands,2023-05-01
C007780,Bethany,Mcintyre,Female,tinaknapp@example.org,Lake Dean,Nevada,Tanzania,2023-03-26
C007781,Carolyn,Weaver,Male,mendozamarie@example.net,Port Conniestad,Nebraska,Montenegro,2026-03-08
C007782,Kenneth,Ramsey,,campbellscott@example.net,Travisview,South Dakota,Cote d'Ivoire,2023-05-02
C007783,Gregory,Williams,,jennifer15@example.net,Lake Amy,Iowa,Suriname,2023-07-12
C007784,Ryan,Hunter,,jennifer69@example.com,Josephbury,Alaska,Canada,2023-10-28
C007785,Christina,Davis,,tbarber@example.com,Rodriguezhaven,Michigan,Bahrain,2022-05-22
C007786,Nathaniel,Johnson,,kimberlybell@example.net,Colemanside,Florida,Tuvalu,2026-07-05
C007787,Kevin,Walker,,charlesfleming@example.org,Alvarezland,Oklahoma,Tajikistan,2025-03-27
C007788,James,Morrison,Female,christinarichardson@example.net,Navarroview,New Hampshire,Ireland,2025-11-25
C007789,Aaron,Evans,,zsimpson@example.com,Jasonbury,North Carolina,Slovenia,2023-08-27
C007790,Abigail,Gonzalez,Female,sandrasimpson@example.net,Jessicaberg,South Dakota,Cook Islands,2025-09-03
C007791,Ebony,Williams,Female,wellsvictoria@example.com,Timothybury,Hawaii,Cameroon,2024-05-03
C007792,Ryan,Gonzalez,Female,parkerallen@example.org,New Timothy,Kansas,Poland,2022-12-27
C007793,Adam,Harris,Male,timothyrogers@example.org,Edwardport,Florida,Nepal,2022-09-04
C007794,Ruben,Scott,,lauren08@example.org,Byrdtown,New Mexico,Guernsey,2024-07-15
C007795,Mckenzie,Palmer,,griffindenise@example.org,South Anthonyland,Virginia,Tajikistan,2022-03-16
C007796,Sandra,Bowen,,ronaldgonzalez@example.org,South Zachary,Minnesota,South Africa,2025-02-13
C007797,Jennifer,Wolfe,Male,brandy75@example.net,Kristyburgh,North Dakota,Tajikistan,2021-11-29
C007798,Bradley,Walter,Female,danielmunoz@example.org,Perezstad,Idaho,Djibouti,2022-01-12
C007799,John,Ponce,,gthompson@example.com,East Marymouth,South Dakota,Seychelles,2021-08-11
C007800,Juan,Adams,Male,gdelgado@example.org,South Dorothyberg,South Carolina,Azerbaijan,2021-07-28
C007801,Larry,Cannon,Male,mendezdestiny@example.net,New Paul,West Virginia,Armenia,2024-01-07
C007802,James,White,,zdominguez@example.org,Nicoleton,Missouri,Brunei Darussalam,2022-02-16
C007803,Kayla,Moore,Female,melindapearson@example.net,North Ruth,Delaware,Palestinian Territory,2022-02-27
C007804,David,Gonzalez,Male,amandaserrano@example.com,Port Suzanneburgh,New Jersey,Lesotho,2026-07-11
C007805,Michael,Byrd,Female,stacyward@example.org,Frankview,Vermont,Somalia,2023-10-16
C007806,Ashley,Kennedy,Female,kevinriley@example.net,Barretthaven,New Jersey,Greece,2022-05-26
C007807,Ann,Beard,,zacharywallace@example.org,Andersonmouth,Ohio,Guinea-Bissau,2022-03-17
C007808,Vanessa,Colon,,christopherrusso@example.org,New Jerryside,North Dakota,United Arab Emirates,2024-02-27
C007809,Hannah,Booker,,ortegaabigail@example.org,South Lauren,Massachusetts,New Caledonia,2021-12-17
C007810,Juan,Logan,Female,nbarry@example.com,West Patricia,Mississippi,Grenada,2023-06-20
C007811,Edwin,West,Female,nathan33@example.net,Darrellchester,Hawaii,Brazil,2026-02-26
C007812,William,Doyle,Male,morgancrystal@example.net,New Stephanie,Maine,Serbia,2023-09-22
C007813,Diana,Bailey,Male,alexamarshall@example.org,Mccannshire,Hawaii,Lithuania,2025-03-30
C007814,Ryan,Brown,Male,cristianmendoza@example.org,Judyhaven,West Virginia,Israel,2023-05-25
C007815,Heidi,Preston,,jbrown@example.com,New Danielle,Arizona,British Virgin Islands,2021-08-16
C007816,Samuel,Blair,Female,ohill@example.net,Donnaton,Minnesota,Jamaica,2021-10-14
C007817,Samantha,Trevino,Female,millsjamie@example.net,Juliemouth,Oklahoma,Niue,2021-11-16
C007818,Sabrina,Cummings,Female,belllisa@example.org,West Emilyview,Nebraska,Greenland,2021-09-15
C007819,Kayla,Harris,Male,jennifer30@example.com,Lake Jeremyside,North Carolina,Spain,2024-12-27
C007820,Dawn,Reese,,jessebooth@example.net,Kathleenhaven,Indiana,Senegal,2023-12-04
C007821,Darlene,Gutierrez,,waltermurphy@example.com,New Cherylfort,South Dakota,Saint Barthelemy,2022-07-04
C007822,Donna,Sanders,Female,sarah74@example.com,North Elizabethton,Oklahoma,Ethiopia,2025-12-12
C007823,Colleen,Zimmerman,Female,bruceroberto@example.net,West April,Minnesota,Bosnia and Herzegovina,2022-11-05
C007824,Andrew,Brown,Female,lesliesmith@example.net,Meaganhaven,Tennessee,Finland,2021-10-06
C007825,Deborah,Adams,Female,swansonmichael@example.net,Aaronmouth,New Jersey,French Polynesia,2026-05-04
C007826,Michael,Lee,Male,joshua92@example.com,Lake Brian,North Dakota,Saint Pierre and Miquelon,2025-10-27
C007827,Tina,Davis,Male,micheal26@example.net,Adrianside,Rhode Island,Saint Helena,2022-07-30
C007828,Diane,Griffin,Female,cindy86@example.net,South Erinchester,Wyoming,Falkland Islands (Malvinas),2022-07-20
C007829,Rodney,Lee,Male,jedwards@example.com,Davidsonborough,Missouri,Central African Republic,2025-05-20
C007830,Cody,Phillips,Female,westrachel@example.com,Louishaven,Maine,United Arab Emirates,2024-05-13
C007831,Nancy,Chapman,Female,barnesdaniel@example.org,Jacquelinefort,Maine,Christmas Island,2022-06-30
C007832,Charles,Guzman,Female,james50@example.net,Williamsfort,Connecticut,North Macedonia,2025-04-16
C007833,Eric,Williams,Male,dawnrobinson@example.net,West Billy,Vermont,Iraq,2021-12-24
C007834,Tammy,Greer,Female,melissacase@example.org,Port Melindabury,Hawaii,Mayotte,2026-02-21
C007835,Melissa,Hoover,Female,ihunt@example.com,North Erin,Hawaii,South Africa,2025-10-18
C007836,Jonathan,Garcia,,brownbrett@example.org,Port Michael,Vermont,Bhutan,2023-08-25
C007837,Jason,Lyons,,matthew42@example.net,North Nathanielside,Vermont,Turks and Caicos Islands,2026-06-08
C007838,Michelle,Jones,Male,davidlester@example.org,Lake Ginaberg,Wyoming,Korea,2021-09-01
C007839,Johnny,Cross,,kevin04@example.org,South Peggystad,Minnesota,United Arab Emirates,2022-12-07
C007840,Jodi,Johnson,Male,elizabeth58@example.com,Josephberg,Montana,France,2023-07-11
C007841,Andrew,Martin,Female,christopherbarnett@example.com,New Coreychester,Georgia,Monaco,2024-02-21
C007842,Joshua,Robinson,,ocampos@example.net,West Angelatown,North Dakota,Bolivia,2021-10-26
C007843,Ernest,Morales,Male,sheenahall@example.org,Holdershire,West Virginia,Ecuador,2026-02-19
C007844,Albert,Williams,Female,hugheskelly@example.org,Jenniferton,Alaska,Saint Pierre and Miquelon,2024-04-15
C007845,Nicole,Garcia,,ebaker@example.net,South Bobmouth,Hawaii,Saint Helena,2022-10-09
C007846,Andrew,Hurley,,richard62@example.net,New Marissamouth,North Carolina,Maldives,2022-07-06
C007847,William,Hammond,Male,joshuadavis@example.com,Juarezton,Kansas,Jersey,2021-08-23
C007848,Carol,Munoz,Female,baileydavid@example.com,New Alyssaton,Pennsylvania,Sierra Leone,2026-04-30
C007849,Kathleen,Hartman,,kristen65@example.org,Cynthiahaven,Oklahoma,Bulgaria,2023-09-13
C007850,Dennis,Ramirez,Female,parkerpaul@example.org,West Jessica,Georgia,Mongolia,2023-06-03
C007851,Brittany,Miller,Female,miguelmitchell@example.net,West Justinmouth,South Carolina,Rwanda,2025-02-02
C007852,Matthew,Meyer,,tracey01@example.org,New Jamieshire,Hawaii,Bolivia,2026-04-19
C007853,Robert,Lee,Female,hsmith@example.com,Johnhaven,Kansas,Peru,2024-09-28
C007854,Zachary,Anderson,Male,courtneyroman@example.org,Alvaradoland,Oregon,Lebanon,2022-08-27
C007855,Daniel,Davidson,,davisbrandon@example.net,Emilyhaven,Oregon,Nicaragua,2021-08-07
C007856,Mark,Kennedy,Male,william64@example.net,South Christineville,Ohio,Georgia,2025-05-25
C007857,Brian,Lopez,,cabrerarobert@example.org,West Dorothy,Delaware,Jersey,2023-07-24
C007858,Jason,Davis,Male,jeffreywells@example.com,South Teresaside,Maine,Estonia,2024-10-06
C007859,Bianca,Hickman,Female,nathanconway@example.com,Alishaborough,Delaware,Togo,2022-04-05
C007860,Kathy,Jimenez,Female,christine16@example.com,Fowlerport,Nevada,Qatar,2025-06-11
C007861,Jessica,Chung,Male,wilsonjoan@example.net,East Johnton,Oregon,North Macedonia,2022-11-27
C007862,Sara,Charles,Female,ytaylor@example.org,West Taylorchester,Colorado,Guinea,2023-11-17
C007863,Wendy,Solis,Male,mark13@example.com,Kristinbury,South Dakota,Andorra,2026-04-26
C007864,Tanya,Cruz,,kara29@example.net,Gonzalesburgh,Maryland,North Macedonia,2022-10-01
C007865,Diana,Camacho,,millercheryl@example.com,North Kristenburgh,West Virginia,Honduras,2024-08-25
C007866,Monica,Norton,Female,williamdecker@example.com,Boltonton,Louisiana,Isle of Man,2022-10-07
C007867,Crystal,Campbell,Female,scottjessica@example.com,Cantufort,New Jersey,Oman,2025-08-31
C007868,Clifford,Grimes,,acruz@example.com,North Karenland,Idaho,Philippines,2024-04-25
C007869,Andrew,Evans,Female,burchangela@example.org,North Cheyenneburgh,Washington,Norway,2023-05-23
C007870,Pamela,Robinson,,jeffrey59@example.net,Sethburgh,Oklahoma,British Virgin Islands,2024-10-12
C007871,Jack,Young,,mary56@example.com,Brownchester,North Carolina,Sao Tome and Principe,2026-05-15
C007872,Nathan,Adams,Male,matthew88@example.net,West Karen,Arkansas,Tuvalu,2024-04-17
C007873,Rachael,Walker,Male,suzannegarrett@example.com,Holmesshire,Georgia,Chad,2025-11-08
C007874,Nicole,Cox,,cperkins@example.org,Hernandezchester,Pennsylvania,Togo,2026-02-06
C007875,Jaime,Caldwell,,iturner@example.net,Sanchezhaven,Louisiana,North Macedonia,2021-09-30
C007876,Leslie,Tucker,Male,alicia93@example.net,East Kevintown,Kansas,Qatar,2026-06-24
C007877,Raymond,Wells,,dawnmurray@example.com,South Charleshaven,Arkansas,Slovakia (Slovak Republic),2023-06-26
C007878,Vickie,Carlson,,fischerian@example.net,South Jamesside,Iowa,United Arab Emirates,2026-04-16
C007879,Jean,Campbell,,trevor41@example.com,East Jeremystad,Hawaii,Mauritius,2024-09-08
C007880,Kathleen,Lee,Female,travis74@example.com,Marieburgh,Minnesota,Pakistan,2024-10-17
C007881,Nicole,Jackson,Male,lmoody@example.org,Sarahshire,Indiana,Fiji,2026-06-04
C007882,Jason,Walker,,cristian46@example.net,Millsmouth,Vermont,Bouvet Island (Bouvetoya),2026-07-09
C007883,Christina,Peck,,erikagregory@example.com,Jasonchester,Montana,Guinea,2026-03-07
C007884,Zachary,Fowler,Female,bishopjohn@example.net,New Petermouth,Tennessee,Cocos (Keeling) Islands,2026-04-19
C007885,Roger,Edwards,Female,vbenton@example.com,Jasonmouth,Michigan,Monaco,2023-05-02
C007886,Amy,Williams,,ubrown@example.net,Hernandezmouth,Georgia,Macao,2026-01-30
C007887,Nancy,Scott,Male,nguyenrandall@example.com,New David,Alaska,Guinea,2021-12-23
C007888,Roy,Butler,Female,cweeks@example.org,East Paul,Minnesota,United States Minor Outlying Islands,2024-11-30
C007889,Susan,Cunningham,Male,jasongarcia@example.org,North Pamela,West Virginia,Guinea-Bissau,2022-06-16
C007890,Sandra,Harrell,Female,rogerschristopher@example.com,Douglasborough,Maine,Sri Lanka,2022-09-24
C007891,Ashley,Bennett,Female,ncarter@example.net,South Lorihaven,Maryland,Sweden,2025-09-22
C007892,Randall,Lopez,Male,jacquelinewilson@example.org,Ryanbury,Kentucky,Belarus,2021-11-30
C007893,Joshua,White,,karen12@example.net,Lake Tamiview,South Carolina,Congo,2021-08-09
C007894,Erica,Flores,Male,theresa09@example.com,Gibsonhaven,Alaska,Venezuela,2022-12-09
C007895,Christopher,Flores,,lisa39@example.com,West Danielleview,Wyoming,Japan,2021-08-25
C007896,Mandy,Marshall,,yorkjames@example.org,Ryanstad,Illinois,Saint Vincent and the Grenadines,2021-08-01
C007897,Jennifer,Moore,Female,brendaduncan@example.com,Wendyland,Massachusetts,Kiribati,2026-04-30
C007898,Sabrina,Hall,Female,angela97@example.net,Michaelstad,Oregon,Israel,2024-02-05
C007899,Tanya,Lopez,Female,stefanierose@example.net,Rogersshire,Virginia,New Zealand,2024-08-13
C007900,Rebecca,Rojas,,kerri69@example.org,East Amandaborough,Michigan,Burkina Faso,2025-05-24
C007901,Shannon,Ochoa,,yparsons@example.com,Robinsonville,Mississippi,Norfolk Island,2025-08-06
C007902,Jessica,Martinez,Male,brucelauren@example.net,Moyermouth,Colorado,Netherlands Antilles,2025-12-29
C007903,Jennifer,Smith,Male,hdawson@example.com,North Melissa,Indiana,Greenland,2021-09-23
C007904,William,Campos,Male,ejohnson@example.net,Kylechester,Kentucky,Belize,2022-03-07
C007905,John,Hopkins,Male,natashadouglas@example.net,North Deannaside,Georgia,Benin,2024-07-25
C007906,Catherine,Hernandez,,logan76@example.org,Amandaview,Kentucky,Morocco,2025-05-25
C007907,Brittany,Fernandez,,brenda51@example.net,Olsonbury,Maine,Austria,2022-04-11
C007908,Christie,Lara,Male,andrewhardin@example.com,East Jeffrey,North Carolina,Jamaica,2022-07-17
C007909,Sharon,Diaz,Male,craiggrant@example.com,Walshville,Tennessee,Kazakhstan,2025-11-09
C007910,Jon,Robertson,,hartmancarl@example.net,Mathewfurt,North Dakota,Fiji,2023-05-16
C007911,Nicholas,Jordan,Male,sandraallison@example.com,Port Kimberly,Oklahoma,Malawi,2026-01-08
C007912,Kendra,Chandler,Female,pearsonmelissa@example.com,Annetteside,California,Swaziland,2025-03-07
C007913,Heidi,Trujillo,,richarddonald@example.net,Gibsonshire,New Jersey,Netherlands Antilles,2023-06-30
C007914,Anthony,Butler,Female,riosalexandria@example.com,East Jaredfurt,Illinois,Bosnia and Herzegovina,2022-06-16
C007915,Pamela,Hodges,Female,maxwellkathleen@example.com,Harperborough,Texas,Ireland,2025-11-18
C007916,Elizabeth,Ho,,barbarawoodard@example.net,Melissaton,North Dakota,Greece,2022-11-08
C007917,Joshua,Wilson,,kimberlythompson@example.org,West Kellyland,Florida,Guinea-Bissau,2024-02-22
C007918,Steven,Sullivan,Female,lfrench@example.net,Josephstad,Georgia,Azerbaijan,2026-05-25
C007919,Allison,Phillips,Male,tranpaige@example.com,Lake Michaeltown,Arkansas,United Arab Emirates,2025-02-27
C007920,Vanessa,Rogers,Male,ashaw@example.com,Port Michelle,Kansas,Grenada,2026-07-14
C007921,David,Chavez,,seanhernandez@example.net,East Michael,Kentucky,Iceland,2026-04-02
C007922,Danielle,Ramirez,Female,alicia63@example.net,Maryfurt,North Carolina,Armenia,2022-05-19
C007923,Kelly,Burns,Female,robertbooker@example.net,Brandtberg,Wisconsin,Palestinian Territory,2023-09-18
C007924,Daniel,Huffman,,greeralexandra@example.org,Leslietown,Rhode Island,United States of America,2024-01-14
C007925,Steve,Fox,,julie81@example.com,Justinland,Delaware,Indonesia,2025-04-29
C007926,Jose,Tate,Female,colleen94@example.net,Clementston,Rhode Island,Israel,2025-02-27
C007927,Barbara,Morris,Female,christine00@example.net,South Johnton,Colorado,Greenland,2024-11-04
C007928,Jeffery,Rice,,brandifleming@example.net,West Annafort,North Dakota,Czech Republic,2025-09-10
C007929,Anthony,Smith,Female,fordshannon@example.org,East Jessicahaven,Arizona,Swaziland,2024-12-16
C007930,Jeffrey,Sanchez,Male,thomassmith@example.org,New Leahport,North Carolina,Micronesia,2022-07-05
C007931,Tracy,Olsen,,meghan67@example.org,Cassidymouth,Michigan,Ireland,2024-04-25
C007932,Christopher,Reese,Male,ilynch@example.net,Nicoletown,Illinois,Mayotte,2024-01-15
C007933,Luis,Byrd,,mbennett@example.net,Tiffanyfurt,New Hampshire,Sao Tome and Principe,2025-10-11
C007934,Cheyenne,Pham,,scottwheeler@example.net,Thomaston,Wisconsin,Greece,2023-10-22
C007935,James,Ellis,Female,lindseyanita@example.com,Heathershire,Wisconsin,Qatar,2025-11-08
C007936,William,Williams,Male,lindsay14@example.org,East Maria,Oklahoma,Albania,2022-11-03
C007937,Elizabeth,Mosley,Female,joanne10@example.com,Brandifort,West Virginia,South Georgia and the South Sandwich Islands,2022-03-27
C007938,April,Nichols,Male,connersarah@example.com,Fordhaven,North Carolina,Iraq,2025-03-08
C007939,Grant,Rodriguez,Female,jasontaylor@example.com,Osborneview,Kentucky,Equatorial Guinea,2024-12-20
C007940,William,Ramos,,jose14@example.net,Lisaton,Maryland,Peru,2023-10-27
C007941,Jonathan,Escobar,Male,asantiago@example.com,Debrastad,Arkansas,Qatar,2025-09-26
C007942,Christine,Rivera,Male,james66@example.org,Kimberlyside,New Mexico,Saint Barthelemy,2022-01-11
C007943,Carrie,Roberts,,gabriel49@example.net,Andrewschester,Kansas,Greenland,2023-12-28
C007944,Justin,Brown,,alyssaedwards@example.org,Port Susan,Alabama,Tuvalu,2025-04-23
C007945,Carrie,Jensen,Female,youngjames@example.net,Andersonstad,Nebraska,Tunisia,2022-05-08
C007946,Lisa,Chase,Male,ogalvan@example.org,West Ashleyview,Florida,Vietnam,2026-07-10
C007947,Brandon,Bates,Female,dramirez@example.com,South Marie,Arizona,Uruguay,2026-06-01
C007948,Peter,Tate,Male,spark@example.org,Lake Deanburgh,Tennessee,Tonga,2023-04-16
C007949,Amanda,Wood,Male,colleenmcgrath@example.com,South Jennifershire,New Hampshire,Morocco,2024-04-28
C007950,Kyle,Walters,Female,wilsonbruce@example.com,East Andrewland,Alabama,Djibouti,2023-03-14
C007951,Erika,Baker,,jessica92@example.org,Wilsonchester,New Jersey,Libyan Arab Jamahiriya,2025-06-28
C007952,Shane,Patrick,,chadfowler@example.com,North Timothyton,Georgia,Suriname,2023-11-26
C007953,Ariana,Singh,Female,jessica97@example.org,Port Grace,Wisconsin,Indonesia,2024-04-23
C007954,Timothy,Kennedy,,dedwards@example.org,Williamshire,Delaware,Cambodia,2021-10-02
C007955,Ricardo,Jones,Female,matthew98@example.net,New Jason,Washington,Somalia,2023-11-25
C007956,Michael,White,,selenashields@example.com,Howardstad,Colorado,Saint Martin,2023-02-23
C007957,Kimberly,Cunningham,Female,xschneider@example.net,Codytown,Nebraska,Libyan Arab Jamahiriya,2023-05-07
C007958,Michael,Dunlap,Female,joshuahernandez@example.com,West Danielland,California,Bouvet Island (Bouvetoya),2025-05-24
C007959,William,Grant,Female,kelseywilson@example.com,Josephstad,Arkansas,Faroe Islands,2024-09-14
C007960,Kevin,Taylor,Female,andrewsnyder@example.net,Micheleshire,Arizona,Malawi,2021-10-15
C007961,Melanie,Turner,,mmatthews@example.com,Port Joel,Missouri,India,2023-09-05
C007962,Billy,Morgan,Male,karenhall@example.net,East Rebecca,Hawaii,Serbia,2022-05-22
C007963,Michele,Watson,,michaelmcguire@example.org,New Kaylee,Kentucky,Japan,2025-04-23
C007964,Andrea,Lee,Male,bauermatthew@example.com,Maryshire,North Dakota,Taiwan,2025-07-28
C007965,Robert,Wilson,Female,hramirez@example.com,Elizabethchester,Massachusetts,Montenegro,2025-06-05
C007966,Michael,Conrad,Male,timothy12@example.org,East Elizabeth,Alabama,British Indian Ocean Territory (Chagos Archipelago),2026-05-05
C007967,Ashley,Lucas,Male,karenwallace@example.com,New Jesse,Idaho,Heard Island and McDonald Islands,2025-05-20
C007968,Benjamin,Rivas,,erichopkins@example.org,Huangfort,Tennessee,Saint Kitts and Nevis,2026-03-01
C007969,Jeffrey,Smith,Female,jenniferwilson@example.net,New Allisontown,Massachusetts,Yemen,2025-12-01
C007970,John,Lee,Female,fbeasley@example.com,North Eric,Louisiana,Switzerland,2023-10-20
C007971,Brooke,Sanchez,Female,diazcolleen@example.org,Hamiltonview,Washington,France,2025-10-08
C007972,Jill,Little,Male,jacob17@example.net,Stonebury,Alaska,Australia,2023-04-16
C007973,Thomas,Jackson,Female,tyler83@example.com,Catherineberg,Oklahoma,Saint Barthelemy,2024-08-04
C007974,Randy,Powell,,smithryan@example.org,North Sandraburgh,Connecticut,Monaco,2025-10-31
C007975,Katherine,Norris,Male,jenniferrogers@example.org,North Samantha,Connecticut,Antarctica (the territory South of 60 deg S),2024-04-14
C007976,Yolanda,Ortiz,Male,tina94@example.net,East Christian,Kentucky,Lao People's Democratic Republic,2023-01-10
C007977,Jeremy,Swanson,Male,ashley10@example.net,Newtonhaven,New Mexico,Saint Lucia,2026-04-02
C007978,Tony,Barron,Male,hrios@example.com,Stokesside,New Hampshire,Uganda,2021-11-10
C007979,Bridget,Newton,,joseph27@example.com,New Jason,New Jersey,Uruguay,2025-12-28
C007980,Taylor,Burns,Male,kristinaallen@example.org,Jordanport,Connecticut,Jamaica,2026-05-16
C007981,Benjamin,Rodriguez,Male,murphysteven@example.org,Sherryborough,Alaska,Guinea-Bissau,2024-08-07
C007982,Danny,Smith,,anthony03@example.com,Port Zacharyborough,North Carolina,Romania,2023-07-27
C007983,Keith,Gill,Female,castroashley@example.net,East Diana,Ohio,Saudi Arabia,2022-10-12
C007984,Madison,Peters,,smithleslie@example.com,Garymouth,Wyoming,Turkey,2024-03-19
C007985,Candice,Moore,Female,annegarcia@example.org,Garrettberg,Tennessee,Saint Helena,2022-06-10
C007986,Craig,Kim,Male,randyjenkins@example.com,New Katrina,Pennsylvania,Fiji,2022-11-03
C007987,Gabriel,Faulkner,Male,fowlermichelle@example.net,East Eugenemouth,Colorado,Guinea-Bissau,2022-10-11
C007988,Stephanie,Marshall,Male,jerry45@example.net,Cassandraberg,Oklahoma,Niue,2022-02-09
C007989,Marc,Garrett,,deleonteresa@example.com,South Patricia,Illinois,Benin,2024-06-05
C007990,James,Gray,Female,elizabethallen@example.com,Millerhaven,Alabama,Guinea-Bissau,2024-09-17
C007991,Mary,Johnston,Female,bentleyjamie@example.org,West Courtney,Nevada,Senegal,2025-01-20
C007992,Susan,Osborn,,brownkelly@example.com,Toddbury,Nevada,Falkland Islands (Malvinas),2025-11-16
C007993,Steven,Romero,,emilyriddle@example.org,Port Ashley,Oklahoma,Ireland,2026-03-09
C007994,Stefanie,Grant,Female,wagnerjessica@example.com,West Katie,Wyoming,Barbados,2022-04-12
C007995,Joseph,Smith,,connorthomas@example.org,Lake Charles,Arkansas,Niger,2024-06-23
C007996,Jennifer,Norton,Male,christopherdavis@example.com,North Jeanneland,Massachusetts,Finland,2021-11-02
C007997,Pamela,Barton,Female,perryglenn@example.com,Leeburgh,Alaska,Philippines,2021-11-16
C007998,Jacob,Palmer,,bsalas@example.com,West Ariana,Illinois,Mauritania,2024-11-07
C007999,Albert,David,Female,fmiller@example.net,Patriciafurt,Maryland,Kenya,2025-09-07
C008000,Omar,Leonard,,leetiffany@example.org,North Timothyfurt,Wisconsin,Sierra Leone,2024-09-22
C008001,Mary,Velasquez,Female,shawn40@example.net,South Craig,Utah,Malta,2022-11-13
C008002,Richard,Hill,Female,stephanie46@example.org,New Craigland,North Carolina,French Guiana,2023-07-29
C008003,Logan,Harris,Female,stephaniewiley@example.com,Adkinsfurt,West Virginia,Bermuda,2023-03-17
C008004,Mary,Adams,Male,erikarodriguez@example.com,Sullivanview,Wisconsin,Iraq,2022-09-13
C008005,Krista,Daniels,Male,amy63@example.net,North Aliceside,Maine,Georgia,2023-03-25
C008006,Hannah,Holden,Female,bensonmichael@example.org,Jeffreyberg,Wyoming,Thailand,2024-05-23
C008007,Joseph,Martinez,,bentleynathaniel@example.net,Shannonborough,Oregon,Andorra,2021-08-12
C008008,Michelle,Holder,Male,williamchambers@example.com,Port Keith,Kentucky,Cocos (Keeling) Islands,2025-12-11
C008009,Jamie,Estrada,,santosjared@example.com,Clarkberg,Delaware,Zambia,2023-10-06
C008010,Jennifer,Lane,Female,wwilliams@example.net,Michaelberg,Alaska,Greenland,2024-06-07
C008011,Timothy,Greene,,elizabeth55@example.com,Lake Thomas,Iowa,Afghanistan,2023-04-21
C008012,Daniel,Stafford,Male,huntercharles@example.net,East Paula,Delaware,Guinea-Bissau,2024-06-05
C008013,Stephen,Reynolds,,hwade@example.com,Powellton,Michigan,Netherlands,2022-01-07
C008014,Derek,Hayes,,ghuffman@example.net,West Laura,Nevada,Cook Islands,2023-04-20
C008015,Tammy,Reed,Female,duanebrown@example.net,Stephaniefurt,Massachusetts,Svalbard & Jan Mayen Islands,2023-12-21
C008016,Amy,Wilson,Female,shellyharper@example.org,Hunterside,Virginia,Slovakia (Slovak Republic),2024-08-24
C008017,Micheal,Gomez,,matthewsmartin@example.com,South Debbieville,Wyoming,Lao People's Democratic Republic,2026-01-18
C008018,Michelle,Lee,,isabella41@example.com,West Kevin,North Dakota,Bolivia,2022-07-04
C008019,Bradley,Patterson,Female,brianguerra@example.com,North Cheryl,Minnesota,Korea,2023-01-10
C008020,Tamara,Valenzuela,Male,mitchellrobert@example.net,Erinton,New Mexico,Saint Vincent and the Grenadines,2021-11-21
C008021,Kevin,French,Male,carsonjonathan@example.com,Andersonville,Oklahoma,Kiribati,2025-08-04
C008022,Eddie,Mccarthy,,jamie59@example.com,East Nicholasstad,Delaware,Bangladesh,2023-08-31
C008023,Carly,Mason,Female,snydertroy@example.net,Karentown,Iowa,Bouvet Island (Bouvetoya),2024-12-09
C008024,Samantha,Brooks,,paula32@example.com,New Emilyhaven,Alaska,Estonia,2024-11-27
C008025,Nicholas,Hayes,Female,ywillis@example.net,Lake Kenneth,Pennsylvania,Suriname,2022-12-11
C008026,Lisa,Bryant,Male,uweber@example.net,Butlerberg,Kentucky,Isle of Man,2024-10-25
C008027,Allison,Hill,,karenthomas@example.org,East Briantown,New Mexico,Mexico,2023-02-06
C008028,John,Rodriguez,Female,kirkclayton@example.com,New Christopher,Arkansas,Taiwan,2025-09-18
C008029,Jorge,Gross,,sullivankristen@example.com,North Matthew,Nebraska,Solomon Islands,2024-07-20
C008030,Andrew,Torres,Male,christopher29@example.org,North Johnmouth,Connecticut,Moldova,2024-12-24
C008031,Justin,Guerrero,Male,dixonomar@example.org,Brownville,Georgia,Turkmenistan,2023-09-20
C008032,Jessica,Tucker,,eguzman@example.com,New Hayden,Ohio,Martinique,2022-10-09
C008033,Kyle,Maldonado,,yvonnevelez@example.net,West Micheleland,Ohio,American Samoa,2024-11-10
C008034,Cheyenne,Mays,,rhodesalexis@example.com,Christinebury,Kentucky,Seychelles,2023-11-29
C008035,Megan,Vazquez,Female,ebooth@example.org,Williamsborough,Connecticut,Czech Republic,2022-03-17
C008036,Anthony,Soto,Female,tammycampbell@example.org,Holtberg,South Dakota,Brunei Darussalam,2026-03-28
C008037,Kevin,Clarke,,lynngarza@example.com,Christopherport,Oregon,Madagascar,2023-10-01
C008038,Christy,Perez,Male,thomasmelissa@example.net,Adamview,Nevada,Malta,2024-08-14
C008039,Samuel,Robinson,,ginaoneill@example.net,Parkschester,Washington,Netherlands Antilles,2023-08-23
C008040,Scott,Williams,,dpetty@example.com,North Andrewburgh,Wyoming,Solomon Islands,2022-11-07
C008041,Alicia,Stewart,Male,amendoza@example.org,East Erinmouth,Michigan,Vanuatu,2023-08-29
C008042,Alyssa,Jordan,Male,brianna46@example.com,New Maria,Tennessee,Saint Helena,2024-12-04
C008043,Jacob,Thompson,Female,zcoleman@example.com,Loriton,New Jersey,Benin,2024-07-26
C008044,Vanessa,Zamora,,ortizmatthew@example.net,North Ruthview,Montana,Cape Verde,2026-04-10
C008045,Michael,Nash,,bgray@example.com,North Whitneyshire,Maryland,Korea,2022-04-25
C008046,Donna,Watkins,,stacy77@example.net,Wilsonburgh,Nevada,Paraguay,2026-03-29
C008047,Matthew,Jones,,stephensonkayla@example.org,East Linda,Nevada,Lesotho,2022-08-19
C008048,Anthony,Miller,Male,youngpaul@example.com,Chelseaburgh,Kansas,Jamaica,2022-11-08
C008049,Ashlee,Freeman,,christopher46@example.org,Lake Patricia,Minnesota,Netherlands,2023-02-24
C008050,Robert,Carlson,,carloslang@example.org,Lindsaystad,Missouri,Argentina,2022-07-11
C008051,Colton,Hoffman,,nfrench@example.org,New Tammyhaven,Nebraska,Angola,2026-01-11
C008052,Carlos,Murphy,,hillmichael@example.net,Collinsborough,Pennsylvania,Armenia,2026-06-03
C008053,Anthony,Carney,Female,wagnerhannah@example.org,Brianshire,Nebraska,Fiji,2023-08-01
C008054,Joshua,Torres,,wendy82@example.com,Kerriborough,Arizona,Lao People's Democratic Republic,2026-04-12
C008055,Daniel,Soto,Male,otorres@example.org,Stevenshire,Pennsylvania,Singapore,2025-07-12
C008056,Julie,Yang,Female,nmartin@example.com,Millerland,New Jersey,Iran,2021-12-04
C008057,Tristan,Hurst,,rlynch@example.com,West Briannahaven,Texas,Somalia,2023-07-05
C008058,Corey,West,Male,laura89@example.org,Elizabethstad,Kansas,Saint Pierre and Miquelon,2022-12-09
C008059,Noah,Cameron,Female,johnjohnson@example.org,Lake Donaldberg,Pennsylvania,Macao,2024-06-29
C008060,Michael,Klein,Female,roblesgregory@example.com,North Elizabeth,Oregon,Costa Rica,2022-12-26
C008061,Jon,Martin,,harrisonnathan@example.net,Laraberg,West Virginia,Israel,2025-07-17
C008062,Meghan,Collins,Female,uhernandez@example.net,Fullerland,New Hampshire,Peru,2026-05-08
C008063,Angela,King,,ydavis@example.com,New Ryan,Wyoming,United Kingdom,2024-09-17
C008064,Dana,Figueroa,,fryemary@example.com,Herreratown,Alaska,Bahrain,2025-06-25
C008065,John,Williams,Female,kimberly02@example.com,Rogersland,Arkansas,Rwanda,2024-05-12
C008066,Jennifer,Richards,Female,tiffanyfranklin@example.org,Lake Michaeltown,Massachusetts,Western Sahara,2026-05-14
C008067,Raymond,Ortiz,Female,brittany19@example.com,Jamieside,Oregon,Guernsey,2026-06-06
C008068,Robin,Barnes,Female,raychristopher@example.net,Braunville,Oregon,Heard Island and McDonald Islands,2025-09-29
C008069,Brandon,Peterson,Female,russellelizabeth@example.com,East Melissaberg,Pennsylvania,Sao Tome and Principe,2024-11-26
C008070,Patricia,Maxwell,Male,fanderson@example.com,Chadville,West Virginia,French Southern Territories,2021-09-27
C008071,Mary,Williams,Male,navarrodiana@example.net,North Crystal,Missouri,Paraguay,2023-05-22
C008072,Nicholas,Burns,,ppatterson@example.net,South Katietown,Maine,Philippines,2022-10-19
C008073,Jennifer,Brown,,gosborn@example.com,Victorburgh,Illinois,Belize,2023-12-17
C008074,Jennifer,Marquez,,garnererica@example.com,Simonhaven,North Carolina,Bulgaria,2023-02-03
C008075,Jonathan,Garcia,Female,lauren64@example.org,Phillipsborough,South Carolina,Paraguay,2023-09-13
C008076,Joseph,Gomez,,baileyelizabeth@example.com,East Cristianport,Virginia,Malaysia,2025-06-06
C008077,Scott,Jones,,matthew14@example.com,East Sarah,Washington,Timor-Leste,2022-02-21
C008078,Jessica,Soto,Female,trevorlozano@example.org,East Melissa,Montana,Jamaica,2023-06-01
C008079,Dean,Jenkins,Male,john74@example.net,Brandonview,Virginia,Comoros,2023-07-28
C008080,Elizabeth,Patrick,,khudson@example.com,Rossview,South Dakota,Guinea,2021-10-18
C008081,Autumn,Ellis,Female,johnburke@example.com,East Lisa,Hawaii,United States Virgin Islands,2025-03-20
C008082,Alicia,Moran,,nschneider@example.net,Perezport,Georgia,Montenegro,2021-11-18
C008083,Matthew,Price,Male,jmoore@example.com,New Brian,North Dakota,Brazil,2023-05-02
C008084,Emily,Lucas,,josephhansen@example.net,Lake Daniel,Colorado,Gibraltar,2024-07-11
C008085,Lori,Arias,Male,spayne@example.com,Bentleyshire,South Carolina,Malaysia,2025-05-18
C008086,Gary,Wang,,burnsapril@example.net,Port Caitlynmouth,Michigan,Burkina Faso,2025-06-13
C008087,Sarah,Brown,Female,susanzavala@example.net,New Triciamouth,Delaware,Dominican Republic,2023-10-10
C008088,Danielle,Arnold,,cassandra58@example.org,Johnside,Maine,New Caledonia,2024-01-12
C008089,Holly,Navarro,,fowens@example.org,Michaelton,Oregon,Finland,2025-09-13
C008090,John,Hughes,Male,qwoods@example.com,Nicholsfort,Wisconsin,Saudi Arabia,2024-09-01
C008091,Kevin,Crane,Female,scott78@example.net,Paulbury,Louisiana,Antigua and Barbuda,2023-05-01
C008092,Amanda,Fischer,Female,bishoplauren@example.com,Lake Melindachester,North Dakota,Cote d'Ivoire,2022-06-21
C008093,Steven,Becker,Male,brandy47@example.org,Elizabethmouth,Kansas,North Macedonia,2026-06-14
C008094,Elaine,Rodriguez,Male,pespinoza@example.net,Scotttown,New Jersey,Rwanda,2022-07-11
C008095,Andrew,Wang,,maria48@example.com,Gloriaton,Alaska,San Marino,2022-06-17
C008096,Annette,Hunt,Male,vmurphy@example.net,West Gregoryland,Utah,Hungary,2025-09-14
C008097,William,Miller,Female,fgonzalez@example.com,North Alexandra,New Jersey,Trinidad and Tobago,2024-08-30
C008098,Deborah,Hunter,Female,robertreynolds@example.com,Georgebury,Rhode Island,Mayotte,2025-07-18
C008099,David,Foster,Male,calhounsara@example.net,Aprilhaven,Wisconsin,Central African Republic,2022-12-14
C008100,Heidi,Alexander,,kirkjulie@example.net,North Brian,Alaska,Lesotho,2025-09-25
C008101,John,Santana,Female,chunglisa@example.org,South Richard,Arizona,Saint Martin,2022-10-11
C008102,Gary,Tanner,Female,joshua32@example.com,Michaelview,Utah,Senegal,2024-07-02
C008103,Madison,Carney,Female,toddellis@example.com,North Erica,Illinois,Uruguay,2023-09-16
C008104,John,Henderson,Male,palmershannon@example.com,Theresafort,Iowa,Swaziland,2024-06-14
C008105,Jennifer,May,,mary17@example.net,Millerside,Oklahoma,United States Minor Outlying Islands,2025-12-23
C008106,John,Scott,Male,javiermahoney@example.org,West Brianfort,Kansas,Bhutan,2025-08-27
C008107,Cory,Barker,,abell@example.net,East Richard,New Mexico,Andorra,2022-11-27
C008108,Melvin,Dorsey,Male,nwiggins@example.com,Cookmouth,Virginia,Timor-Leste,2025-07-19
C008109,David,Clark,,leekaren@example.com,New Patricia,Oklahoma,Luxembourg,2021-09-30
C008110,Shelly,Washington,,mooreandrew@example.com,Knoxburgh,Kansas,Ecuador,2022-01-03
C008111,Frank,Macias,Male,huntchristopher@example.net,Hermanton,Illinois,Gambia,2022-12-11
C008112,Abigail,Randolph,,mmckee@example.net,Port Kelly,Illinois,India,2023-03-10
C008113,Jeffrey,Vargas,Female,jasmine83@example.net,West Bradleyburgh,Montana,Saudi Arabia,2024-02-10
C008114,Robert,Tucker,Female,robert06@example.org,New Jasonbury,New Jersey,Georgia,2025-12-24
C008115,Karen,Doyle,Male,mccoykaren@example.com,New Devon,Rhode Island,Falkland Islands (Malvinas),2026-01-14
C008116,Andrea,Adams,Female,stephanieperez@example.org,South Doris,New Jersey,Faroe Islands,2022-05-26
C008117,Susan,Adams,,christopher75@example.com,Raymondmouth,Ohio,Maldives,2025-01-25
C008118,Robert,Holt,Male,pricesarah@example.com,South William,Arkansas,Guinea-Bissau,2022-05-22
C008119,Mark,Hines,Female,christopher06@example.net,Barbaraberg,Wyoming,Pakistan,2024-01-18
C008120,Christopher,Bailey,Male,donaldritter@example.org,Kimburgh,Nevada,Portugal,2025-07-07
C008121,Mark,Donovan,,gjordan@example.net,South Robert,Kansas,Vanuatu,2023-02-19
C008122,Luis,Atkins,Male,ksmith@example.org,Gordonfort,Nebraska,Ireland,2024-09-11
C008123,Kevin,Kelley,Female,jamesclark@example.net,West Samuel,New York,Saint Vincent and the Grenadines,2025-02-10
C008124,Terrance,Miller,Male,wilcoxerin@example.org,Smithstad,Maryland,Suriname,2021-09-18
C008125,Ryan,Fuller,Male,stacypearson@example.org,Port Christianport,Ohio,Uruguay,2022-06-03
C008126,Micheal,Cook,,amandalivingston@example.com,Port Joshua,West Virginia,Barbados,2024-10-10
C008127,Rebecca,Woods,Male,laurie63@example.net,Johnsontown,Illinois,Greenland,2025-09-13
C008128,Kimberly,Bailey,Female,conniechavez@example.org,Riveraland,New Jersey,Latvia,2022-04-26
C008129,John,Rose,Female,garyzimmerman@example.net,Mathewsville,Delaware,Turkey,2022-10-13
C008130,Alice,Ryan,Female,patrickdawson@example.net,Samanthaberg,New Hampshire,Malawi,2026-04-28
C008131,Angela,Miller,Male,michael76@example.com,West Danielton,Colorado,Dominican Republic,2024-01-06
C008132,Veronica,Ward,,amiller@example.com,West Jenniferburgh,Washington,Kiribati,2023-05-26
C008133,Cole,Richards,Female,gedwards@example.com,Dustinchester,Missouri,Kenya,2026-03-06
C008134,Hunter,Mendez,,jimmy85@example.com,North Jennifer,West Virginia,Mongolia,2024-04-25
C008135,Elizabeth,Beasley,,sgordon@example.net,New Anne,Oregon,Colombia,2025-01-07
C008136,Eric,Rios,Male,millerdiamond@example.net,Mooreborough,Ohio,Svalbard & Jan Mayen Islands,2026-01-08
C008137,Edwin,Schmidt,Male,ufreeman@example.com,North Teresa,Massachusetts,Turkmenistan,2021-08-19
C008138,Michael,Woods,,johnlane@example.com,Port Debraborough,Pennsylvania,Kazakhstan,2024-03-18
C008139,William,Sullivan,,frynancy@example.com,Danielhaven,North Carolina,Madagascar,2024-03-09
C008140,Stacey,Powell,Female,foleyallison@example.com,Carterborough,Kansas,Paraguay,2025-07-21
C008141,Brett,Carter,Male,paul02@example.net,Graytown,South Dakota,Israel,2023-11-29
C008142,Jose,Williams,,kellymoran@example.net,South Christinetown,Kansas,Ghana,2025-04-07
C008143,Michael,Adams,Female,hughesrebecca@example.org,South Annaberg,Hawaii,Western Sahara,2022-01-30
C008144,Christina,Smith,Male,samuelbrown@example.org,Port William,Arkansas,Monaco,2024-12-24
C008145,Eugene,Davidson,Male,kreid@example.net,East David,Connecticut,Northern Mariana Islands,2022-05-21
C008146,Richard,Ramos,Male,maurice83@example.com,Lake Paula,New Mexico,Nepal,2025-05-11
C008147,Jasmine,Romero,Female,kerryaguirre@example.net,New Connor,Wyoming,Thailand,2023-04-11
C008148,Kimberly,Wilson,Female,monique95@example.net,New Robert,Indiana,Micronesia,2022-08-06
C008149,Emma,Townsend,Female,joanne47@example.net,New Autumn,Mississippi,Nicaragua,2024-11-22
C008150,Johnathan,Taylor,Female,romanjill@example.net,Nicholasshire,New York,Turkey,2026-02-11
C008151,Anthony,Osborn,Female,hartmanbrianna@example.net,East Brittanyville,North Dakota,Sao Tome and Principe,2025-12-12
C008152,Amanda,Dickerson,,austin29@example.com,North Alice,Alabama,Argentina,2025-12-29
C008153,Tracy,Johnson,,gail73@example.com,Wrightborough,Oregon,Saudi Arabia,2024-11-04
C008154,Wayne,Griffin,Male,michelle96@example.org,Johnburgh,Idaho,Togo,2021-09-16
C008155,Ethan,Diaz,Female,justin81@example.org,Cochranfort,Virginia,Latvia,2023-10-02
C008156,John,Conley,,bryan36@example.com,Damonbury,Alaska,Jersey,2023-12-06
C008157,Kathy,Cain,,angeladodson@example.net,Jessicabury,Texas,Barbados,2024-03-05
C008158,Justin,Price,Female,kyleprice@example.org,South William,Pennsylvania,Greenland,2024-12-29
C008159,Kenneth,Larsen,Female,fbarrett@example.com,East Nicole,Wisconsin,Azerbaijan,2024-02-03
C008160,David,Vazquez,Female,meyerangela@example.net,Natalieshire,Massachusetts,Mexico,2026-01-04
C008161,Joseph,Martinez,Male,avaldez@example.com,South Ann,Georgia,Maldives,2021-11-25
C008162,Christopher,Robinson,,englishlouis@example.net,West Robertfort,Oklahoma,Saint Vincent and the Grenadines,2022-08-09
C008163,Laura,Perez,Female,dwayne92@example.com,Monicafurt,Tennessee,New Caledonia,2023-08-22
C008164,Lori,Yu,Male,brownalicia@example.org,Walshborough,Alaska,Niger,2023-06-07
C008165,Elizabeth,Simon,Female,qburton@example.org,Cunninghamville,New Hampshire,Bangladesh,2023-03-04
C008166,Emily,Salinas,Female,campbellnicholas@example.com,Richardfort,Kentucky,Bangladesh,2022-08-17
C008167,Emily,Obrien,Female,robert69@example.net,West Jennifer,Wyoming,French Southern Territories,2024-07-18
C008168,Laura,Watts,,frank72@example.com,Gonzalezland,Kansas,Faroe Islands,2022-07-30
C008169,Mary,Hoffman,Female,ericbanks@example.com,South Patrickfurt,Michigan,Antarctica (the territory South of 60 deg S),2023-09-13
C008170,Melissa,Boyer,,lewisrichard@example.com,Lake Richardshire,New Hampshire,Central African Republic,2022-05-09
C008171,Erika,Lopez,,martinezbenjamin@example.org,Hammondport,Georgia,Western Sahara,2026-05-20
C008172,Jacob,Brown,Male,townsendbrooke@example.com,Stevenland,Montana,Vanuatu,2023-03-16
C008173,Michael,Allen,Male,samuel94@example.net,West Samanthaland,North Carolina,Benin,2026-03-17
C008174,Victor,Schaefer,,cellis@example.net,Longburgh,South Carolina,Western Sahara,2025-03-07
C008175,Jason,Lee,,michaelsuarez@example.org,Lake Jasmine,Massachusetts,Somalia,2025-06-15
C008176,Kevin,Schwartz,Female,justinboyd@example.com,East Zachary,Connecticut,Jordan,2024-04-20
C008177,Eric,Byrd,Female,thomassmith@example.net,Blankenshipstad,Arizona,Saint Lucia,2022-05-19
C008178,Jessica,Robinson,,shawsierra@example.org,Port Cynthia,Washington,Romania,2023-12-11
C008179,Dana,Taylor,,hgreen@example.net,South Juliaside,Vermont,Micronesia,2022-09-29
C008180,Kevin,Dickerson,Female,gary62@example.net,Jenniferport,California,British Virgin Islands,2024-05-14
C008181,Mario,Cabrera,Female,richard76@example.org,New Patriciahaven,North Dakota,Dominica,2022-11-11
C008182,Ashley,Jacobs,Female,wwalter@example.com,Michaelfurt,West Virginia,Sierra Leone,2022-07-26
C008183,James,Hernandez,Female,robertstewart@example.net,South Willie,Connecticut,Portugal,2021-10-29
C008184,Logan,Johns,Male,canderson@example.com,Kelleyborough,South Dakota,Hungary,2026-02-13
C008185,Gary,Stewart,Female,pperez@example.org,Leeberg,Indiana,Sri Lanka,2023-01-11
C008186,Marie,Brown,,smithheather@example.com,Potterview,Massachusetts,Netherlands,2025-07-15
C008187,Patricia,Gordon,,zpittman@example.org,Lake Ashleyshire,South Dakota,Greece,2022-05-22
C008188,Miranda,Reyes,Female,scottjoseph@example.com,West Henrystad,Mississippi,Thailand,2023-03-07
C008189,Meghan,Delgado,Female,fedwards@example.com,South Josephhaven,Arkansas,Singapore,2022-12-10
C008190,Katrina,Fowler,,deleonandrew@example.org,Hensleyville,Vermont,United Arab Emirates,2024-04-23
C008191,Jason,Wood,,pharris@example.net,Tranborough,Colorado,Norway,2022-11-27
C008192,Abigail,Wu,Male,turnerashley@example.com,South Nicholas,Missouri,Thailand,2022-12-13
C008193,Tanner,Stanley,,pamelaconner@example.net,West Paulahaven,Utah,Algeria,2022-11-08
C008194,Nathan,Garcia,,swalker@example.com,Lake Kelliestad,Missouri,Reunion,2022-07-05
C008195,Jeff,Schroeder,,megan62@example.org,Thomashaven,North Carolina,Canada,2026-02-09
C008196,Christine,Delgado,Male,umartinez@example.com,Ortizport,Kansas,Greece,2023-07-12
C008197,Kimberly,English,,popebrenda@example.com,Brookebury,Louisiana,New Zealand,2023-07-02
C008198,Shannon,Bowers,Female,dday@example.org,Isaacfort,Illinois,Cyprus,2026-06-28
C008199,Denise,Williams,,etaylor@example.com,Lake Steven,California,Norfolk Island,2022-10-18
C008200,Dana,Watkins,,marie71@example.org,Washingtonchester,Michigan,Azerbaijan,2023-12-02
C008201,Jared,Sanchez,Male,nicole74@example.net,North Ronaldbury,Texas,Central African Republic,2023-09-30
C008202,Bradley,Thompson,Female,sharpgary@example.org,New Ronaldburgh,Alaska,Macao,2024-04-16
C008203,Ann,Brown,,phillip33@example.net,Jamesfurt,North Dakota,Tonga,2023-05-25
C008204,James,Brewer,Male,elizabethjones@example.net,Kramerfort,Florida,Cyprus,2023-09-22
C008205,Marissa,Gonzalez,,dvasquez@example.net,New Hollymouth,Massachusetts,Ghana,2024-11-01
C008206,Heather,Campos,Male,carterpatrick@example.net,Robinsonton,Minnesota,Portugal,2023-09-28
C008207,Donald,Cook,Male,phillipwood@example.org,Jamesview,Florida,Antarctica (the territory South of 60 deg S),2023-11-21
C008208,Sean,Johns,Male,ajones@example.org,Port Richardtown,Connecticut,Nauru,2023-02-27
C008209,Scott,Lee,Female,douglas24@example.com,North Patrick,Utah,Cameroon,2026-05-11
C008210,Christina,Robbins,Male,kelly38@example.org,New Jessica,Vermont,Mauritius,2022-06-29
C008211,Joseph,Dalton,,wuisaiah@example.com,Lake Geneton,Indiana,Grenada,2026-01-15
C008212,Kyle,Morris,Male,melissa95@example.net,Port Victoriaborough,Florida,Iceland,2022-12-06
C008213,Todd,Oconnell,,timothy97@example.net,Allisonchester,South Dakota,Reunion,2023-05-13
C008214,Patricia,Davis,Female,nathaniel27@example.net,South Ralph,Minnesota,Gabon,2024-02-01
C008215,Elizabeth,Brewer,Female,mccoybrian@example.net,South Ginahaven,New York,Antarctica (the territory South of 60 deg S),2022-12-27
C008216,Kristin,Leonard,Male,ygardner@example.org,South Vincenthaven,Alaska,Hong Kong,2023-04-14
C008217,Sylvia,Bryant,,courtneycannon@example.com,West Rebecca,Texas,Saint Kitts and Nevis,2024-07-17
C008218,James,Horton,Female,michaelgross@example.org,Susanberg,Kentucky,Benin,2023-04-23
C008219,Timothy,Harper,Female,amber53@example.org,East Ryan,Missouri,Haiti,2026-04-28
C008220,April,Curry,Male,rachaelstout@example.net,Port Josephborough,Idaho,Micronesia,2024-08-02
C008221,Michael,Cole,Male,blackbrian@example.org,South Jessica,Wisconsin,Monaco,2025-05-13
C008222,Deborah,Sheppard,Male,ericchandler@example.com,Port Matthew,Nevada,Faroe Islands,2023-08-19
C008223,Alexander,Ward,,pettychristopher@example.org,Maryhaven,Missouri,Madagascar,2024-06-18
C008224,Matthew,Brown,Male,robert84@example.net,Whiteshire,Montana,Czech Republic,2021-07-27
C008225,David,Reese,Male,chapmanshannon@example.org,Martinezberg,South Dakota,Hong Kong,2022-08-16
C008226,Paula,Gonzales,,zharris@example.net,West Anthonystad,Alaska,Oman,2024-01-18
C008227,William,Conner,,cpowell@example.com,Lake Elizabethfurt,California,Antarctica (the territory South of 60 deg S),2026-04-12
C008228,David,Little,Male,jriley@example.net,Johnshire,Nevada,Bermuda,2024-08-14
C008229,Gina,Palmer,,castillojessica@example.net,South Shawn,Nebraska,Reunion,2025-01-29
C008230,Michelle,Cross,,kberry@example.com,New Paigeburgh,Connecticut,Faroe Islands,2022-02-17
C008231,Krista,Leonard,Male,jeremy97@example.net,North Troyport,Alaska,Ecuador,2024-09-07
C008232,Scott,White,,johnthompson@example.net,Port Luisborough,Ohio,Antigua and Barbuda,2021-08-28
C008233,Stephen,Moody,Male,jasonbailey@example.com,West Ryanmouth,Nevada,Saint Kitts and Nevis,2022-11-05
C008234,Susan,Moore,Male,kingdaniel@example.org,Jessicaton,Connecticut,Equatorial Guinea,2026-07-14
C008235,Maria,Hamilton,,scotthardin@example.net,West Jamesberg,Nevada,Barbados,2023-10-04
C008236,Tyrone,Miller,Male,shelleyharris@example.net,New Paulshire,Minnesota,Montserrat,2023-01-09
C008237,Melissa,George,Female,ashleywiggins@example.org,Angelicaton,West Virginia,Kenya,2022-10-09
C008238,Robert,Burch,,philip18@example.net,Rodgersview,Arkansas,Rwanda,2023-12-17
C008239,Jordan,Matthews,,hodgesdavid@example.com,Jamestown,Delaware,Guinea,2024-06-14
C008240,Michelle,Gonzales,,ovillarreal@example.com,Lake Taylorville,South Dakota,Sri Lanka,2024-09-01
C008241,Karen,Perkins,Male,bowmanmelissa@example.net,Reillyfurt,Colorado,Albania,2026-01-05
C008242,Daniel,Norris,Male,benjamin93@example.net,Port Michaelport,Maryland,Chad,2022-01-01
C008243,Alice,Werner,,brianbrandt@example.com,South Valerie,Wisconsin,Uruguay,2022-08-31
C008244,Nicholas,Henderson,Male,ryanking@example.org,South Mitchellport,Georgia,Thailand,2023-03-05
C008245,Gabriel,Evans,Female,jennaanderson@example.com,West Emilyhaven,Oklahoma,Zambia,2021-10-07
C008246,Michelle,Ball,Female,andreahamilton@example.org,Robinsonside,South Carolina,Sudan,2023-03-09
C008247,Deborah,Wilson,Female,morselaura@example.org,Port Kimberlyville,Vermont,Svalbard & Jan Mayen Islands,2025-03-02
C008248,Ashley,Li,,christophermann@example.com,West Danielstad,North Carolina,Romania,2022-03-16
C008249,Alison,Edwards,Male,steven70@example.org,South Jasmineville,Rhode Island,Seychelles,2024-10-07
C008250,Robert,Cooper,,williamward@example.net,Thomasmouth,Tennessee,Maldives,2021-12-15
C008251,Karen,Allen,Female,amcintosh@example.org,North Christinamouth,Georgia,Falkland Islands (Malvinas),2026-03-03
C008252,Melissa,Monroe,Female,peggy21@example.org,North Michele,Mississippi,Iraq,2024-12-22
C008253,Daniel,Ramirez,Female,elizabeth45@example.net,Shawview,New York,Turkmenistan,2026-01-08
C008254,Mark,Kim,,soliver@example.org,Lake Tonya,Georgia,Korea,2022-02-04
C008255,Paul,Watkins,,csullivan@example.com,Courtneybury,Connecticut,Belgium,2021-11-05
C008256,Martha,Martin,Female,samantha93@example.org,South Kelly,Michigan,Bermuda,2024-12-06
C008257,Darryl,Landry,Female,cheyenne17@example.net,Weeksside,Washington,Papua New Guinea,2021-10-20
C008258,Carolyn,Houston,Male,tjenkins@example.org,North James,Washington,Dominica,2025-08-17
C008259,Patrick,Bray,Male,christopherorr@example.org,Bakerberg,Utah,Anguilla,2024-11-11
C008260,Sheila,Brooks,Female,rpowell@example.org,Lake Stephanie,Colorado,Dominica,2025-01-03
C008261,Brent,Morgan,Male,maddenlindsey@example.com,New Nicolebury,Illinois,Lesotho,2026-01-19
C008262,Micheal,Clark,Female,amandacherry@example.org,Baileychester,Ohio,Cape Verde,2025-01-23
C008263,William,Wells,Female,andersonseth@example.org,Benjaminmouth,Illinois,Egypt,2024-05-20
C008264,Beth,Newman,Female,robertobrien@example.com,Riverashire,Kansas,Switzerland,2023-12-25
C008265,Stephanie,Williams,Male,gutierrezandrea@example.org,Burnsberg,Alabama,Sri Lanka,2026-02-19
C008266,Alex,Le,Female,michellethompson@example.org,North Carltown,Illinois,New Zealand,2025-11-03
C008267,Kelly,Hernandez,Female,ryan46@example.net,Tracyland,Kansas,Qatar,2021-10-12
C008268,Stephen,Casey,Male,fisheradam@example.net,West Ashley,South Dakota,Afghanistan,2025-07-13
C008269,Connie,Douglas,Female,scurry@example.net,North Jacob,Arizona,Indonesia,2024-02-09
C008270,Gilbert,Flores,Male,hrose@example.net,Lake Bruceberg,Michigan,Christmas Island,2024-01-05
C008271,Pamela,Mckenzie,Female,taylorpeter@example.org,Schwartzport,Washington,China,2022-10-26
C008272,Andrea,Nelson,Male,matthew82@example.org,East Nancyside,Maryland,Chad,2024-05-14
C008273,Steven,Wilkerson,,jamesalexander@example.org,Castanedaborough,Maryland,Luxembourg,2022-12-03
C008274,Joshua,Gray,Female,hernandezsierra@example.com,Deborahland,Florida,Brazil,2022-05-08
C008275,Veronica,Meyer,Male,masonlittle@example.net,Phillipland,Arkansas,Palestinian Territory,2023-08-18
C008276,Rachel,Braun,,shannonbrandon@example.org,Simpsonshire,Virginia,Bouvet Island (Bouvetoya),2022-04-01
C008277,Michael,Shaffer,Female,langalejandro@example.org,North Ray,New Hampshire,Rwanda,2025-06-11
C008278,Paula,Hodges,Male,fosterarthur@example.org,Coleshire,Michigan,Belize,2023-01-19
C008279,Jennifer,Brown,Male,helen55@example.net,Underwoodmouth,Minnesota,Gabon,2026-02-13
C008280,Joshua,Hart,,qchurch@example.com,South Frederickland,Minnesota,Ireland,2023-08-12
C008281,Brianna,Patterson,Female,xlarson@example.com,North Kelly,Texas,Japan,2025-04-08
C008282,Justin,Bright,Male,jjones@example.com,West Cheyenneshire,Missouri,Sweden,2025-08-03
C008283,Rebecca,Garcia,,qalvarez@example.com,Austinbury,Missouri,Belize,2023-08-14
C008284,Blake,Stewart,,garciastephanie@example.org,North Lauraside,Indiana,Pakistan,2023-10-07
C008285,Edward,Acosta,Male,antoniolivingston@example.net,Port Michael,Florida,North Macedonia,2021-11-02
C008286,Jeffery,Wagner,Female,brian54@example.org,North Paul,North Dakota,Saint Barthelemy,2023-11-20
C008287,David,Williams,,rodriguezdylan@example.org,South Christopher,Iowa,Canada,2021-09-05
C008288,Bruce,Pace,Female,hcruz@example.org,Claytonland,California,Vanuatu,2023-05-24
C008289,Barbara,Wells,Male,aterry@example.org,Porterside,Florida,United States of America,2026-06-26
C008290,Lori,Nelson,Male,sowens@example.net,Harrellton,Hawaii,Uruguay,2023-08-06
C008291,Sonia,Howard,Male,orodriguez@example.com,Lake Maryport,New Hampshire,Bangladesh,2024-01-20
C008292,Courtney,Keller,Male,jbarrera@example.net,Kanemouth,Maine,Turks and Caicos Islands,2022-10-28
C008293,Laura,Mejia,,jrobinson@example.com,South Michael,Pennsylvania,British Indian Ocean Territory (Chagos Archipelago),2025-11-08
C008294,Timothy,Oliver,,ashleyjones@example.net,Lake Samantha,Virginia,Mauritius,2024-01-27
C008295,Jesus,Smith,Female,donnawatson@example.com,South Jason,Alaska,Maldives,2025-08-10
C008296,Chelsea,Bryant,Female,danielbyrd@example.net,Allenmouth,Maryland,China,2026-07-08
C008297,Kelly,Casey,Male,natasha64@example.net,South Wesleyview,Arkansas,India,2022-03-24
C008298,Autumn,Williams,Female,steven64@example.org,Cannonborough,Maine,Russian Federation,2023-06-11
C008299,Frank,Erickson,Male,joseph87@example.org,Port Jeffrey,Washington,Suriname,2024-09-15
C008300,Patricia,York,,smithmatthew@example.org,Lake Christina,North Dakota,Israel,2026-05-21
C008301,Jaime,Leon,,cathy36@example.net,Brandonstad,Hawaii,Kazakhstan,2021-10-02
C008302,Emily,Jackson,Male,robertmccoy@example.net,East Patrickberg,Montana,Cyprus,2024-06-10
C008303,Jimmy,Mcmillan,Male,samantha24@example.net,East Brianside,Rhode Island,Guernsey,2022-12-01
C008304,Christopher,Watson,,robertvelasquez@example.net,North Amyton,Arizona,Antigua and Barbuda,2025-03-25
C008305,Tiffany,Greene,Female,dmyers@example.net,Davidstad,Arizona,Comoros,2022-01-26
C008306,Tristan,Miller,Female,wilsonstephen@example.org,Huynhberg,Georgia,Thailand,2022-09-26
C008307,Martin,Phillips,Male,gjenkins@example.com,Wernerfort,Massachusetts,Tonga,2026-06-11
C008308,Hannah,Walter,,joshuamcdonald@example.net,Valerieport,Idaho,Lithuania,2022-11-17
C008309,Timothy,Fisher,Female,keith06@example.org,North Veronica,South Dakota,Georgia,2025-04-28
C008310,Janet,Thomas,Female,mercadojohn@example.net,Cohenchester,New Hampshire,Cote d'Ivoire,2024-12-20
C008311,Jessica,Taylor,,hicksmichelle@example.org,East John,Connecticut,Wallis and Futuna,2024-01-31
C008312,Kevin,Diaz,Male,harmonjustin@example.org,Duffystad,Kansas,French Polynesia,2021-10-10
C008313,Christine,White,,rcrawford@example.org,South Shaunstad,Alaska,Gambia,2022-07-05
C008314,Nancy,Juarez,,john97@example.net,Jonathanbury,Pennsylvania,Korea,2026-02-22
C008315,William,Oconnell,Female,vjohnson@example.net,New Jonathan,Iowa,Palestinian Territory,2022-01-11
C008316,Michael,Rice,Female,gibsonchristian@example.net,Andreaville,Vermont,Peru,2025-06-27
C008317,Virginia,Morrison,Female,beverlycastaneda@example.org,Lake Tanyafurt,Arizona,Gabon,2022-11-28
C008318,Robin,Reed,Female,whitneymurphy@example.net,New Carlosshire,Missouri,Qatar,2024-05-26
C008319,Vanessa,Newman,,johngibson@example.net,Terrifort,Washington,Estonia,2025-07-18
C008320,Jerry,Lee,Male,laurajones@example.net,Lake Joy,Mississippi,Switzerland,2024-10-14
C008321,Sarah,French,,qrodgers@example.org,East Veronica,Kentucky,Norway,2024-01-28
C008322,Brian,Goodwin,Male,alanturner@example.com,New Seth,Texas,Czech Republic,2024-10-29
C008323,Sandra,Lee,Male,angela62@example.org,Lake David,Ohio,Northern Mariana Islands,2022-12-01
C008324,Patricia,Castro,Female,hardydave@example.com,New Angelafurt,Mississippi,Morocco,2024-02-29
C008325,Stacey,Jones,,lparsons@example.org,Deborahmouth,Delaware,Uganda,2026-07-13
C008326,William,Good,Female,gonzalesdawn@example.com,Calvinborough,Tennessee,Vietnam,2024-12-17
C008327,Tanya,Reilly,Male,chernandez@example.net,Middletonville,Oregon,Uganda,2025-12-01
C008328,Lisa,Robinson,,frank58@example.com,Blairtown,Ohio,Guam,2023-01-01
C008329,Julie,Parks,,justinnelson@example.net,Jasontown,Utah,South Africa,2025-04-30
C008330,Melinda,Neal,Female,mbowman@example.com,West James,Kentucky,Georgia,2026-05-29
C008331,Cheryl,Silva,Female,donna97@example.net,Walshville,Florida,Monaco,2025-05-14
C008332,Alan,Lewis,,juliadalton@example.org,Paulview,Montana,Rwanda,2025-03-12
C008333,Thomas,Miller,Female,arobbins@example.org,East Susanfort,Texas,Canada,2022-02-21
C008334,Craig,Martin,Female,jessica42@example.org,Mossshire,Missouri,Bangladesh,2024-12-14
C008335,Scott,Williams,Male,sotobrian@example.net,Port Sarah,Oregon,Congo,2023-09-25
C008336,Randall,Russell,,zhines@example.org,Heatherside,North Carolina,Tanzania,2025-01-29
C008337,Courtney,Kennedy,,baxterjared@example.net,Annstad,Indiana,Zambia,2024-01-24
C008338,Crystal,Castillo,Male,justinowens@example.org,Tylerstad,Rhode Island,Burundi,2024-05-30
C008339,Donald,Wilson,Female,linda88@example.com,Port Johnnyberg,Arizona,Ukraine,2024-04-10
C008340,Jeanette,Bonilla,,uholmes@example.net,North Lisahaven,Ohio,Zambia,2024-09-14
C008341,Ryan,Reynolds,Female,jamesnelson@example.net,Brendaview,Arizona,Samoa,2025-01-25
C008342,Daniel,Miles,Male,jacqueline47@example.net,Harperside,Rhode Island,Greenland,2021-08-24
C008343,Adrian,Briggs,Female,jackson56@example.com,South Debra,Hawaii,French Polynesia,2025-07-04
C008344,Matthew,Graham,Female,joshuajames@example.com,Adamville,Idaho,Macao,2025-06-18
C008345,Aaron,Roberts,,david24@example.com,Port Angela,Alabama,Iraq,2023-11-18
C008346,Timothy,Hernandez,Male,james90@example.com,Jessicaport,South Dakota,Cayman Islands,2022-05-24
C008347,Clinton,Lara,Male,sandracurry@example.org,New Jeffrey,New Mexico,Sudan,2021-08-26
C008348,Scott,Morton,,clarkeric@example.com,Port Steven,Virginia,Croatia,2022-01-18
C008349,Phillip,Barber,Male,nicolemiller@example.net,New Christopherview,New Mexico,Singapore,2025-10-23
C008350,Julie,Charles,Female,rebecca15@example.org,West William,Georgia,Saint Kitts and Nevis,2024-01-28
C008351,Jennifer,Bass,,charlesstevenson@example.org,Buchananland,New Hampshire,Indonesia,2024-08-07
C008352,Daniel,Johnson,Male,mherrera@example.net,New Dwayneborough,Indiana,Liberia,2022-05-30
C008353,Kristina,Griffin,Female,erica35@example.com,Lake Marychester,Georgia,Sao Tome and Principe,2025-08-25
C008354,Kenneth,Conley,,adamslauren@example.com,East Alan,Colorado,Solomon Islands,2021-12-08
C008355,Suzanne,Stewart,Female,joseph98@example.com,South Pamela,Oklahoma,Monaco,2023-06-09
C008356,Charles,Wilson,Male,kjuarez@example.com,Bakerville,Montana,Libyan Arab Jamahiriya,2026-07-16
C008357,Adriana,Mcgee,,lisa18@example.org,Williamsbury,South Dakota,Belgium,2023-06-05
C008358,Anthony,Weaver,,ferrellfernando@example.com,New Thomas,California,Central African Republic,2023-12-22
C008359,Heather,Hernandez,Female,garymitchell@example.org,East Douglas,Indiana,Argentina,2024-06-30
C008360,Daisy,Sloan,Female,lyonsjean@example.com,Port Craig,Illinois,Ethiopia,2022-03-17
C008361,James,King,Male,kimberlyperry@example.org,East Rebecca,North Dakota,Turks and Caicos Islands,2022-07-02
C008362,Brian,Cruz,,christinalopez@example.net,Schultzview,Florida,Cocos (Keeling) Islands,2023-10-05
C008363,Jaime,Phillips,Female,nmoore@example.org,Cooperberg,Hawaii,Kazakhstan,2023-12-19
C008364,Toni,Romero,,omartinez@example.net,Rogersshire,Illinois,Estonia,2023-11-18
C008365,Terrence,Harris,Male,jessica44@example.com,Ryanshire,Vermont,Georgia,2024-04-09
C008366,John,Brennan,Male,drichards@example.net,Traceyfurt,Connecticut,Portugal,2022-04-29
C008367,David,Smith,Male,timothy91@example.net,South Ronald,Delaware,Lebanon,2021-11-16
C008368,Dana,Norman,Male,lisawalker@example.org,Dawnchester,Minnesota,Poland,2022-05-08
C008369,Wendy,Lawson,Male,angelamurray@example.com,West Mary,Wyoming,Somalia,2026-06-30
C008370,Carol,Dixon,,xjones@example.net,Petersberg,California,Denmark,2022-09-16
C008371,Michael,Bonilla,,hgonzalez@example.net,Belindabury,Maine,British Virgin Islands,2022-07-14
C008372,Mitchell,English,Male,hartcristian@example.com,Stewartborough,Maine,Cote d'Ivoire,2022-09-01
C008373,Justin,Wells,Female,karen55@example.org,New Mitchellfort,Nebraska,Bosnia and Herzegovina,2024-12-28
C008374,Andrea,Colon,Female,robert47@example.com,New Michelle,Georgia,Moldova,2025-03-12
C008375,Devin,Carroll,Male,tryan@example.com,Loganport,Connecticut,Sierra Leone,2023-02-21
C008376,Kathleen,Brewer,,bowerswilliam@example.org,Williamsfurt,New Jersey,Suriname,2024-11-06
C008377,Caitlin,Chandler,,jeanette93@example.net,East Christopher,Florida,Albania,2023-03-19
C008378,Melissa,Williams,Female,ugardner@example.com,Port Stacyshire,Maine,South Africa,2021-07-29
C008379,Jonathan,Pruitt,Female,troy47@example.net,Knighthaven,Georgia,Italy,2024-02-13
C008380,Ronald,Phillips,,charlesphillips@example.net,Lake Danielleville,Louisiana,Liberia,2022-06-10
C008381,Austin,Young,Female,bridgetbaker@example.net,West James,Nebraska,Burundi,2022-04-24
C008382,Russell,Owens,Male,kimjessica@example.com,Port Natalie,Virginia,Uruguay,2024-10-20
C008383,Micheal,Andrews,Male,scottdaniel@example.net,Michaelfurt,Hawaii,Cook Islands,2024-05-27
C008384,James,Price,Female,qparker@example.net,Port Susanview,Missouri,Turkey,2023-10-09
C008385,Tyler,Smith,Male,kevans@example.net,Clarkberg,South Dakota,United States Minor Outlying Islands,2026-06-23
C008386,Cassandra,Smith,Female,jamiepage@example.org,Willisfurt,Maine,Guatemala,2024-05-29
C008387,Jonathan,Williams,,anthony77@example.net,Sawyerstad,Florida,Turkmenistan,2021-09-22
C008388,Jesus,Lane,Male,wendy11@example.com,New Ashley,Montana,French Guiana,2023-02-06
C008389,Angela,King,Female,spenceamber@example.com,West Anthony,Indiana,Andorra,2023-03-26
C008390,Donna,King,Male,nicole78@example.com,Dawnmouth,Nevada,Macao,2023-02-17
C008391,Christopher,Allen,Male,brittneykane@example.com,East Stephen,California,Tunisia,2022-02-14
C008392,Eric,Grant,,williamhubbard@example.com,South Cassandraborough,New Jersey,Zambia,2023-08-21
C008393,Christina,Smith,,khall@example.com,Yangmouth,Oklahoma,Ethiopia,2024-06-23
C008394,David,Silva,,john27@example.org,Robinville,South Dakota,Togo,2024-09-12
C008395,Gordon,Velez,Female,andrewrobertson@example.com,Ingramberg,North Dakota,Macao,2023-03-29
C008396,Timothy,Spencer,,allisonpotter@example.com,Thompsonport,South Dakota,Algeria,2024-11-02
C008397,Karen,Jones,,jeanette67@example.org,West Michele,Georgia,Netherlands,2026-04-16
C008398,Robert,Turner,Male,cindywhite@example.net,Jeremyburgh,Vermont,Tokelau,2023-11-16
C008399,Daniel,Huber,,rachel35@example.net,Stoneport,Oklahoma,Bouvet Island (Bouvetoya),2025-10-22
C008400,Bruce,Mcguire,,heather40@example.com,South Emily,South Carolina,Bangladesh,2022-12-20
C008401,Jose,Wilson,Male,dbenson@example.com,Pachecohaven,Alaska,French Polynesia,2021-09-20
C008402,Kevin,Diaz,Male,samantha65@example.com,Villafurt,New York,Netherlands,2022-06-16
C008403,Wesley,Romero,Male,johnpark@example.net,New Ryanchester,Kansas,Afghanistan,2024-06-09
C008404,Kara,Anthony,,manuel37@example.com,Joannafort,North Carolina,Mozambique,2026-04-12
C008405,Jeremy,Hall,Male,smithkevin@example.org,Duncanville,Arkansas,Turkmenistan,2023-03-23
C008406,Adam,Velazquez,Female,sharonmason@example.com,Cruzborough,Connecticut,Turks and Caicos Islands,2023-10-01
C008407,Diane,Arnold,,pclay@example.org,Melissabury,New York,Italy,2023-10-11
C008408,Arthur,Scott,Male,danny61@example.org,Douglaston,Montana,Venezuela,2021-11-15
C008409,Shane,Greene,Female,lisa12@example.org,Wayneside,Massachusetts,Benin,2022-12-01
C008410,Lori,Hale,,richard56@example.org,Allenmouth,Colorado,Serbia,2022-03-01
C008411,Amber,White,Male,natalie05@example.org,West Jasmine,Hawaii,Burundi,2021-08-10
C008412,Danielle,Conway,Male,evelyn17@example.org,Mullinsville,Maine,Pakistan,2022-11-05
C008413,Jackson,Wilson,,moorebrooke@example.org,Lake Davidhaven,Kansas,Rwanda,2022-11-12
C008414,William,Lopez,,louis77@example.net,Jordanmouth,Idaho,Vanuatu,2024-07-19
C008415,Lucas,Roberts,Male,sherigibbs@example.net,North Julie,West Virginia,British Indian Ocean Territory (Chagos Archipelago),2025-07-24
C008416,Rebecca,Neal,Male,caguilar@example.net,Port Nancy,Montana,Heard Island and McDonald Islands,2022-12-05
C008417,Julia,Howe,Male,williamsrebecca@example.org,Cannonburgh,Nebraska,Timor-Leste,2024-03-06
C008418,Christopher,Mcgee,,bchurch@example.com,New Bill,Arizona,Nigeria,2021-07-29
C008419,Mackenzie,Ward,Male,sarah13@example.com,Robertmouth,Nebraska,Guam,2026-05-19
C008420,Randy,Allen,Female,vaughnangela@example.org,Jonathanmouth,Indiana,Bosnia and Herzegovina,2025-11-13
C008421,Shane,Bishop,Male,hedwards@example.net,Jessicaview,Montana,Angola,2025-01-22
C008422,Ralph,Gentry,Female,johnsonamy@example.org,North Elizabethport,Minnesota,Gabon,2023-09-24
C008423,Richard,Thompson,,rebecca97@example.org,North Jackland,Virginia,Nicaragua,2024-12-13
C008424,Ashley,Garrett,Male,zhughes@example.net,Larsonstad,Indiana,Qatar,2023-07-08
C008425,Andrew,Ramirez,,hwong@example.net,Jordanhaven,North Dakota,Iran,2024-11-08
C008426,Janet,Wilson,Male,michaelmartinez@example.net,East Jeremyhaven,Pennsylvania,Luxembourg,2023-12-13
C008427,Karen,Vang,Male,ewingnicole@example.com,South Sydneyside,Maryland,Bahamas,2026-01-01
C008428,Erica,Vincent,Male,bfleming@example.org,Robertton,Nevada,Cambodia,2026-06-19
C008429,Amber,Waters,Female,johnsonlisa@example.org,South Williamtown,Washington,Cyprus,2022-01-14
C008430,Stacy,Petty,,debbieowens@example.net,South David,Tennessee,Saint Martin,2022-05-05
C008431,Jose,Brown,,gonzalesamy@example.net,Lake Rogerbury,Connecticut,Greenland,2024-11-20
C008432,Robert,Trevino,Male,robertenglish@example.org,Millerland,Connecticut,Congo,2026-05-27
C008433,Connie,Holmes,Male,rowemaria@example.com,New Jesusmouth,Washington,Bouvet Island (Bouvetoya),2025-02-27
C008434,Martin,Gonzalez,Male,warren71@example.org,Sharonton,Vermont,Martinique,2025-06-11
C008435,Ashley,Kent,Female,nwelch@example.net,Colleenstad,Minnesota,Cambodia,2022-05-01
C008436,Paula,Travis,Female,shamilton@example.net,Adamton,West Virginia,Kyrgyz Republic,2022-12-15
C008437,Chelsea,Mitchell,,jeremyramirez@example.org,West Stevenview,Delaware,Singapore,2023-10-18
C008438,Lynn,Guerrero,,wongjustin@example.com,New Angelaview,Wyoming,Bouvet Island (Bouvetoya),2024-02-21
C008439,Rick,Lawson,Female,pruittmatthew@example.com,West Anamouth,California,Algeria,2026-05-06
C008440,Briana,Mckinney,Female,xlopez@example.org,Ralphhaven,Pennsylvania,Romania,2022-06-29
C008441,Phillip,Lang,Male,cyoung@example.com,Hortonhaven,Colorado,Djibouti,2021-09-15
C008442,Nicholas,Martin,,robertallen@example.com,East Heather,Wyoming,Bouvet Island (Bouvetoya),2026-01-05
C008443,Kathryn,Coleman,,williamssamantha@example.net,Mullinsport,West Virginia,Myanmar,2024-09-17
C008444,Deborah,Hancock,,coreyjohnson@example.org,East Richardhaven,Louisiana,Albania,2025-08-01
C008445,Timothy,Martinez,Male,williambriggs@example.com,North Nicole,New Mexico,Mongolia,2024-04-14
C008446,Amanda,Jones,Female,collierjacob@example.com,Courtneyburgh,California,Antigua and Barbuda,2026-03-14
C008447,Erik,Miller,Male,patrickcampbell@example.net,Lake Nicolas,Alaska,Cameroon,2025-09-11
C008448,Maria,Morales,Male,kellygilbert@example.net,Wilkinsberg,Maryland,Namibia,2023-02-25
C008449,William,Jordan,,jason20@example.net,East Calvin,Michigan,Gabon,2022-02-26
C008450,Ashley,Harris,Male,anthony37@example.net,Shermanborough,Massachusetts,Gabon,2025-10-23
C008451,Sally,Hodges,Female,qmorris@example.net,Port Joshuaport,Wyoming,Grenada,2024-10-02
C008452,Travis,Brown,Male,englishthomas@example.org,North Paul,Mississippi,Guatemala,2023-09-02
C008453,Maria,Davis,Male,ddavis@example.org,Turnerbury,Georgia,Turks and Caicos Islands,2025-08-15
C008454,Joseph,Gibson,Female,michaeljohnson@example.org,Joneschester,West Virginia,Morocco,2025-11-19
C008455,Shannon,Nielsen,Male,castrolisa@example.com,Lake Janeview,Oklahoma,Kazakhstan,2025-03-22
C008456,Clayton,Barrett,Female,hburnett@example.org,Seanfort,Mississippi,Congo,2021-12-09
C008457,Larry,Young,Male,guerrerochristian@example.com,North Billmouth,North Carolina,Comoros,2024-03-18
C008458,Natasha,West,,icontreras@example.org,Kramermouth,North Carolina,Niue,2025-12-31
C008459,Lindsay,Davis,Female,jessicamartin@example.com,Charlottehaven,Vermont,Madagascar,2024-01-08
C008460,Jennifer,Graves,,juanjarvis@example.com,Melanieport,Vermont,Saint Barthelemy,2023-09-30
C008461,Adam,Gonzalez,Male,yortega@example.com,North Michael,West Virginia,Puerto Rico,2021-08-26
C008462,Joseph,Hayes,Female,whurst@example.org,East Rebeccahaven,California,Hong Kong,2022-02-24
C008463,Sarah,Cruz,Male,hooverjason@example.net,Port Darinmouth,North Carolina,Holy See (Vatican City State),2023-03-11
C008464,Patrick,Bryant,,smithjasmine@example.net,Port Brandon,California,Denmark,2022-10-18
C008465,Greg,Wilson,Male,lukeknight@example.org,Lake Jamieport,Ohio,Saudi Arabia,2023-05-25
C008466,Emma,Myers,Male,bradleylisa@example.net,Shepherdchester,New Mexico,France,2024-05-27
C008467,Shannon,Delacruz,Male,kathleen71@example.org,Melissaton,Vermont,Montserrat,2022-10-13
C008468,Thomas,Marsh,,millerrick@example.com,Port Nicole,New Mexico,United Arab Emirates,2023-03-19
C008469,Robert,Thompson,,yolanda61@example.com,Lake Jack,West Virginia,Macao,2025-12-24
C008470,Jamie,Huffman,Female,xwallace@example.net,Lopezside,Minnesota,Turks and Caicos Islands,2022-11-02
C008471,Steven,Rodriguez,Male,peterserica@example.com,North Michael,Georgia,Uzbekistan,2024-07-28
C008472,Joel,Craig,Male,laceybarnett@example.org,Sharontown,Maine,Oman,2023-07-07
C008473,Seth,Huang,Female,ldavis@example.org,Pattersonmouth,California,Uruguay,2023-03-04
C008474,Felicia,Sanders,Male,greenelizabeth@example.com,Reyesmouth,Arizona,Guatemala,2025-10-13
C008475,Brian,Miles,Male,jefffowler@example.com,Angelatown,South Carolina,Brunei Darussalam,2024-05-21
C008476,Timothy,Henderson,Male,gravesheather@example.net,Mooremouth,Connecticut,Brazil,2024-10-10
C008477,Kimberly,Hubbard,Male,dianajackson@example.com,Kristyside,Delaware,Nepal,2025-05-29
C008478,Luis,Parrish,Male,nataliestevens@example.org,North Michael,Washington,Kiribati,2023-09-27
C008479,Vincent,Payne,,kimberlyward@example.org,Jamesmouth,Minnesota,Nauru,2022-04-06
C008480,Michael,Wade,,bradley80@example.net,Ballardmouth,North Carolina,Germany,2021-11-17
C008481,Kevin,Cox,,harold38@example.com,Kingmouth,Alaska,Northern Mariana Islands,2024-06-28
C008482,Lisa,Allen,Female,njohnston@example.org,Desireemouth,Washington,Hong Kong,2022-12-10
C008483,Donald,Jones,Female,beverly08@example.org,Whitestad,North Dakota,Bahamas,2025-11-01
C008484,Jessica,Reeves,,timothyrodriguez@example.com,East Evelyn,Maine,Montserrat,2023-04-02
C008485,Carol,Swanson,Female,gstewart@example.com,North Jamiefurt,Nevada,Burkina Faso,2022-04-25
C008486,Kimberly,Roth,,jamesyates@example.com,Johnsonfort,Michigan,Netherlands Antilles,2026-03-29
C008487,Renee,Acosta,Male,joseph25@example.org,Lake Veronica,Washington,Luxembourg,2024-06-19
C008488,Ann,Webster,Male,barrystephenson@example.net,South Carolfort,South Dakota,Mexico,2023-10-22
C008489,Jason,Ellis,Male,larry98@example.org,Lake Susanstad,Connecticut,Turkey,2026-05-13
C008490,Derek,Johnson,,samanthakim@example.com,West Michelleburgh,California,Malta,2022-02-27
C008491,Carla,Collier,Female,wcook@example.net,Crystalport,Montana,Togo,2026-02-27
C008492,Lauren,Miller,,valerie48@example.org,Reyesland,Nevada,Saint Barthelemy,2022-12-30
C008493,Rebecca,Garrett,Female,cheryl35@example.org,Martinezton,Kansas,Martinique,2023-10-11
C008494,Andrea,Garcia,Female,kenneth69@example.org,Port Patricia,Arizona,Somalia,2023-03-19
C008495,John,Lynn,Male,alexander07@example.net,Woodshire,California,French Guiana,2024-05-21
C008496,Susan,Diaz,Male,elliottjennifer@example.com,Autumnbury,North Dakota,Comoros,2023-11-18
C008497,Seth,Cooper,,arellanovincent@example.com,South Ashleymouth,Virginia,Tanzania,2021-11-07
C008498,Kenneth,Thomas,,emily76@example.net,Brandimouth,Iowa,Saint Martin,2025-08-26
C008499,Denise,Martinez,Male,tmejia@example.org,East Lisaburgh,Alaska,Micronesia,2022-02-18
C008500,Jose,Golden,,blackdaniel@example.net,Mannport,Idaho,Cambodia,2022-07-25
C008501,Miguel,Esparza,Male,cooperjamie@example.net,Mejiaburgh,Maryland,Sri Lanka,2024-02-16
C008502,Travis,Morris,,tarawilliamson@example.net,Wilsonchester,Wyoming,Dominican Republic,2026-07-15
C008503,Stacey,Moore,Female,jpennington@example.com,South Christopher,Maine,Antarctica (the territory South of 60 deg S),2024-02-12
C008504,Megan,Zimmerman,,fsanchez@example.net,New Adam,Massachusetts,Slovakia (Slovak Republic),2022-10-26
C008505,Lynn,Johnson,Male,alexander52@example.net,Teresaton,Indiana,Armenia,2026-05-06
C008506,Emily,Williams,,qsoto@example.com,Helenfort,Kansas,South Africa,2022-01-15
C008507,James,Fernandez,Female,sydney56@example.com,Port Sarah,Missouri,Marshall Islands,2021-12-24
C008508,Hannah,Orr,Female,charles51@example.com,Brendachester,Kentucky,Slovakia (Slovak Republic),2024-11-13
C008509,James,Vaughan,Female,millerjenny@example.org,New Brettport,Oklahoma,United States Minor Outlying Islands,2023-05-04
C008510,Christine,Sanchez,Male,deannacarpenter@example.com,Millermouth,Tennessee,Nepal,2025-01-16
C008511,Joel,Morgan,,derrickhernandez@example.org,South Carol,North Dakota,Algeria,2026-06-10
C008512,Matthew,Williams,Male,jessicanixon@example.com,Diazside,Tennessee,Tanzania,2025-06-21
C008513,Linda,Mitchell,Male,wrightdavid@example.org,Jeffview,Oregon,Reunion,2024-10-07
C008514,William,Reynolds,Male,crystal13@example.org,Lake Sydney,New Mexico,Barbados,2021-10-05
C008515,Katrina,Hernandez,,lhoward@example.org,Kimberlyhaven,Virginia,Brazil,2025-10-15
C008516,Michael,Brown,Male,lball@example.org,Port Gerald,Kentucky,Chad,2023-07-21
C008517,April,Holt,,dgreen@example.org,West Connorton,North Carolina,Niue,2024-03-14
C008518,Deborah,Ryan,Female,richard18@example.net,Michaelview,Kansas,France,2024-12-24
C008519,Leslie,Thomas,,vanessamorales@example.org,South Rachelton,Oklahoma,Costa Rica,2024-04-07
C008520,Nicole,Riley,,johnsonjoshua@example.org,Jamesville,West Virginia,Lebanon,2023-05-06
C008521,Michael,Mitchell,Male,rgilbert@example.com,South Richardside,Georgia,Congo,2022-02-03
C008522,Nicole,Ayala,Female,hgraham@example.org,East Michael,Maine,French Polynesia,2023-08-03
C008523,Amber,Villarreal,,perezjulie@example.org,Munozland,New Mexico,Switzerland,2024-11-09
C008524,Cindy,Weiss,,samanthatate@example.net,Nelsonburgh,New York,Tokelau,2021-11-25
C008525,Mark,Allison,Male,rodriguezdenise@example.net,Jeffreyfurt,Montana,United States of America,2023-02-25
C008526,Christopher,Martinez,Female,thomaswest@example.org,Robertsfurt,Florida,Bosnia and Herzegovina,2023-04-25
C008527,Evelyn,Rosario,Male,karenmercado@example.org,Matthewshire,Michigan,Senegal,2023-02-11
C008528,Shannon,Garcia,Male,zward@example.org,Michelleburgh,Arizona,Kazakhstan,2024-07-24
C008529,Melissa,Rich,Male,cmorrow@example.com,East Jennifer,New Jersey,Andorra,2023-05-09
C008530,Johnny,Thompson,Male,teresahogan@example.com,Montoyafort,Alaska,Switzerland,2024-12-29
C008531,Laura,Murphy,,danielle21@example.org,North Leonard,Indiana,Micronesia,2022-07-07
C008532,Nicholas,Gomez,Female,stonebrandon@example.org,East Scott,Wyoming,Portugal,2023-12-18
C008533,Robert,Adams,Female,cindymccoy@example.org,North Jennifer,Washington,Oman,2026-06-02
C008534,David,Chambers,Male,tuckerbrandon@example.com,Zacharyfort,California,Yemen,2024-06-20
C008535,Brittany,Martinez,Male,dsalinas@example.com,Johnsonmouth,Utah,Armenia,2021-09-05
C008536,Kevin,Chandler,,alexandriafletcher@example.net,Willisview,Delaware,Cote d'Ivoire,2026-01-29
C008537,Haley,Grimes,Male,torreskathleen@example.net,South Breannaborough,Arizona,Ukraine,2022-07-04
C008538,Jamie,Briggs,Male,williamsjamie@example.com,Port Henryshire,Mississippi,Iceland,2026-03-09
C008539,Hailey,Harris,,nhernandez@example.net,Port Isaacborough,Nevada,Turks and Caicos Islands,2024-02-07
C008540,Melody,Dean,Female,toni98@example.net,Mitchellland,South Dakota,Finland,2024-10-18
C008541,Jonathan,Kim,Female,vhutchinson@example.org,Port Stephen,Montana,Yemen,2025-06-03
C008542,Tammy,Davis,Male,john33@example.com,West Amandatown,New Hampshire,Poland,2025-07-15
C008543,Brooke,Velasquez,Female,danielthomas@example.org,Grantmouth,Colorado,South Africa,2022-04-09
C008544,Adam,King,Female,mikesanchez@example.com,Port Caleb,Delaware,Romania,2025-10-06
C008545,Sabrina,Richards,Female,murrayjames@example.net,Hoopertown,Montana,Puerto Rico,2024-09-25
C008546,Elizabeth,Hernandez,,bwall@example.net,Longmouth,Oregon,New Zealand,2026-03-04
C008547,Rick,Valenzuela,Female,caroline61@example.net,Frankland,Rhode Island,France,2024-10-26
C008548,Robert,Snyder,Male,rdavies@example.net,South Jamie,Illinois,Egypt,2026-07-08
C008549,Caitlin,Cohen,Male,johnweaver@example.net,Normantown,Rhode Island,Zimbabwe,2025-03-04
C008550,Todd,Sanchez,,michelletran@example.org,Lake Rachelville,Massachusetts,Guernsey,2025-01-07
C008551,Samuel,Gomez,Male,andrewwilson@example.net,Williamsberg,Delaware,Gambia,2023-02-08
C008552,Jill,Flores,,catherine86@example.net,Lake Peterburgh,Hawaii,Lebanon,2022-05-16
C008553,Kevin,Pollard,Male,rosariochristopher@example.org,Sandrastad,Michigan,Italy,2023-08-26
C008554,Joshua,Hardy,Male,jsantiago@example.org,New Victoriastad,Alaska,Papua New Guinea,2024-02-22
C008555,Jorge,Herrera,Male,joshua85@example.org,North Mark,Pennsylvania,New Caledonia,2024-03-03
C008556,Emily,Thomas,Female,andreawheeler@example.org,Barnesland,Nebraska,Seychelles,2021-09-20
C008557,Melody,Mcdonald,,erica50@example.net,Jonathonshire,Colorado,Guyana,2026-01-30
C008558,Christina,Howard,Male,branchwhitney@example.com,Lopezfort,North Dakota,Senegal,2024-08-06
C008559,Tara,Smith,Male,janiceschwartz@example.net,Cohenmouth,Louisiana,Czech Republic,2024-03-09
C008560,Mark,Nash,Male,morrismeghan@example.com,East Nicholas,Tennessee,Thailand,2024-02-03
C008561,Jacob,Ortiz,,penningtonlisa@example.org,Brentton,Hawaii,Sudan,2024-07-26
C008562,Vanessa,Brown,Female,wgriffin@example.net,New Brian,New Jersey,San Marino,2022-04-18
C008563,John,Stephens,,hevans@example.org,Maryhaven,Nevada,Montenegro,2022-02-04
C008564,Antonio,Aguirre,,carrollchristopher@example.org,Millerburgh,Ohio,Dominican Republic,2024-01-12
C008565,Benjamin,Smith,Female,uponce@example.com,Port Steven,Pennsylvania,Venezuela,2022-09-05
C008566,Grace,Kidd,Female,rachel14@example.org,Moorehaven,Kentucky,Mozambique,2022-12-14
C008567,Heather,Crane,Male,dennishicks@example.org,Joannton,Idaho,Zambia,2023-12-20
C008568,Joshua,Norris,,brett06@example.com,South Lisa,Arizona,Denmark,2024-08-28
C008569,Kristina,Cruz,,dramsey@example.org,East James,Iowa,Montserrat,2022-04-05
C008570,Eric,Clark,Female,owensterri@example.org,Laurenfort,Arkansas,Burkina Faso,2026-01-11
C008571,Megan,Williams,Male,farleychristina@example.org,Spencerland,Hawaii,Saint Pierre and Miquelon,2025-12-08
C008572,Christopher,Johnson,Male,krystal90@example.org,Port Robert,Michigan,Austria,2021-09-30
C008573,Tammy,Elliott,Female,coxamy@example.org,Jamiemouth,Connecticut,Sudan,2024-11-19
C008574,Jared,Delgado,Male,brittanydelacruz@example.net,Port Travis,West Virginia,Solomon Islands,2022-11-12
C008575,Amy,Henderson,Male,mooreapril@example.net,South Mary,Minnesota,Liberia,2025-07-03
C008576,Lisa,Adams,Male,wjacobs@example.com,Martinezberg,Kansas,Guadeloupe,2022-01-18
C008577,Jeremy,Berry,,tmarsh@example.com,Port Stephen,Tennessee,Uganda,2022-07-08
C008578,Carl,Harris,Female,weaverdanielle@example.com,West Theresashire,Colorado,Lithuania,2023-07-18
C008579,Kenneth,Wong,Male,casey77@example.com,East Craig,Michigan,Yemen,2024-03-28
C008580,Robert,Stevens,Female,meyersroy@example.org,Kelleyview,New Mexico,South Georgia and the South Sandwich Islands,2022-11-23
C008581,Robert,May,Male,melanie68@example.org,Karlfurt,Iowa,Guadeloupe,2025-02-03
C008582,Joshua,Miller,Male,brandonlee@example.net,Allenfort,New Jersey,Chad,2023-06-10
C008583,Veronica,Wheeler,Female,jennifercoffey@example.org,Ryanchester,North Dakota,Guatemala,2021-12-14
C008584,Megan,Ayala,,briannacross@example.net,Chapmanview,Texas,Denmark,2024-10-25
C008585,Vicki,Freeman,Female,reevesmichael@example.com,Port Kathleen,Ohio,Tanzania,2022-12-03
C008586,Anthony,Gilmore,Male,tinaward@example.org,Michellemouth,New Hampshire,Ireland,2024-01-26
C008587,Sara,Petersen,Female,jasondavis@example.com,South Timothyhaven,Nevada,India,2026-01-25
C008588,Shawn,Flynn,Male,imoran@example.net,Hayesmouth,Connecticut,Saint Helena,2022-07-13
C008589,Alexander,Delgado,Male,kelseyfloyd@example.net,Freemanfort,Idaho,Central African Republic,2023-12-20
C008590,Richard,Jimenez,,eriksweeney@example.net,South Matthewchester,North Dakota,Brazil,2024-05-06
C008591,Anna,Jones,Female,marco77@example.com,Scottchester,Connecticut,Samoa,2024-09-07
C008592,Dakota,Franklin,Male,johnsondebbie@example.org,New Pamelaport,Minnesota,Aruba,2026-03-06
C008593,Kyle,Morales,Female,pheath@example.net,New Audreychester,Vermont,Bolivia,2023-07-15
C008594,Patricia,Martinez,Female,shanebowman@example.org,South Christopher,Nevada,Montserrat,2023-04-28
C008595,Kathleen,Walker,Male,bruce64@example.com,North Lisastad,Minnesota,British Indian Ocean Territory (Chagos Archipelago),2023-07-23
C008596,Adrian,White,Female,onguyen@example.org,South Robert,Maryland,Turks and Caicos Islands,2025-11-28
C008597,Christopher,Perry,,romanjennifer@example.com,Philipbury,Ohio,Singapore,2023-04-28
C008598,Micheal,Sexton,Male,rasmussenmichael@example.org,Chadview,West Virginia,Papua New Guinea,2024-07-07
C008599,Deanna,Brown,,fullermorgan@example.net,West Bobbyview,Washington,French Guiana,2022-11-13
C008600,Monica,Wilson,Female,khenderson@example.org,Brianborough,Virginia,Latvia,2026-03-18
C008601,Anthony,Glover,Female,william89@example.org,Lake Mackenzie,Iowa,Uzbekistan,2025-10-28
C008602,Carrie,Smith,Male,amandawoods@example.com,Weberfort,Georgia,Nepal,2021-09-21
C008603,Brian,Nelson,Female,eric23@example.net,Hallville,Montana,Trinidad and Tobago,2025-02-26
C008604,John,Wang,Male,ismith@example.com,Shawmouth,South Dakota,Ecuador,2026-01-03
C008605,Joseph,Holmes,Male,kpowell@example.org,Kimberlymouth,Michigan,Gambia,2022-04-12
C008606,Diana,Flores,,latoyagreer@example.net,Tiffanybury,Illinois,Thailand,2024-12-10
C008607,Patricia,Morales,,jbrooks@example.com,New Jeremyville,Minnesota,Malawi,2025-01-11
C008608,Anna,Richards,Male,vmorales@example.com,South Jessica,Hawaii,United States Virgin Islands,2025-08-12
C008609,Audrey,Barrera,Female,allen71@example.com,South William,Mississippi,French Guiana,2024-01-01
C008610,Dylan,Williams,Male,hforbes@example.net,Debraview,Georgia,Senegal,2024-08-26
C008611,Mark,White,Male,kstokes@example.com,Davisville,Idaho,Congo,2025-07-31
C008612,Amy,Cook,Female,jeffreysmith@example.org,Alexandrastad,Vermont,Saudi Arabia,2022-08-09
C008613,Susan,Tran,Female,vgordon@example.org,New Brianborough,Tennessee,Guinea,2025-08-10
C008614,Melissa,Gonzalez,Female,richard88@example.com,Fernandezstad,Kansas,Philippines,2022-01-02
C008615,Joyce,Vaughn,Male,lindaknapp@example.net,Penaburgh,South Carolina,Burkina Faso,2023-12-06
C008616,Kristen,Sandoval,Female,jamesstark@example.net,East Lindaview,Kansas,Georgia,2022-03-22
C008617,John,Yates,Male,vanessafranklin@example.com,Rebekahhaven,Kentucky,New Zealand,2021-09-12
C008618,Natasha,Orozco,Female,cchambers@example.net,East Jessica,South Carolina,Western Sahara,2026-03-15
C008619,Nicholas,Hansen,,kimsparks@example.org,Mariochester,Georgia,Gibraltar,2022-06-28
C008620,Alyssa,Schultz,Male,curtis64@example.net,Hardymouth,Iowa,Oman,2021-07-27
C008621,Christina,Lopez,,emily04@example.com,Mckinneystad,Colorado,Guyana,2022-05-30
C008622,Larry,Gutierrez,,amyedwards@example.org,Victoriaton,Idaho,Turkmenistan,2022-01-06
C008623,Timothy,Ritter,Male,torresshannon@example.com,Yatesbury,Rhode Island,Azerbaijan,2021-12-28
C008624,Jason,Leon,,julia03@example.net,North Brentport,South Carolina,Austria,2022-07-03
C008625,Kristy,Murphy,,goodmancarlos@example.net,Chaseberg,Indiana,Northern Mariana Islands,2024-09-23
C008626,Desiree,Figueroa,Male,jeffreycastillo@example.net,East William,Oregon,Wallis and Futuna,2022-01-23
C008627,Robert,Miller,Male,hroth@example.org,Lake Julieburgh,Tennessee,Gambia,2024-06-09
C008628,Jennifer,Cummings,Female,erikmorris@example.com,Kellymouth,South Dakota,Italy,2024-06-20
C008629,Nathan,Perez,,christian32@example.net,Fordside,New Jersey,Timor-Leste,2026-02-24
C008630,Rodney,Benton,Female,pwilson@example.org,Port Johnathanport,Maine,Brazil,2025-12-10
C008631,Kristopher,Hoffman,Male,bschmidt@example.com,South Megan,Montana,Bangladesh,2025-03-20
C008632,Joseph,Harding,,pricebetty@example.com,Port Aaron,Indiana,Turks and Caicos Islands,2026-01-31
C008633,Gabriella,Shelton,Female,cookkimberly@example.org,Gallaghershire,Washington,New Caledonia,2023-01-30
C008634,Anne,Miller,Female,olivia68@example.com,Evansside,Tennessee,Finland,2023-10-23
C008635,Teresa,Huerta,Female,wcross@example.org,Riveratown,South Dakota,Jersey,2025-05-01
C008636,Todd,Page,Male,kellypeters@example.org,Simpsonville,Kansas,American Samoa,2024-10-24
C008637,Samantha,Potter,,irodriguez@example.net,North Michaelstad,Delaware,United States of America,2022-08-12
C008638,Kelly,Hebert,Female,jamesgriffith@example.org,Brentborough,Kansas,Lebanon,2025-10-06
C008639,Todd,Beck,,pamela74@example.com,Burchhaven,Rhode Island,Israel,2025-03-09
C008640,Alan,Lee,Male,anthonyfoster@example.org,Port Lisafort,Utah,Lao People's Democratic Republic,2026-02-21
C008641,Gloria,Cobb,Male,phillipsjustin@example.com,South Robertton,Wisconsin,Vietnam,2025-08-06
C008642,George,Collier,Female,matthew45@example.com,Raymondbury,Maine,Swaziland,2024-03-16
C008643,Deborah,Griffin,Female,jonathanwarren@example.net,East Nicole,Illinois,Iraq,2022-04-17
C008644,Joseph,Wise,,bauerandrew@example.org,New Savannahside,New Mexico,Sri Lanka,2024-10-25
C008645,Emily,Santos,Male,steven32@example.net,North Elizabeth,West Virginia,Paraguay,2022-07-26
C008646,Jeffrey,Armstrong,,donna41@example.org,Port Mary,West Virginia,San Marino,2022-11-10
C008647,Nancy,Barajas,Male,brian45@example.org,Lake Laurenborough,Wisconsin,Austria,2021-09-18
C008648,Dennis,Brock,,brownscott@example.org,Kellerchester,Massachusetts,Holy See (Vatican City State),2023-05-31
C008649,Katherine,Clay,Male,lgallagher@example.org,South Carrie,Pennsylvania,Grenada,2023-12-08
C008650,Michael,Houston,Female,househarold@example.net,Lake Kristinburgh,South Dakota,Angola,2022-03-21
C008651,Michele,Martin,Male,georgepowell@example.net,North Jessicafurt,Nebraska,Burundi,2024-02-19
C008652,Kim,Ramos,Male,jennayu@example.net,Port Lauriestad,Massachusetts,Guinea,2021-09-21
C008653,Angela,Wise,Female,frenchjohn@example.org,Williamstad,Alaska,Peru,2021-11-01
C008654,Gina,Griffin,,sarahneal@example.net,South Ericmouth,Ohio,Uruguay,2021-07-29
C008655,Colleen,Smith,,nancy59@example.com,Gonzalezhaven,Oregon,Japan,2023-02-02
C008656,Ashley,Lopez,Male,melanie41@example.org,Christineshire,Rhode Island,San Marino,2022-04-17
C008657,Matthew,Carter,Female,veronica52@example.net,North Russell,New York,Burkina Faso,2022-03-20
C008658,Jacqueline,Sanchez,,thompsonlindsey@example.com,Stephenchester,Kansas,South Georgia and the South Sandwich Islands,2024-10-06
C008659,Stephen,Jacobs,Female,jeffrey46@example.com,Snyderland,Indiana,Ireland,2021-12-24
C008660,Jeremy,Wang,Female,drogers@example.net,West Russell,North Carolina,Kuwait,2025-04-27
C008661,Jennifer,Jensen,,taylorjennifer@example.org,West Jamesland,Utah,Portugal,2022-09-21
C008662,Natalie,Davis,Male,kelseyconner@example.com,Sandraton,Delaware,Lebanon,2024-09-22
C008663,Ashley,Martin,Female,margaret66@example.net,Charlesfort,Kentucky,Canada,2024-08-01
C008664,Jennifer,Sparks,Female,graydana@example.net,South Aprilmouth,Ohio,Algeria,2025-12-26
C008665,Crystal,Reyes,Male,joel49@example.com,Carlsonhaven,Wyoming,Chad,2024-12-09
C008666,John,Holloway,Male,fmooney@example.com,Martinezmouth,New Mexico,Cambodia,2025-09-20
C008667,Aaron,Craig,,zwong@example.com,West Tiffany,Illinois,Mayotte,2021-12-16
C008668,Randall,Mccullough,Male,thompsonkrystal@example.com,Davidburgh,Vermont,United Arab Emirates,2021-09-13
C008669,Heather,Cochran,,michelleschultz@example.com,Hannashire,Georgia,Syrian Arab Republic,2021-12-07
C008670,Christina,Mendez,,osmith@example.net,West Dawnville,Michigan,Burkina Faso,2023-06-05
C008671,Nancy,Rich,Female,daniel22@example.net,West Jamesview,South Dakota,Jordan,2021-12-28
C008672,Christopher,Norton,Male,vrose@example.net,Port Sean,Michigan,Poland,2023-08-17
C008673,Jamie,Price,Male,smithtaylor@example.org,North Hannah,Maryland,Saudi Arabia,2023-01-25
C008674,Eric,Hines,Female,brownyvonne@example.net,North Lisatown,Wyoming,Afghanistan,2025-12-08
C008675,Jamie,Mckee,Female,prattdonna@example.net,Loweville,Wyoming,Lesotho,2022-03-17
C008676,Carrie,Knox,Male,devindelgado@example.net,Port Tracy,Nebraska,Belarus,2022-06-05
C008677,Andrew,Brown,,charlesdean@example.org,Morrismouth,Montana,Cocos (Keeling) Islands,2024-02-21
C008678,Scott,Camacho,Male,yward@example.com,Lake Shawn,Kansas,Saint Pierre and Miquelon,2025-11-08
C008679,Shannon,Norman,Male,tamara72@example.net,Anthonyhaven,Rhode Island,Bangladesh,2023-05-16
C008680,Jennifer,Garcia,Female,robert88@example.com,West Marystad,Mississippi,South Africa,2022-07-14
C008681,Sarah,Adkins,,marcusblair@example.org,South Randyfort,Rhode Island,Mali,2025-01-12
C008682,Claudia,Vargas,Female,iromero@example.com,Kaitlinside,Maine,Peru,2024-09-21
C008683,Kimberly,Walters,Male,kevingeorge@example.org,South Amy,Missouri,Togo,2021-12-22
C008684,Abigail,Olson,,thomas81@example.org,East Kevinborough,Maryland,Cambodia,2024-06-28
C008685,Robert,Lewis,Female,darylbowman@example.com,New Edwinfurt,Kentucky,Seychelles,2022-04-20
C008686,Margaret,Williams,,arellanoamber@example.net,Flynnmouth,Hawaii,Mauritania,2025-07-26
C008687,Chelsey,Wheeler,,rboyle@example.org,North Morganbury,Mississippi,Egypt,2026-01-11
C008688,Jose,Scott,,twatkins@example.org,Martinezfurt,Maine,Libyan Arab Jamahiriya,2024-09-01
C008689,Jennifer,Smith,Male,smitchell@example.net,East Natalie,Arizona,Chad,2024-05-30
C008690,James,Weber,Female,lopezkerri@example.net,Lake Lisa,California,French Southern Territories,2024-05-28
C008691,Steven,Sloan,Female,williamsandrew@example.net,Moorestad,Pennsylvania,Palau,2024-10-07
C008692,Katherine,Johnson,Male,tmcguire@example.net,Lake Tammiemouth,Missouri,Dominican Republic,2024-06-07
C008693,Lauren,Gonzalez,,zpeterson@example.org,Mariahside,South Dakota,Iraq,2024-06-15
C008694,Daniel,Salazar,Female,srivera@example.net,New Henry,Connecticut,Vietnam,2022-09-04
C008695,Susan,Martinez,Male,zgarcia@example.com,Smithmouth,Wisconsin,Myanmar,2026-01-23
C008696,Kelly,Kelley,Female,cherylscott@example.net,West Albert,Nebraska,Vietnam,2024-06-30
C008697,Carrie,Dickerson,,tarawong@example.org,Arianamouth,Idaho,Jordan,2026-07-01
C008698,Priscilla,Wong,Female,ijones@example.net,Paulfurt,Nevada,San Marino,2023-05-08
C008699,Sandra,Cline,,ywood@example.com,Laurenhaven,Alaska,Cameroon,2024-01-30
C008700,David,Hill,,gracegarcia@example.org,East Jessica,Arkansas,Canada,2026-01-22
C008701,Stephanie,Armstrong,Male,dillonvanessa@example.org,Tommyfurt,Michigan,Cayman Islands,2026-04-17
C008702,Danielle,French,,norrisryan@example.net,Lake Joseph,Oregon,Tuvalu,2023-01-20
C008703,Vicki,Mccall,Male,iburch@example.net,Jasmineton,Montana,Serbia,2025-02-04
C008704,Theresa,Cooper,Female,gjones@example.com,West Anita,Tennessee,Poland,2022-02-25
C008705,Samantha,Holder,,frazierlaura@example.net,West Jamie,Nevada,South Africa,2025-04-04
C008706,Janet,Washington,Female,williamspedro@example.org,South Tyler,Vermont,Cape Verde,2022-02-05
C008707,Gabriel,Williams,,ttorres@example.org,North Matthewton,Delaware,Slovakia (Slovak Republic),2023-10-13
C008708,Raymond,Adams,Male,kelly12@example.com,South Jasonhaven,Tennessee,Fiji,2021-12-27
C008709,Travis,Johnson,Female,tiffanythomas@example.net,Lake Dale,Missouri,Morocco,2023-04-10
C008710,John,Diaz,Female,annarios@example.org,East Evanview,Arkansas,Saint Pierre and Miquelon,2021-09-14
C008711,Fred,Terrell,Female,andersonapril@example.com,Kellyburgh,New Mexico,Afghanistan,2022-06-12
C008712,Brianna,Raymond,,mark74@example.net,Gonzalezshire,Alaska,Serbia,2026-05-16
C008713,Kathryn,Le,,chambersangela@example.org,Alexanderstad,Hawaii,South Georgia and the South Sandwich Islands,2023-10-26
C008714,John,Paul,,mday@example.com,Port Catherinemouth,Connecticut,Comoros,2022-09-01
C008715,Shawn,Green,,antonio14@example.com,North Christopher,Oregon,Lebanon,2023-01-20
C008716,Thomas,Little,Male,mblevins@example.net,East Jacobfurt,California,France,2023-05-26
C008717,Brian,Jackson,,patricia08@example.org,Paulaland,Georgia,Mongolia,2022-01-14
C008718,Christy,Morris,Male,vwilliams@example.org,Clarkburgh,New Hampshire,Faroe Islands,2022-06-14
C008719,Marcus,Edwards,,vallen@example.org,New Barbara,Indiana,Pitcairn Islands,2026-02-02
C008720,Margaret,Rivera,Female,mccoypamela@example.com,Shaunmouth,Florida,Malta,2023-07-24
C008721,Jason,Gardner,,james47@example.net,Davisland,Maryland,Czech Republic,2022-11-19
C008722,William,Young,Male,russellashley@example.net,Kennethview,Nevada,Syrian Arab Republic,2024-05-14
C008723,Kayla,Martinez,,catherine95@example.com,New Susan,Ohio,Albania,2023-10-25
C008724,Tracy,Donovan,,nbush@example.org,South Danielleshire,Delaware,Botswana,2024-01-14
C008725,Thomas,Valenzuela,Female,qburgess@example.com,Collinsfurt,West Virginia,Greece,2024-03-05
C008726,William,Casey,Male,cassandra14@example.com,Ambermouth,Arkansas,Zimbabwe,2025-08-04
C008727,Nancy,King,Male,randyfowler@example.com,East Jenniferhaven,Massachusetts,Slovakia (Slovak Republic),2023-03-18
C008728,Katherine,Bell,Female,lwilson@example.com,Anthonymouth,Rhode Island,Romania,2023-05-31
C008729,Samantha,Boyd,Female,jonathanlee@example.org,West Michelle,Arizona,Guernsey,2022-05-30
C008730,Rebecca,Diaz,Female,mbowen@example.org,Port Jerrymouth,Kentucky,British Indian Ocean Territory (Chagos Archipelago),2024-01-23
C008731,Victoria,Mendoza,,kingkatherine@example.com,New Peterburgh,Vermont,Tunisia,2025-06-07
C008732,Charles,Castro,Male,crystalpatrick@example.org,Seanshire,Virginia,Philippines,2022-07-10
C008733,Andrew,Smith,Female,jessicamoore@example.net,South John,Idaho,Indonesia,2021-12-03
C008734,Yesenia,Ramirez,Female,acurry@example.com,South Curtis,Washington,Papua New Guinea,2022-05-30
C008735,Amy,Charles,Male,amberwilson@example.com,North Anthony,West Virginia,Congo,2024-05-16
C008736,Sierra,Cannon,,holmesadam@example.com,Lewisfort,Arizona,Papua New Guinea,2022-05-29
C008737,Terri,Johnson,,davidunderwood@example.org,Anashire,Rhode Island,Suriname,2024-03-21
C008738,Jessica,Jackson,,bpaul@example.com,Robertside,Arizona,Tonga,2022-12-28
C008739,Dustin,Howard,Male,amandagross@example.org,Ruizland,New Jersey,Iceland,2023-02-27
C008740,Margaret,Wells,,michaelrios@example.com,Port Triciaton,Tennessee,Sweden,2022-11-11
C008741,Laura,Rodriguez,,andrewwilkerson@example.net,North Danielburgh,New Jersey,Eritrea,2024-01-14
C008742,Donna,Roberts,Male,cynthia67@example.org,Fitzgeraldland,Mississippi,El Salvador,2022-10-28
C008743,Mary,Rocha,Male,dobrien@example.com,New Loganport,Kansas,Madagascar,2026-01-13
C008744,Robert,Anderson,Female,jacksonkelsey@example.com,Christopherland,North Carolina,Guam,2025-08-24
C008745,Xavier,Valdez,Male,john31@example.org,Danielton,Rhode Island,Portugal,2023-04-17
C008746,Alyssa,Ball,,julie19@example.net,Sullivanbury,Arkansas,Palestinian Territory,2026-07-15
C008747,Alexandria,Martin,Male,christopherbailey@example.org,Milestown,Delaware,Bangladesh,2023-08-12
C008748,Dylan,Fernandez,,yking@example.net,Ashleyburgh,Arizona,Korea,2022-10-22
C008749,Nathaniel,Welch,Female,chaas@example.org,New Johnathan,Maine,Taiwan,2023-06-02
C008750,Cody,Chen,,elizabeth84@example.com,Lake Thomasfort,Kansas,South Georgia and the South Sandwich Islands,2021-08-28
C008751,Ian,Kelly,,ritterjamie@example.net,Pamelafort,Montana,Guadeloupe,2024-08-12
C008752,Joshua,Murray,,carlossims@example.net,Erictown,Nevada,Mauritania,2022-03-02
C008753,Alexander,Bowers,Male,alawrence@example.org,New Lisa,Wyoming,Ecuador,2024-12-13
C008754,Jennifer,Mitchell,,kristen11@example.org,Lake Susan,Maryland,Kazakhstan,2023-11-09
C008755,Brendan,Harrison,Male,elizabethwilliams@example.org,Port April,Ohio,Switzerland,2026-04-16
C008756,Deborah,Knight,Female,seancunningham@example.net,New Tracybury,Hawaii,Tonga,2022-04-24
C008757,Rhonda,Garcia,Female,warrenjulia@example.net,Shelleyton,Rhode Island,Swaziland,2022-08-20
C008758,Andrew,Barr,Female,amy72@example.net,West Margaretport,Missouri,Dominican Republic,2023-01-10
C008759,Gregory,Bowers,,scottveronica@example.com,Ravenfurt,Utah,Tanzania,2025-10-20
C008760,John,Williams,,thomaslewis@example.org,Lake Kristin,Nevada,Montenegro,2025-11-17
C008761,Kimberly,Cruz,Female,stephanie95@example.com,West Susanfurt,Nebraska,Oman,2025-03-21
C008762,Dawn,Valenzuela,Female,jacobcarroll@example.net,East Jeffreytown,Alaska,Netherlands Antilles,2024-03-26
C008763,Brooke,Deleon,Male,bridgetflynn@example.com,Collinsbury,West Virginia,Estonia,2022-03-14
C008764,Allison,Conway,Male,hicksnancy@example.net,New William,Washington,Palau,2022-06-10
C008765,Daniel,Liu,Female,gregoryherrera@example.org,South Justinhaven,North Dakota,Palau,2025-05-23
C008766,Andrea,Lawson,Female,jeremytucker@example.org,Port Howardborough,Michigan,Djibouti,2024-08-22
C008767,Nicole,Stewart,Female,adam78@example.com,Erinchester,Arizona,Lithuania,2022-12-12
C008768,Robert,Wiggins,Female,chenjerry@example.com,Elliottview,Colorado,Niger,2026-06-23
C008769,Mariah,Patrick,,micheal38@example.net,Port Corey,Utah,Sri Lanka,2024-10-23
C008770,Matthew,Walsh,,kirkbeverly@example.com,Port Jonathanside,Alaska,Panama,2021-12-09
C008771,Jason,Hill,Male,brittney87@example.org,Port Johnny,Kansas,Mongolia,2022-02-23
C008772,Dorothy,Larson,Female,oporter@example.com,Sharonport,Massachusetts,Lesotho,2023-05-07
C008773,Jade,Sharp,,boyerdanielle@example.org,Port Rachel,Texas,Switzerland,2023-12-23
C008774,Claudia,Powell,,alexwilson@example.com,Port Brett,Texas,Netherlands Antilles,2025-11-05
C008775,Heidi,Mckenzie,,linda63@example.org,North Judy,Ohio,Egypt,2024-11-03
C008776,Jeffrey,Barber,,faulknerjanice@example.org,Yatesshire,Georgia,Namibia,2023-02-20
C008777,Darren,Schaefer,Female,erin90@example.net,Lake Tammy,California,Mali,2026-01-23
C008778,Sharon,French,Female,estradabrandi@example.org,West Tanya,California,Spain,2022-01-30
C008779,Melissa,Le,,steven27@example.net,North Johnville,Wisconsin,Madagascar,2023-05-10
C008780,James,Jackson,Female,colonjohn@example.org,West Richard,North Carolina,Gibraltar,2023-05-22
C008781,Kaitlin,Juarez,,madisonhall@example.com,West Curtiston,Kansas,Kenya,2025-09-08
C008782,Johnny,Hart,,owenmichelle@example.com,Davidfurt,Virginia,Jamaica,2022-11-26
C008783,Tracey,Mooney,Male,kevin37@example.net,Booneton,Pennsylvania,Singapore,2022-04-23
C008784,Kimberly,Ramirez,Male,eric79@example.net,West Alexandraland,Texas,Rwanda,2025-12-18
C008785,Jared,Mueller,Female,brooksjessica@example.org,New Christopher,Nevada,Moldova,2022-11-28
C008786,Isabel,Hughes,Male,cgarcia@example.org,Gilbertstad,California,Uganda,2024-06-12
C008787,Kathy,Buck,Male,medinajoseph@example.org,Aguilarfort,Delaware,Kiribati,2023-09-30
C008788,James,Robinson,Female,orichardson@example.org,Lake Sandra,Texas,Cape Verde,2026-07-21
C008789,Heather,Lopez,Male,william96@example.com,Lake Michael,New York,Congo,2025-05-06
C008790,Kimberly,Barnes,Female,isaiahstanton@example.net,South Allisonburgh,Maine,Uruguay,2025-06-04
C008791,Brandy,Murphy,Male,nancygrant@example.com,New Sonyaview,Georgia,Solomon Islands,2022-10-13
C008792,Lori,Clark,Male,robertpreston@example.com,Christopherville,Missouri,Cape Verde,2022-08-08
C008793,Sandy,Martin,Male,jimenezrachael@example.net,Schmidtland,Arizona,Slovakia (Slovak Republic),2024-12-25
C008794,Anita,Marshall,Female,jonathananderson@example.net,Port Lindaborough,Washington,Spain,2025-08-07
C008795,Maria,Burns,Male,carlythompson@example.net,Lake Sarah,Idaho,Northern Mariana Islands,2023-03-28
C008796,David,Perry,,johndavis@example.com,Jeremyland,New York,Barbados,2025-08-09
C008797,Madison,Carlson,Male,robersonrichard@example.org,Blairport,Michigan,Taiwan,2025-09-25
C008798,Billy,Logan,Female,fevans@example.com,Joyceburgh,New Hampshire,Denmark,2021-09-07
C008799,Sharon,Silva,Male,austintracey@example.com,Lake Dustinside,Connecticut,Saint Kitts and Nevis,2022-06-17
C008800,Brenda,Pena,Male,andrea00@example.net,South Shauntown,New Hampshire,Costa Rica,2024-08-09
C008801,Stacy,Schultz,,jeffreywilkinson@example.net,Port Garrettfort,Wisconsin,Pitcairn Islands,2025-07-15
C008802,Amy,Burch,,rodriguezraymond@example.net,Merrittmouth,Maryland,Mauritania,2023-05-07
C008803,Christopher,Price,Male,roberthoffman@example.org,Rebeccaside,New Jersey,India,2025-06-27
C008804,Christopher,Meadows,Female,kendramiller@example.org,South Marymouth,Pennsylvania,Saint Barthelemy,2021-08-13
C008805,Isabella,Anderson,Female,jbeck@example.com,East Laura,Oklahoma,French Guiana,2021-08-24
C008806,Brenda,Lawrence,,scottpamela@example.net,Lake Ray,Mississippi,Azerbaijan,2023-06-16
C008807,Kayla,Weiss,,sarahcraig@example.net,Davisbury,Mississippi,Liechtenstein,2024-02-25
C008808,Ricky,Cisneros,Male,eugenemitchell@example.org,Lake Kaylachester,North Dakota,Jamaica,2023-06-25
C008809,Danielle,Conner,Female,cunninghammichelle@example.com,South Williamton,Maryland,Angola,2023-04-15
C008810,Teresa,Austin,Female,triciarosario@example.org,Wallerbury,Wyoming,France,2023-05-01
C008811,Danielle,Pace,Female,hoovertrevor@example.org,Lake Ashleyville,Missouri,Gabon,2025-03-10
C008812,Joseph,Sampson,Female,marymurphy@example.com,West Ryan,West Virginia,Azerbaijan,2025-07-23
C008813,Andrea,Hill,,alexander37@example.org,Jonesberg,Massachusetts,Indonesia,2025-11-07
C008814,Barbara,Strong,,garciajasmine@example.com,Lisamouth,Kansas,Seychelles,2022-02-05
C008815,Patricia,Turner,Male,eleon@example.org,South Wesleyville,Iowa,United States of America,2026-06-10
C008816,Michael,Baker,Female,christopheryork@example.org,South Kelly,Minnesota,Aruba,2026-01-15
C008817,Cheyenne,Ortiz,Male,cynthia76@example.net,Port Haleyton,Connecticut,Czech Republic,2025-12-02
C008818,William,Roberts,Male,toniarmstrong@example.org,Caseychester,Connecticut,Nauru,2024-10-31
C008819,Michelle,Garrett,Male,jonathan87@example.org,East Ryanberg,New Hampshire,Yemen,2023-09-08
C008820,Barbara,West,Male,choimatthew@example.com,East Nicoleville,New Hampshire,Namibia,2025-04-09
C008821,Julie,Hernandez,,gabriellachen@example.com,West Aaronbury,California,Georgia,2022-12-04
C008822,Clayton,Johnson,,pevans@example.net,Henryview,Montana,Sri Lanka,2024-09-20
C008823,Paul,Ramsey,Female,cannonpeter@example.org,New Nicolemouth,Indiana,Spain,2023-07-15
C008824,Elizabeth,Morris,Female,clementsjason@example.org,Bartlettview,Rhode Island,Latvia,2024-10-06
C008825,Benjamin,Knox,,teresamullins@example.net,Lake Nicholeshire,New Hampshire,New Zealand,2021-09-27
C008826,Cynthia,Nelson,Female,michellesnyder@example.net,Shannontown,Alabama,United States Minor Outlying Islands,2024-09-30
C008827,Samantha,Moore,,tiffanyleon@example.org,Port Chaseburgh,Pennsylvania,Saint Vincent and the Grenadines,2026-01-31
C008828,Angelica,Benjamin,,deandouglas@example.net,North Benjamin,Minnesota,Greenland,2021-09-08
C008829,Michael,Foster,Female,masonlisa@example.net,Kathleenview,Missouri,Colombia,2023-08-25
C008830,Jason,Hernandez,Female,lbauer@example.net,Lake Annafurt,Idaho,Bhutan,2023-12-05
C008831,Jennifer,Smith,,pjones@example.com,Andersonmouth,Kansas,Mauritania,2022-12-12
C008832,Jeffrey,Reynolds,,kaitlynking@example.org,South Nicole,Alaska,Czech Republic,2022-10-22
C008833,Antonio,Baird,,uavila@example.net,Bradleyside,New Jersey,Chile,2025-02-24
C008834,Jamie,Davenport,,damon88@example.org,West Taraborough,California,China,2025-07-07
C008835,Edward,Hoover,,guzmandavid@example.com,Jasminstad,North Dakota,Canada,2023-09-18
C008836,Juan,Hopkins,Female,olee@example.net,Ruizville,Massachusetts,Honduras,2023-03-19
C008837,Bryan,Huff,Female,millskayla@example.org,Russellberg,Colorado,Greenland,2022-06-26
C008838,Andrew,Shannon,Female,melanieanderson@example.com,Forbesmouth,Colorado,Palestinian Territory,2022-07-29
C008839,Marie,Lozano,,wburns@example.com,Smithview,Colorado,Ukraine,2022-06-25
C008840,Marc,Morales,Male,melissa87@example.net,New Catherineborough,Minnesota,Slovakia (Slovak Republic),2023-12-10
C008841,Franklin,Gomez,Female,travissmith@example.net,West David,Hawaii,Congo,2024-03-23
C008842,Bryan,Duarte,Male,ykrause@example.com,Lake Jeremy,Minnesota,Slovakia (Slovak Republic),2025-03-02
C008843,Jason,Meyer,Female,todd73@example.org,Martinborough,Maine,Christmas Island,2024-09-11
C008844,Natalie,Wise,Male,acoleman@example.com,Shannonmouth,Indiana,Cape Verde,2023-04-19
C008845,Michael,Barton,Female,angelaroberts@example.com,Port Nicholas,Idaho,Serbia,2025-10-17
C008846,Rhonda,Christian,Female,teresa50@example.com,Lake Virginia,Montana,Saint Barthelemy,2026-03-05
C008847,John,Brown,Female,hwilliamson@example.org,Derekmouth,Massachusetts,Sudan,2023-12-31
C008848,Virginia,Castillo,Male,kristyreeves@example.com,Port Anna,Indiana,Antarctica (the territory South of 60 deg S),2025-06-24
C008849,Amanda,Johnson,Male,michaeljensen@example.net,Millerburgh,Delaware,Nicaragua,2022-05-29
C008850,Jessica,Gallegos,Female,zgreen@example.com,West Heatherside,Rhode Island,El Salvador,2023-03-28
C008851,Lindsay,Gardner,Female,michaelmcbride@example.net,Shawnville,Mississippi,Puerto Rico,2025-05-18
C008852,Daniel,Franklin,Female,banksmichelle@example.com,Port Jeffreystad,Iowa,Argentina,2023-01-21
C008853,Michael,Perez,Male,tracie66@example.net,Lisaberg,Nevada,South Africa,2024-12-25
C008854,Melissa,Gomez,,yjackson@example.com,Ashleyfurt,Georgia,Panama,2025-08-17
C008855,Philip,Williams,Male,smithmarco@example.net,North Kevinshire,North Carolina,Saint Vincent and the Grenadines,2024-02-15
C008856,James,Miller,,ckirby@example.net,Robertsview,Kansas,Bulgaria,2024-08-05
C008857,Theodore,Morris,,johnpage@example.net,Valenzuelaview,Oregon,United Arab Emirates,2024-05-17
C008858,Matthew,Goodman,Female,brian78@example.org,Kellychester,Louisiana,Taiwan,2024-12-16
C008859,Sarah,Phillips,Male,leah92@example.com,Caitlinville,Arizona,Jordan,2021-12-24
C008860,Maurice,Perez,Male,jeffrey66@example.com,Lake Gregoryhaven,Colorado,Vietnam,2021-10-20
C008861,Veronica,Villarreal,,smithlaura@example.net,Lorrainehaven,Florida,Gabon,2022-02-07
C008862,Ashlee,Bennett,,jackson25@example.com,Martinstad,Idaho,Yemen,2024-12-12
C008863,Karen,Vazquez,,rebeccareed@example.org,South Alex,New York,Sweden,2022-06-27
C008864,Erica,Turner,Male,ksanders@example.org,New Wyattville,Michigan,Maldives,2026-04-27
C008865,Krista,Martin,Male,alvarezjacob@example.org,Carolmouth,Massachusetts,Brunei Darussalam,2025-12-01
C008866,Megan,Ward,Male,xriley@example.net,North Kevin,Colorado,San Marino,2026-06-10
C008867,Brian,Wells,Male,cluna@example.net,South Nicole,Virginia,Afghanistan,2022-06-22
C008868,Donald,Jones,Male,ileonard@example.com,Thomasfurt,Maryland,Aruba,2023-08-12
C008869,Lynn,Palmer,Female,rodneyellison@example.com,Thomaston,Wyoming,Suriname,2023-10-08
C008870,Tammy,Williams,,williamsjacqueline@example.org,North Nicoleburgh,New York,Saint Helena,2023-11-07
C008871,Katie,Harris,Male,jhampton@example.net,Lake Angela,West Virginia,Sudan,2025-11-16
C008872,Erin,Estrada,Female,ipeterson@example.net,Port Lorihaven,Louisiana,Mauritania,2026-02-25
C008873,Mark,Rogers,Female,ryan53@example.org,Alexandermouth,Iowa,Monaco,2023-01-14
C008874,Chase,Liu,Female,tgonzalez@example.org,Kimberlyfurt,Wyoming,France,2025-04-29
C008875,Jocelyn,Briggs,Male,bradfordashley@example.net,Lewiston,Wyoming,Macao,2026-04-28
C008876,Michael,Taylor,Male,becky98@example.org,East Donaldland,Nevada,Saint Pierre and Miquelon,2022-02-23
C008877,Amanda,Kerr,,jamiemartin@example.com,New Rebeccafurt,Alabama,Reunion,2021-08-03
C008878,Timothy,Pearson,,millskathleen@example.org,Jenniferfort,Mississippi,Antigua and Barbuda,2026-04-17
C008879,Christopher,Montgomery,Male,adam83@example.org,South Carolyn,Florida,Saint Kitts and Nevis,2022-07-22
C008880,Renee,Ortiz,,llambert@example.org,Wrightville,Washington,Turkey,2025-10-22
C008881,William,Hahn,Female,dunnwilliam@example.net,Lake Jason,South Carolina,Thailand,2021-11-04
C008882,Brandon,Gomez,Female,jimmyarmstrong@example.com,Lake Ethanstad,Wisconsin,Italy,2022-07-16
C008883,Jon,Fitzpatrick,Male,ryanjones@example.com,Lake Danielleton,Ohio,Saint Lucia,2024-01-12
C008884,Tara,Stevens,Female,reyestracy@example.org,West Heather,Georgia,Kiribati,2021-08-04
C008885,Andrew,Rose,Female,nromero@example.org,Adamshire,New Mexico,United Kingdom,2025-07-20
C008886,Robert,Moreno,,stephanie75@example.com,North Melissaberg,South Carolina,Bermuda,2022-11-30
C008887,Ryan,Crawford,Male,iblevins@example.net,Brownfurt,Alaska,Lesotho,2026-04-06
C008888,Henry,Palmer,,yjohnson@example.net,Douglaston,South Dakota,Uganda,2024-12-14
C008889,Susan,Hunt,Female,curryrachel@example.com,Port Dawnland,Washington,Somalia,2024-04-25
C008890,Kimberly,Brown,Male,whiterobert@example.net,Rossside,Delaware,Moldova,2026-07-17
C008891,Alexandra,Barker,Male,smithjamie@example.net,New Jocelyn,South Dakota,Pakistan,2021-12-08
C008892,Michele,Nixon,Female,veronica41@example.org,North Mark,Texas,Luxembourg,2023-10-20
C008893,Tony,Young,Female,jonesvalerie@example.net,New Pamela,South Dakota,Norway,2022-04-05
C008894,Chad,Daugherty,Male,robinsonchristopher@example.org,Lake Carolport,West Virginia,Austria,2024-01-28
C008895,Jamie,Navarro,Female,richardcampbell@example.com,Ronnieborough,Louisiana,Eritrea,2025-08-29
C008896,Samuel,Medina,Female,sbarnett@example.net,Port David,Oregon,Cape Verde,2024-06-28
C008897,Christian,Wyatt,Male,ronaldclark@example.org,Carolshire,Kentucky,Pitcairn Islands,2021-08-04
C008898,Morgan,Rodriguez,Male,ryanstokes@example.com,East Jeffreyshire,New Hampshire,Peru,2024-06-16
C008899,Gina,Mack,,emily86@example.org,Robertmouth,Illinois,Pakistan,2022-01-26
C008900,Jamie,Jones,,vwoods@example.net,Port Danielview,Delaware,Tajikistan,2023-08-16
C008901,Megan,Hudson,,davenportmelissa@example.com,Wolfeburgh,Illinois,China,2022-02-26
C008902,Scott,Mccoy,Female,huffmankatherine@example.org,Meganhaven,New York,Norway,2024-12-24
C008903,Elizabeth,Avery,,jlopez@example.com,Newmanland,Massachusetts,Haiti,2024-08-27
C008904,Monica,Maldonado,,kathleenhenderson@example.org,North Jessica,Oklahoma,Bosnia and Herzegovina,2025-11-07
C008905,Samuel,Ortega,Female,taralyons@example.org,New Paulshire,Hawaii,Poland,2026-02-07
C008906,Rachel,James,Female,janebarnes@example.org,Port Paul,Oregon,Ghana,2024-09-23
C008907,Cheryl,Adams,Female,jasoncosta@example.com,Robertmouth,Indiana,Cook Islands,2021-11-20
C008908,Timothy,Jones,,preston61@example.org,Lake Autumn,Nebraska,Canada,2024-03-07
C008909,David,Byrd,,jessicagates@example.net,Jacobview,South Carolina,Burkina Faso,2026-07-06
C008910,Jennifer,Daniel,Male,elizabeth52@example.net,Deanland,Missouri,Belarus,2023-07-03
C008911,Maria,Hughes,,waynewhite@example.org,Kristinafort,Vermont,Ethiopia,2023-02-28
C008912,Casey,Schmidt,,youngjulie@example.com,Lucasborough,Indiana,El Salvador,2022-12-31
C008913,David,Weaver,Female,ohansen@example.net,South Michael,Rhode Island,Haiti,2026-07-26
C008914,Erik,Norton,Female,orodriguez@example.net,East Anthony,Illinois,Bangladesh,2022-09-07
C008915,Jesse,Smith,,shannonsharp@example.org,Davisland,Indiana,Tajikistan,2023-02-10
C008916,Jesse,Jordan,Male,higginslauren@example.org,East Michael,Arkansas,Bolivia,2021-12-10
C008917,Kimberly,Davenport,,amymcbride@example.com,New Derrick,Illinois,Suriname,2026-06-23
C008918,Austin,Schroeder,Female,osmith@example.org,Hardyview,Iowa,Botswana,2021-12-17
C008919,Connie,Larson,Male,langkristin@example.com,Owensbury,Idaho,Vanuatu,2026-02-06
C008920,Robert,Smith,Male,stephanieklein@example.org,West Dannystad,Colorado,Saint Lucia,2026-02-14
C008921,Jose,Richmond,,hrobbins@example.org,Marvinland,Maryland,Hungary,2024-10-05
C008922,Megan,Daniel,,vdavis@example.net,East Jennifer,South Carolina,India,2026-01-23
C008923,James,Garcia,Male,masonharris@example.com,New Sandraton,Georgia,Uzbekistan,2025-01-19
C008924,Dominic,Curtis,Female,jakelindsey@example.net,Dawntown,Arkansas,Vietnam,2023-09-07
C008925,Melissa,Smith,Male,nicholsvirginia@example.net,Greenshire,Wyoming,Chile,2024-01-20
C008926,Douglas,Anderson,Female,porterkayla@example.com,New Shirleyville,Utah,Mayotte,2025-12-14
C008927,Joseph,White,,ocarroll@example.net,Patrickberg,Rhode Island,Bosnia and Herzegovina,2024-06-17
C008928,Aaron,Terry,Male,gsutton@example.com,Thompsonchester,Utah,Luxembourg,2024-04-19
C008929,Ashley,Ramirez,Female,edwinsmith@example.com,Hoffmanview,North Carolina,South Africa,2022-01-14
C008930,Jacqueline,Johnson,Female,cameronterry@example.net,East Monicastad,West Virginia,South Georgia and the South Sandwich Islands,2026-04-07
C008931,Daniel,Jordan,Male,jonathan53@example.org,Port Randyborough,New Jersey,Oman,2025-01-11
C008932,Pamela,Rodriguez,Female,staceydouglas@example.org,Osbornemouth,Illinois,Latvia,2024-01-12
C008933,Thomas,Prince,Male,whitekatherine@example.org,Lake Melissamouth,Massachusetts,Guam,2023-02-06
C008934,Christina,Smith,,castrobradley@example.net,Cardenasview,Kansas,Mauritania,2024-10-20
C008935,Hannah,Lane,,suzannekelley@example.org,New Sharontown,Alaska,New Caledonia,2022-09-12
C008936,Jeffrey,Wade,Male,allenkayla@example.net,South David,Illinois,Cocos (Keeling) Islands,2024-01-04
C008937,Benjamin,Clark,,garyjackson@example.net,Lake Krystal,Arizona,French Southern Territories,2024-08-06
C008938,Stephanie,Johnson,,robertsmelissa@example.com,East Zoe,Texas,Paraguay,2024-04-23
C008939,Mary,Walton,Male,cruzrebecca@example.net,South Timothy,Mississippi,Morocco,2022-12-16
C008940,Ian,Roberts,Female,whitetravis@example.org,New Erin,Texas,Panama,2025-07-16
C008941,Tammy,Lucas,Male,rebeccabennett@example.com,East Victoriafurt,New Hampshire,Tajikistan,2026-01-05
C008942,Pamela,Harmon,Male,hwagner@example.org,Melissahaven,Rhode Island,Bouvet Island (Bouvetoya),2023-12-01
C008943,Donald,Hicks,Male,tiffany55@example.org,West Ericaland,Illinois,Dominican Republic,2022-05-08
C008944,Amy,Harvey,,simschad@example.com,North Katelyn,Michigan,Palestinian Territory,2023-06-10
C008945,Nancy,Hickman,Female,brandimiller@example.org,Leahview,Hawaii,Bermuda,2025-02-26
C008946,Chelsea,Ayala,,michelebell@example.net,East Melissa,West Virginia,Philippines,2021-11-05
C008947,Elizabeth,Robinson,,stephanieperez@example.com,East David,Kansas,Nicaragua,2021-10-26
C008948,Alyssa,Fitzgerald,Male,cdouglas@example.org,Justinport,Pennsylvania,Bosnia and Herzegovina,2025-09-10
C008949,Madeline,Martin,,lewisjulie@example.com,Oliviafurt,Florida,Finland,2023-11-10
C008950,Mark,Stevens,Female,jensenryan@example.org,Masonburgh,Virginia,Kazakhstan,2024-10-12
C008951,Nathan,Simmons,Male,joshuahansen@example.org,Adkinsstad,Colorado,Algeria,2022-11-22
C008952,John,Bruce,Female,wpatel@example.com,Smithtown,Wisconsin,French Southern Territories,2022-03-29
C008953,Jonathan,Elliott,Female,odavis@example.org,Johnsonside,Vermont,Sudan,2021-09-20
C008954,Laura,Atkins,,kimberly50@example.com,Perezchester,Illinois,Chile,2025-11-02
C008955,Jennifer,Bauer,,alexisgraham@example.com,West Aprilton,California,Saint Vincent and the Grenadines,2026-03-18
C008956,Ronald,Mays,,zhenderson@example.net,Sandrafort,West Virginia,Lithuania,2023-10-19
C008957,James,Roy,Male,kellerkristen@example.org,Mitchellfort,Delaware,Ireland,2025-05-28
C008958,Samantha,Mendoza,,mendezcynthia@example.net,Kellyside,Florida,Korea,2024-04-08
C008959,Emily,Koch,Female,erobertson@example.com,Amyfort,Missouri,Portugal,2025-12-02
C008960,Katrina,Hutchinson,Female,joneschristine@example.org,East Huntertown,New Hampshire,Marshall Islands,2025-01-05
C008961,Heather,Murphy,Male,damon85@example.org,Grayborough,Kentucky,Panama,2022-05-02
C008962,Mark,Lee,,charles05@example.org,Clarktown,Colorado,Venezuela,2025-08-06
C008963,Jennifer,Tran,Female,thomasdana@example.org,North Brianna,Kansas,Bangladesh,2025-01-30
C008964,Diane,Robinson,Female,taylordavid@example.org,Hicksshire,Florida,Canada,2024-08-03
C008965,Jeremy,Johnson,Female,wrightgina@example.org,North Laurenburgh,Nevada,Pakistan,2026-01-15
C008966,Justin,Jones,Female,xsimpson@example.com,South Wandaview,New Mexico,Cameroon,2025-07-20
C008967,Matthew,Wright,Male,angelabriggs@example.com,South Rachel,Maine,Azerbaijan,2021-10-04
C008968,Adrienne,Castillo,Female,griffinjacob@example.org,Diazmouth,Missouri,Saint Helena,2025-05-15
C008969,Rebecca,Gonzalez,Female,villegasjames@example.org,South Jacobland,Iowa,Qatar,2025-01-09
C008970,Colleen,Mcmahon,Female,kmyers@example.net,South Jesseport,Wisconsin,Liberia,2025-01-26
C008971,David,Quinn,Female,richardmaxwell@example.org,Estradafort,Nebraska,Falkland Islands (Malvinas),2022-06-26
C008972,Ryan,Parsons,Female,ashleyday@example.org,East Carrie,Utah,United States Virgin Islands,2026-06-10
C008973,Matthew,Dawson,,matthewclark@example.com,North Nathanieltown,Ohio,Sri Lanka,2023-01-23
C008974,Jacqueline,Williams,Male,kevin51@example.org,Mcdanielbury,Texas,Mauritania,2026-05-10
C008975,Andrea,Richardson,Male,darlenesalazar@example.com,Brandonland,Michigan,Sweden,2024-10-02
C008976,Mathew,Jacobs,,dgraham@example.net,Sarahfurt,Idaho,Guinea,2024-05-30
C008977,Zachary,Pena,Female,raymond63@example.com,West Jesse,Ohio,Australia,2025-03-07
C008978,Diane,Wade,,newmanjames@example.com,Richardsontown,New Mexico,Malawi,2022-09-26
C008979,Kevin,Sanchez,Female,aimeeclark@example.com,North Jeffrey,Connecticut,Chile,2023-03-28
C008980,Hannah,Avila,Female,heather43@example.org,South Kayla,Louisiana,Colombia,2026-03-19
C008981,Laura,Martinez,Female,williamgrimes@example.net,New Gailport,Kansas,Tokelau,2025-09-15
C008982,John,Marquez,Male,carrillojade@example.org,East Deniseshire,California,Switzerland,2021-09-05
C008983,Teresa,Mcdonald,,heatherolson@example.net,Hooperhaven,Ohio,Finland,2026-05-31
C008984,William,Martinez,Female,sara96@example.net,Catherineberg,Colorado,Libyan Arab Jamahiriya,2025-01-22
C008985,Colleen,Fisher,,huntcorey@example.net,Chelseaburgh,Oregon,Spain,2025-10-01
C008986,Julia,Barker,Female,davidsmith@example.net,Rickymouth,Missouri,Russian Federation,2022-01-27
C008987,Scott,Davis,Male,javierjackson@example.org,Lake Thomas,Virginia,Mongolia,2023-12-04
C008988,Jill,Gallegos,,sanchezdenise@example.com,Port Chase,New York,United States Virgin Islands,2024-01-15
C008989,Nicholas,Nguyen,,torreserica@example.com,Amystad,Texas,Burkina Faso,2022-02-18
C008990,Eric,Wilcox,Male,jamie54@example.org,South Ernestland,South Dakota,Puerto Rico,2024-01-21
C008991,Katherine,Warren,Male,wheelerlisa@example.com,South Patriciaton,Washington,French Guiana,2025-09-11
C008992,Michael,Kelly,Male,hughesandrea@example.net,Jillbury,California,New Zealand,2024-09-15
C008993,Kathleen,Mueller,Female,steve08@example.org,Gabriellastad,Arizona,Madagascar,2025-12-18
C008994,Derek,Estrada,Female,preeves@example.net,Kaylafurt,Indiana,Puerto Rico,2023-05-20
C008995,James,Cooper,,amy99@example.org,South Sheriton,Pennsylvania,Albania,2021-12-09
C008996,Claudia,Garner,Female,mariahoover@example.net,North Erinchester,South Carolina,Zimbabwe,2022-01-09
C008997,Matthew,Meyers,Male,bbrown@example.com,Simsland,Michigan,Benin,2024-05-16
C008998,Caleb,Sanchez,,ortegajoseph@example.com,Hillmouth,South Carolina,Benin,2026-06-03
C008999,Jason,Butler,Female,williamdavis@example.net,Nixonview,Pennsylvania,Mauritania,2021-07-26
C009000,Eric,Arnold,Male,sandra45@example.com,Kaylashire,Oklahoma,Nigeria,2022-11-26
C009001,Stephanie,Allen,Male,batesisaac@example.com,Josephside,Nebraska,Nigeria,2024-07-19
C009002,Rachel,Webb,Female,wmathews@example.com,Nicholasfort,Wisconsin,Lebanon,2024-08-05
C009003,Devon,Small,,richardswendy@example.net,Autumnport,Kentucky,Gambia,2025-09-01
C009004,Krista,Brown,Female,rwatson@example.com,New Trevorville,New York,Bhutan,2024-04-04
C009005,Kathy,Perez,Female,leeandrew@example.com,Lake Paulaberg,New York,Kenya,2024-11-10
C009006,Lisa,Washington,Male,jacksonnicholas@example.net,Joshuaberg,New York,Latvia,2026-03-02
C009007,Jeremy,Adams,,milespatrick@example.org,New Charlesside,Pennsylvania,Cayman Islands,2026-05-01
C009008,Kevin,Johnson,Female,bvasquez@example.com,New Kristin,Tennessee,Dominica,2025-11-14
C009009,Kyle,Nichols,,savannah49@example.net,Wellsfurt,Alaska,Marshall Islands,2024-09-07
C009010,Richard,Hill,,melanieguerrero@example.org,Lake Jean,Wisconsin,Cyprus,2025-05-22
C009011,Regina,Huerta,Male,anthony90@example.org,Port Vicki,New Hampshire,Wallis and Futuna,2025-05-29
C009012,Michael,Rocha,Male,hannah16@example.net,Eddieton,Kentucky,Afghanistan,2024-03-22
C009013,Christina,Mendez,Male,phoward@example.com,Ashleyfurt,Maryland,Puerto Rico,2022-10-12
C009014,Frank,Carey,Female,conwayrachel@example.net,South Jeffrey,Wyoming,Sierra Leone,2023-01-24
C009015,Bradley,Brown,Female,russellbrenda@example.org,East Amanda,Montana,Jersey,2025-06-05
C009016,Joshua,Moore,,christinesilva@example.net,Lorimouth,Arkansas,Lebanon,2025-04-23
C009017,Wendy,Baker,Female,taylorrachel@example.com,Catherinefort,Nebraska,Belgium,2025-05-15
C009018,Victoria,Evans,Male,smitherik@example.net,Lake Brandon,South Dakota,Hungary,2024-09-27
C009019,Robert,Martin,Female,williamrodriguez@example.com,Cooperport,Indiana,Anguilla,2026-03-14
C009020,Abigail,Jackson,,daniel13@example.com,Garzaview,Mississippi,Saint Barthelemy,2023-02-05
C009021,Kelly,Lee,Female,allisonbarker@example.net,South Tracyport,New York,Niue,2025-10-22
C009022,Francisco,Reyes,Female,jennifer14@example.com,East Elizabethport,Maine,Sri Lanka,2023-07-18
C009023,William,Hunter,,hpayne@example.com,East Michellemouth,Hawaii,South Africa,2024-12-09
C009024,Maria,Hernandez,,christina54@example.org,New Thomas,Ohio,Saint Vincent and the Grenadines,2025-01-29
C009025,Amanda,Mann,Female,aalexander@example.net,South Chloehaven,Louisiana,Sierra Leone,2026-01-04
C009026,Kenneth,Morgan,Male,vasquezelizabeth@example.org,Nicholsmouth,Virginia,Burkina Faso,2024-05-24
C009027,Amy,Cisneros,Male,jonathon76@example.com,South Steven,North Carolina,Iceland,2023-01-07
C009028,Rebecca,Smith,Male,margaretmartin@example.com,South Lisa,Connecticut,Solomon Islands,2022-08-28
C009029,Eric,Salinas,Male,rosariofelicia@example.net,East Kelly,Georgia,North Macedonia,2023-07-06
C009030,Patrick,Martin,Female,anthony87@example.com,Tonyport,Nevada,Guam,2024-07-19
C009031,Kirsten,Duncan,Female,brucegraham@example.net,Annside,Washington,Solomon Islands,2023-10-04
C009032,David,Mercado,,rodriguezcory@example.com,Robinburgh,Illinois,Denmark,2023-09-17
C009033,Rita,Hardin,,hunttanya@example.com,West Victoria,Indiana,Antigua and Barbuda,2025-03-08
C009034,Phillip,Jackson,Female,melendezteresa@example.org,North Jenna,Illinois,Jordan,2023-03-07
C009035,Cody,Clements,Male,jessica23@example.net,Williamsfort,Texas,Slovenia,2021-08-07
C009036,James,Carroll,,emmabaker@example.net,Shaneberg,Ohio,Turkey,2025-04-29
C009037,Patrick,Fischer,,santosamy@example.org,Johnview,Mississippi,Chile,2023-05-18
C009038,James,Thompson,Female,annawillis@example.com,Shirleyview,Connecticut,Togo,2021-08-13
C009039,Jessica,Walters,Female,rmartin@example.org,Port Stevenview,Kansas,Czech Republic,2025-04-01
C009040,Pamela,Cross,Male,laurastewart@example.com,East David,Illinois,Myanmar,2024-08-26
C009041,Julie,Jones,Female,fieldsjoseph@example.org,West Andrewside,Maine,Samoa,2024-06-11
C009042,Patricia,Neal,,parkerjulie@example.org,New Vickie,Virginia,Saint Martin,2024-10-07
C009043,Ruth,Russell,,rileywayne@example.org,Scottmouth,Tennessee,Peru,2024-08-10
C009044,Willie,Ortiz,Male,julia09@example.org,Zacharyhaven,Georgia,Lesotho,2026-06-30
C009045,William,Sullivan,Male,fbrown@example.net,South Edward,Rhode Island,Slovakia (Slovak Republic),2025-03-09
C009046,Kyle,Roberts,Male,thompsonteresa@example.com,North Micheletown,Utah,Jersey,2023-04-12
C009047,Amanda,Becker,Female,sandra69@example.net,Ericburgh,California,Martinique,2026-01-03
C009048,Jeffrey,Brown,Female,nguyencarly@example.org,East Jefferychester,Idaho,Singapore,2024-12-02
C009049,Michael,Barry,Male,zjones@example.net,Michellehaven,New York,Burkina Faso,2024-03-01
C009050,Natalie,Smith,,brittanynavarro@example.org,Jasmineport,Vermont,Lesotho,2025-02-28
C009051,Nancy,Greene,,jameswu@example.com,South Paige,Kansas,Mali,2025-10-10
C009052,Christopher,Williams,Female,franciscoskinner@example.com,Websterhaven,Virginia,Costa Rica,2023-07-25
C009053,Joshua,Mendoza,,norriskeith@example.com,East Barbarastad,Delaware,Afghanistan,2023-05-02
C009054,Stephanie,Mcdonald,Female,xsalinas@example.com,Cookstad,Delaware,Greenland,2023-09-28
C009055,Courtney,Brown,,ericmayo@example.net,North Toddborough,Nevada,Luxembourg,2022-07-04
C009056,Jeremy,Greene,Female,gregorypratt@example.com,Duranfort,Delaware,Sao Tome and Principe,2024-04-15
C009057,Lori,Smith,Female,fgarcia@example.net,South Andrewfort,South Carolina,Holy See (Vatican City State),2025-04-25
C009058,Danielle,Wolfe,,wcastro@example.org,Lake Alicia,Ohio,Namibia,2023-12-31
C009059,Timothy,Olson,,xharrison@example.org,Ronaldfort,Massachusetts,Qatar,2022-09-24
C009060,Catherine,Preston,Female,aroberts@example.org,Lewismouth,Illinois,Ukraine,2022-06-24
C009061,James,Green,,ywilson@example.org,Bankston,Tennessee,Taiwan,2025-07-12
C009062,John,Sheppard,Male,rachel83@example.org,Ashleyberg,Indiana,Sudan,2023-09-11
C009063,Ashley,Smith,Female,craigwhite@example.org,New Johnathan,Maryland,Hong Kong,2025-05-11
C009064,Shane,Williams,,flemingjames@example.net,South Jobury,North Carolina,Ukraine,2021-11-22
C009065,Stephen,Brown,,hoganerin@example.org,Taraland,North Carolina,Northern Mariana Islands,2024-06-26
C009066,Christopher,Weaver,,nmckay@example.com,Millerbury,Florida,Tunisia,2025-01-25
C009067,Rebecca,Barajas,Male,laurathomas@example.net,East Doris,California,Pakistan,2026-01-10
C009068,Phillip,Robinson,Female,caitlyn58@example.org,New Anthonybury,Florida,Australia,2026-04-01
C009069,Carrie,Huang,Male,qmiller@example.net,Juliechester,Nevada,Angola,2023-09-13
C009070,Lindsay,Martin,,rogerswayne@example.com,New Jonathanport,Hawaii,Costa Rica,2024-11-23
C009071,Oscar,Bailey,Male,vrobinson@example.net,Smithfort,Oregon,Guam,2022-05-07
C009072,Deborah,Shannon,Male,charleshodge@example.net,Romerostad,Delaware,Wallis and Futuna,2022-05-04
C009073,Chelsea,Williams,Female,cmcfarland@example.net,Martinview,Colorado,Lithuania,2022-09-19
C009074,Dylan,Gordon,Female,morganerin@example.net,West James,Arizona,Austria,2023-01-08
C009075,Colleen,Woods,,zgarcia@example.net,Rodriguezchester,Virginia,Kiribati,2021-09-28
C009076,Tina,Carr,Male,hooverjason@example.org,Kristinechester,New York,Solomon Islands,2023-07-31
C009077,Mark,Miller,Female,sriley@example.net,Jonathanport,North Dakota,South Georgia and the South Sandwich Islands,2023-11-04
C009078,Cheryl,Hernandez,Male,jeffrey14@example.org,East Latoyamouth,Oklahoma,Moldova,2023-10-24
C009079,Joseph,Ward,Male,irubio@example.net,South Allison,Connecticut,France,2021-11-23
C009080,Karen,Davis,Female,robertsonjoshua@example.com,West Kimberly,Arizona,Norfolk Island,2024-02-03
C009081,Angela,Chandler,Female,ystone@example.com,Jeffreystad,Massachusetts,Guadeloupe,2025-11-10
C009082,Andrew,Santos,Female,jamesgonzalez@example.net,South Stanley,Alaska,Kiribati,2024-04-08
C009083,Karen,Hamilton,,christinatorres@example.org,Suttonside,Tennessee,Papua New Guinea,2026-06-02
C009084,Jeffery,Sullivan,Female,russellsean@example.net,New Jamesland,Hawaii,Oman,2021-08-25
C009085,Michelle,Frost,Male,fhendricks@example.org,Michaelmouth,Iowa,Bulgaria,2024-11-25
C009086,Melissa,Garcia,Female,christian23@example.com,West Zachary,Vermont,Cote d'Ivoire,2026-06-28
C009087,Mark,Hernandez,Female,boyerjanet@example.org,Nicolebury,Utah,Vanuatu,2022-10-18
C009088,Holly,Cooper,,sylviagreene@example.net,New Kimberly,Mississippi,Peru,2022-01-09
C009089,Ryan,Whitney,,carolinehughes@example.org,Port Robertshire,Minnesota,Mali,2023-05-31
C009090,Diana,Perez,Male,lijoanne@example.net,Lake Karl,Georgia,Ireland,2022-11-08
C009091,Leah,Velazquez,,natalie05@example.com,Lake Michael,Indiana,Saint Helena,2024-11-13
C009092,Ashley,Anderson,Male,mcneilcindy@example.org,Gabrielmouth,Arkansas,Poland,2025-09-28
C009093,William,Soto,,teresasmith@example.com,West Angela,Washington,Israel,2024-09-25
C009094,Timothy,Schwartz,Male,taylor01@example.net,Santiagofort,Oklahoma,Christmas Island,2024-12-16
C009095,Mary,Rivera,Male,aaron58@example.net,West Brian,South Dakota,United States Virgin Islands,2022-08-31
C009096,Steven,Barron,,rodriguezkristin@example.com,Jenkinschester,North Dakota,Switzerland,2023-01-09
C009097,Maria,Cochran,Male,troydickson@example.org,North Jonathan,Maryland,South Africa,2026-01-14
C009098,James,Kennedy,,travis16@example.org,Kevinville,Georgia,Mozambique,2025-05-15
C009099,Jared,Herrera,Female,collinsmelvin@example.org,West Timothy,Pennsylvania,Indonesia,2026-07-06
C009100,Adam,Mitchell,Female,vfisher@example.com,West Cameronton,Alaska,Andorra,2023-08-27
C009101,Karen,Neal,,wpalmer@example.org,Kyletown,Delaware,United States of America,2025-03-20
C009102,Russell,Jackson,Female,lindamueller@example.org,South Ryanport,North Dakota,Lao People's Democratic Republic,2024-02-19
C009103,Erin,Garrett,Female,samantha81@example.net,Christinafurt,Montana,Syrian Arab Republic,2024-05-16
C009104,Christina,Gibson,,patrick25@example.com,Johnsonstad,Oregon,Portugal,2025-05-08
C009105,Warren,Morris,,maryowens@example.net,South Robertburgh,Michigan,Svalbard & Jan Mayen Islands,2024-06-04
C009106,Diana,Holmes,,donovankathryn@example.org,New Juliefurt,Oregon,Czech Republic,2023-02-01
C009107,Tommy,Morton,Female,stevenhenry@example.net,West Monica,South Carolina,Micronesia,2026-02-22
C009108,Nancy,Gutierrez,Male,shelbymarshall@example.com,New Christopher,Michigan,Uganda,2025-11-21
C009109,Nicole,Ryan,,robertssarah@example.com,Wrightview,Maine,Cayman Islands,2025-10-12
C009110,Michael,Harris,,davislori@example.org,North Alexisville,Nebraska,Cyprus,2021-12-17
C009111,Jeremy,Wilson,Female,tonya67@example.com,Brownbury,Iowa,Panama,2022-03-25
C009112,Brian,Hernandez,Male,ksmith@example.com,Montesbury,Georgia,Iran,2023-08-14
C009113,Andrew,Thomas,Male,vhernandez@example.net,Cookmouth,Kansas,Togo,2024-10-28
C009114,Todd,Hunt,Male,wvaldez@example.net,South Annchester,Delaware,Poland,2026-02-15
C009115,David,Bell,,kristi02@example.net,Benjaminberg,Wisconsin,Norfolk Island,2024-02-01
C009116,Gloria,Blackburn,Female,kimberlykerr@example.org,Edwardville,Maryland,New Caledonia,2024-01-02
C009117,Robert,Malone,Female,vedwards@example.org,Campbellmouth,Florida,Holy See (Vatican City State),2022-07-01
C009118,Natasha,Mayer,Female,gsmith@example.com,Cohentown,New York,Pakistan,2021-12-31
C009119,Steven,Long,Female,ryanburgess@example.org,West Carlshire,Maine,Lesotho,2022-04-16
C009120,Joseph,Davis,Female,victoria85@example.com,North Andrew,Oregon,Mexico,2022-08-13
C009121,Jaime,Rasmussen,Male,cvelasquez@example.com,Michaelstad,Wisconsin,Belarus,2023-08-10
C009122,Audrey,Miller,Male,chelsea38@example.org,East Jacqueline,New Hampshire,Zimbabwe,2026-01-08
C009123,Michael,Moss,Male,michael71@example.com,Amandamouth,Arkansas,Belarus,2024-06-16
C009124,Tracy,Ballard,Male,davisbeth@example.net,Port Elizabethborough,Kansas,Luxembourg,2021-11-13
C009125,Patrick,Jones,,lweaver@example.net,Lake Connor,Maine,Libyan Arab Jamahiriya,2023-12-22
C009126,Melanie,Young,Male,prestonpacheco@example.org,Lake Vincentchester,Delaware,Ireland,2025-02-04
C009127,Scott,Bennett,Male,davilavalerie@example.com,Port Tammymouth,Delaware,Monaco,2025-07-08
C009128,Brandon,Alexander,,toddkelley@example.com,Leonardfurt,Colorado,Tuvalu,2024-12-12
C009129,Brandon,Jackson,,kennethcoleman@example.com,Dannyhaven,Minnesota,Benin,2022-07-03
C009130,Patrick,Fisher,,chrishenry@example.com,North Colin,New Mexico,Solomon Islands,2022-07-23
C009131,Leslie,Cooper,,khall@example.org,Timothyshire,Utah,Vanuatu,2022-11-23
C009132,Brandon,Lee,,robertchavez@example.org,Garciaborough,New York,Indonesia,2021-11-27
C009133,Morgan,Morris,,connielewis@example.net,South Jaclynshire,New Jersey,Afghanistan,2022-02-25
C009134,Antonio,Miranda,,stephaniesmall@example.net,Amybury,New Mexico,Congo,2023-07-28
C009135,Adam,Payne,,obrienroger@example.org,Vanceside,Colorado,Reunion,2024-06-20
C009136,Haley,Zamora,Male,daniel67@example.com,Wareport,Oregon,North Macedonia,2023-03-27
C009137,Jason,Brady,Female,laura82@example.com,East Jared,New Hampshire,Italy,2024-12-18
C009138,Andrea,Robinson,Female,haleymedina@example.com,North Jennifer,Washington,United Kingdom,2025-09-23
C009139,Paul,Newton,Male,pricekristi@example.org,West Jenna,Hawaii,Philippines,2023-07-20
C009140,Roberto,Huang,Male,amitchell@example.com,Potterbury,West Virginia,Palau,2022-08-05
C009141,Ryan,Crosby,Male,andrea79@example.net,Garrettborough,Nevada,Nauru,2025-02-02
C009142,Shawn,Moss,Male,xfranco@example.org,East Michele,New York,Puerto Rico,2021-12-23
C009143,Stephanie,Hernandez,Female,nmckee@example.org,Boyerfurt,Idaho,Cocos (Keeling) Islands,2025-12-26
C009144,Bryan,Fuller,Female,gomezbrenda@example.net,Lake Lorifort,Mississippi,Singapore,2022-04-19
C009145,Jeffrey,Cameron,Female,crystalharvey@example.org,North Dustinview,Illinois,Zimbabwe,2026-04-23
C009146,Timothy,Sandoval,,jenniferbailey@example.org,East Kayla,Oregon,Bangladesh,2026-05-29
C009147,Nancy,Ponce,Female,laura02@example.com,North Troy,Illinois,Samoa,2022-12-29
C009148,Joseph,Hoover,Male,gordonjessica@example.com,Port Shelby,Montana,Zambia,2022-08-23
C009149,Jean,Davila,Female,pchristensen@example.net,Port Meghanburgh,Oklahoma,Guam,2025-12-09
C009150,Christina,Chan,,ibailey@example.com,Danieltown,Florida,Slovakia (Slovak Republic),2024-12-05
C009151,Keith,Bonilla,,michaelaescobar@example.net,Cuevaschester,Oregon,Djibouti,2024-07-06
C009152,Christy,Brown,Female,carlhernandez@example.com,Charlesmouth,Alabama,Montenegro,2026-06-28
C009153,David,Ray,Male,carlprice@example.com,Lake Steven,Arkansas,Marshall Islands,2023-05-10
C009154,Terrance,Donovan,,morenobrenda@example.com,West Troyberg,Connecticut,Niger,2023-09-03
C009155,Christina,Avery,Female,powerstammy@example.org,East Michaelhaven,Massachusetts,Maldives,2022-05-17
C009156,Nicole,Prince,Male,jmorrison@example.com,Suzannemouth,North Dakota,Faroe Islands,2022-06-19
C009157,Sandy,Mcconnell,,chendanielle@example.net,West Melissa,New Jersey,Greenland,2026-03-24
C009158,Gary,Contreras,Male,edwardsmichele@example.org,Clarkton,Delaware,Palestinian Territory,2025-10-20
C009159,Jennifer,Farrell,Male,acampbell@example.com,Port Sharon,Mississippi,Cayman Islands,2025-02-08
C009160,Jennifer,Wu,Male,ashleybrooks@example.com,Williamport,New Jersey,Antarctica (the territory South of 60 deg S),2024-06-09
C009161,Monique,Weaver,,brandonsilva@example.net,Wardshire,Minnesota,Serbia,2024-09-15
C009162,David,Schroeder,Male,lcarson@example.net,Port Jessica,Hawaii,Guyana,2023-01-09
C009163,Brandon,Walker,,andrew80@example.org,Raymondfurt,Washington,Serbia,2026-02-08
C009164,Diane,Wilson,Male,hopkinsjoshua@example.net,East Davidberg,Delaware,Turkey,2025-03-29
C009165,Tiffany,Pruitt,Female,iwashington@example.org,New Justinchester,Ohio,Ukraine,2022-10-30
C009166,Dustin,Rodriguez,Male,vweaver@example.org,Port Amyfurt,Minnesota,Hong Kong,2024-12-17
C009167,Courtney,White,Male,kylenoble@example.com,Samanthaview,Colorado,Romania,2025-08-08
C009168,Catherine,Clark,Male,krista54@example.org,South Donald,Delaware,Mexico,2025-11-04
C009169,Douglas,Parker,Male,samanthagomez@example.net,Danielland,New Jersey,Latvia,2021-11-23
C009170,Joshua,West,Female,ugould@example.com,South Gregory,Virginia,Saint Pierre and Miquelon,2022-02-01
C009171,Jillian,Atkinson,,wpearson@example.net,Gabriellehaven,Louisiana,Russian Federation,2026-01-10
C009172,Candace,Booth,Male,yroberts@example.net,Johnsonfort,Maryland,Albania,2024-05-24
C009173,Margaret,Henderson,Male,johnbautista@example.org,Larsonmouth,Delaware,Russian Federation,2025-03-10
C009174,James,Morrison,Male,gallowaytyler@example.net,Wintersside,Oklahoma,United Arab Emirates,2025-10-13
C009175,Peggy,Berger,Female,aorozco@example.org,New Christopher,Nevada,British Virgin Islands,2024-01-16
C009176,Kayla,Bonilla,Female,johnsonjennifer@example.net,Kevinland,Nevada,Mongolia,2022-07-02
C009177,Susan,Sandoval,Male,delacruzdennis@example.net,West Donaldville,Maine,Rwanda,2021-11-05
C009178,Alexandra,Garcia,Male,rebecca38@example.org,Davishaven,Delaware,Cyprus,2022-04-07
C009179,Dawn,Sims,Male,simpsonjulia@example.org,Michellebury,New Mexico,Gambia,2023-11-10
C009180,James,Powers,Male,victor60@example.com,Brianland,Mississippi,Angola,2022-08-04
C009181,John,Browning,,meredith33@example.net,Davidshire,Maryland,Mozambique,2026-06-25
C009182,Stacy,Lewis,,dho@example.com,Lindaland,Minnesota,Norfolk Island,2026-02-28
C009183,Anna,Beck,,fhall@example.com,Katherineport,New Hampshire,Jamaica,2022-04-20
C009184,George,Grant,Male,vsullivan@example.org,Davischester,Arkansas,Benin,2025-10-29
C009185,Carolyn,Lee,Female,byoung@example.org,West Alexandrialand,Alabama,Burundi,2022-08-30
C009186,Lori,Schmidt,Male,patelgary@example.com,Gomezmouth,Pennsylvania,American Samoa,2024-10-30
C009187,Nicole,Smith,Female,jennysmith@example.net,West Lisaland,Michigan,Morocco,2026-05-11
C009188,Nicholas,James,Male,claytonbrenda@example.org,New Larry,Illinois,Cocos (Keeling) Islands,2024-04-08
C009189,Lori,Martin,Male,tscott@example.net,West Robinside,Illinois,Montenegro,2026-06-04
C009190,Sarah,Krueger,Female,yandrews@example.net,New Justinside,Maryland,Oman,2026-02-12
C009191,Melissa,Thornton,,msherman@example.net,New Jamesberg,New Hampshire,Georgia,2022-08-11
C009192,Angel,Harris,Male,gouldmonica@example.org,New Johnton,Wyoming,French Guiana,2025-03-23
C009193,Carrie,Morton,Male,lori25@example.net,Josephport,Vermont,Guadeloupe,2025-09-11
C009194,Mark,Davis,Male,woodchristie@example.net,New Valeriestad,Kansas,Timor-Leste,2025-02-22
C009195,Jonathan,Ramsey,,kimberly90@example.org,Martinezview,Oregon,Guernsey,2026-07-07
C009196,Charles,Riley,Male,brewerwilliam@example.org,North Karenport,Louisiana,Palau,2025-04-22
C009197,Gina,Collins,,glenn25@example.com,West Brianna,West Virginia,Dominican Republic,2025-06-23
C009198,Kathy,Smith,Male,dianeowens@example.org,Katrinamouth,Michigan,Malta,2022-04-22
C009199,Marcus,Thomas,Male,obarton@example.net,Loveland,Idaho,Kyrgyz Republic,2025-03-05
C009200,David,Guzman,,ryanhoward@example.net,Victoriachester,Wyoming,Cote d'Ivoire,2023-02-24
C009201,Robert,Calderon,Female,lori61@example.com,North Chelsealand,Arizona,Cameroon,2022-04-07
C009202,Angelica,Mclean,Male,npope@example.org,South Joshuaside,Indiana,Lesotho,2024-11-29
C009203,Shawn,Reyes,Male,johnsonjacob@example.com,Fritzland,New Hampshire,Cyprus,2026-01-12
C009204,Richard,Nichols,Male,levinemegan@example.net,East Jason,Delaware,Ireland,2024-01-11
C009205,Brent,Boyer,,debbie77@example.org,Vernonhaven,Rhode Island,Venezuela,2025-06-28
C009206,Raymond,Quinn,Female,pmartin@example.com,New Jeffreyborough,Massachusetts,Colombia,2024-03-12
C009207,Ashley,Harrison,,gonzalescarolyn@example.org,Richardsonmouth,Rhode Island,Svalbard & Jan Mayen Islands,2023-09-29
C009208,Eric,Roman,Female,dylansmith@example.net,North Brian,Texas,Honduras,2022-01-01
C009209,Walter,Christensen,Female,keydavid@example.com,Sherriburgh,New York,Iran,2024-11-17
C009210,Alexander,Werner,Male,bill40@example.org,South Kennethhaven,Connecticut,South Georgia and the South Sandwich Islands,2023-10-25
C009211,Jessica,Hayes,,davidnelson@example.org,Andrewland,Georgia,Saint Barthelemy,2024-12-31
C009212,Crystal,Nelson,,jonathandavis@example.net,North Sharon,North Dakota,Mozambique,2023-12-15
C009213,Jeremy,Rodriguez,,dbailey@example.com,Kellychester,Washington,Denmark,2022-02-08
C009214,Laura,Murphy,Male,stephanie11@example.net,Jacksonborough,Connecticut,Kazakhstan,2024-11-26
C009215,Heather,Duffy,,pricemichael@example.com,Lake Claireport,Pennsylvania,Swaziland,2024-01-16
C009216,William,Lee,,janicemoore@example.org,Port Angela,Montana,Lebanon,2025-12-25
C009217,Stephanie,Thomas,Male,howard83@example.org,Davenportton,Virginia,France,2023-06-04
C009218,Jennifer,Kramer,Male,ywarner@example.com,East Kimberlyfort,Missouri,Cyprus,2022-07-15
C009219,Kevin,Bryan,,stephanie93@example.org,North Natasha,Rhode Island,Ireland,2023-05-26
C009220,Kimberly,Hansen,Male,donnastewart@example.com,North Reneeton,Ohio,Indonesia,2023-11-19
C009221,Heather,Young,,thowell@example.net,Jessicahaven,Wisconsin,Sierra Leone,2024-03-19
C009222,Lawrence,Mccullough,Male,david91@example.net,North Richardshire,Washington,British Virgin Islands,2022-02-18
C009223,Erin,Burch,,brandonbean@example.net,Lake Anthony,Montana,China,2024-07-17
C009224,April,Paul,Male,ihill@example.net,North Megan,New Jersey,Guinea,2025-01-02
C009225,Michael,Glover,Female,donna59@example.org,North John,New Jersey,Andorra,2022-11-11
C009226,Cynthia,White,Male,goodmanmark@example.com,Lake Carolinemouth,North Dakota,Kenya,2022-03-22
C009227,Eric,Lewis,,robertsbrandon@example.org,Farrellstad,Colorado,Belarus,2025-02-03
C009228,Devin,Johnson,Male,jay15@example.net,Davidsontown,Illinois,Western Sahara,2025-05-25
C009229,Natalie,Carpenter,,brownrichard@example.com,Ryanfort,Oklahoma,Trinidad and Tobago,2024-09-09
C009230,Troy,Carter,Male,alexander03@example.com,South Robert,Missouri,Cuba,2024-06-18
C009231,Sheila,Hooper,Male,john06@example.net,Shannonton,North Dakota,Poland,2023-01-10
C009232,Alex,Stewart,,dmercer@example.org,Collinsmouth,South Carolina,Brazil,2022-06-10
C009233,Dominique,Pope,,smithsandra@example.com,South Jenniferside,Wyoming,Luxembourg,2023-03-05
C009234,Julie,Baker,Female,edwardwilliams@example.net,Jonathanville,Missouri,Monaco,2025-01-16
C009235,Ronald,Brooks,Female,phenson@example.com,Kennedyshire,California,Sao Tome and Principe,2023-03-05
C009236,Joshua,Woods,,lorettawade@example.com,Lake Shannon,West Virginia,Senegal,2023-08-09
C009237,Carla,Hoffman,,vhaley@example.org,Port Joseph,Idaho,Bouvet Island (Bouvetoya),2023-09-27
C009238,Crystal,Johnson,Male,collinkelley@example.net,East Thomas,Idaho,Dominican Republic,2026-01-31
C009239,Jenna,Cook,Female,perezangela@example.com,Noblemouth,Texas,Venezuela,2023-09-27
C009240,Krista,Fowler,,renee70@example.com,New Ronaldborough,Pennsylvania,Syrian Arab Republic,2023-10-28
C009241,Joshua,Burns,Male,emilymaddox@example.org,Jacobsonmouth,California,Dominica,2024-10-03
C009242,Blake,Bass,Male,orozcodouglas@example.com,Port Kendramouth,Idaho,Suriname,2022-08-30
C009243,Tara,James,Female,hholden@example.com,West Stefanieburgh,Alaska,Isle of Man,2026-04-17
C009244,Jennifer,Jackson,Female,laurahawkins@example.net,Lake Jessicafurt,Nevada,Spain,2024-04-03
C009245,Anthony,Hamilton,Female,margaret86@example.org,Port Christina,Indiana,Canada,2022-04-27
C009246,Kevin,Chan,Male,sarahgilmore@example.net,New Kimberlybury,Kentucky,Philippines,2025-07-05
C009247,Blake,Rose,,laura98@example.com,East Austinbury,Kentucky,Saudi Arabia,2024-07-26
C009248,Kelly,Sanchez,Male,bradleyburgess@example.net,North Cynthia,Delaware,Azerbaijan,2026-01-14
C009249,Ian,Jones,Female,eringardner@example.org,Morrisonborough,Nevada,Finland,2024-06-28
C009250,Jeremy,Molina,Male,dchristian@example.net,East Bruce,Hawaii,Guam,2023-12-27
C009251,Patricia,Miller,Female,newmanrobert@example.net,Port Melinda,Colorado,Brunei Darussalam,2023-07-22
C009252,Kristin,Shields,Male,richardparker@example.net,Masonview,North Carolina,Haiti,2023-07-19
C009253,Tammy,Hansen,Female,brandy17@example.com,South Ryanmouth,Minnesota,Eritrea,2022-06-07
C009254,Katie,Wilson,Male,amylawson@example.org,Robertville,Colorado,Myanmar,2022-03-08
C009255,Kristine,Harris,,sellersjay@example.com,Port Diane,Iowa,British Indian Ocean Territory (Chagos Archipelago),2023-03-15
C009256,Austin,Garcia,Male,courtney32@example.org,Port Mckenzieburgh,Arkansas,Belgium,2023-01-27
C009257,Allison,Miranda,Female,kelly62@example.com,Maddenview,Alaska,British Indian Ocean Territory (Chagos Archipelago),2025-01-10
C009258,Curtis,Walters,Female,heather56@example.org,West Michelle,Mississippi,Swaziland,2022-12-08
C009259,Ann,Peterson,,bradleymartinez@example.net,Curtisview,South Carolina,Mauritania,2024-11-27
C009260,Molly,Perry,Female,ryan47@example.net,South Micheleberg,Mississippi,Saint Barthelemy,2025-06-18
C009261,Kelly,Burke,,weberwilliam@example.com,West Edward,California,Saint Vincent and the Grenadines,2021-09-05
C009262,Tiffany,Anderson,,robertchandler@example.com,Warebury,Vermont,Honduras,2022-11-24
C009263,Sarah,Baker,Male,rachel92@example.com,North Kyle,West Virginia,Mauritania,2021-12-19
C009264,Ryan,Cook,Male,alvaradojacob@example.org,West Bryceberg,New Jersey,Lebanon,2023-02-10
C009265,Kevin,Campbell,Female,frankboone@example.net,New Danielville,Pennsylvania,Burkina Faso,2025-01-02
C009266,Michael,Johnson,Female,chapmandaniel@example.net,Reedchester,Virginia,Malawi,2023-03-03
C009267,Lisa,Oconnor,Male,kirkhensley@example.net,Martinezfort,New Hampshire,Norway,2023-07-21
C009268,Hunter,Brown,Female,simsshannon@example.net,Jameschester,Ohio,Comoros,2025-05-08
C009269,Kimberly,Price,Female,sarah22@example.org,Davidsonshire,Indiana,Saint Helena,2026-04-06
C009270,Thomas,Green,Female,julie09@example.net,Thompsonchester,West Virginia,United States of America,2023-02-23
C009271,Stephanie,Daniels,,zmcdonald@example.net,East Joseside,South Dakota,Syrian Arab Republic,2022-05-10
C009272,Kevin,Johnson,,taylorchristian@example.com,North Matthewmouth,North Carolina,Ukraine,2024-02-26
C009273,Jennifer,Craig,Female,benjamin74@example.net,New Tamaraport,Alabama,Mauritius,2024-01-03
C009274,Brian,Henry,,xlove@example.net,New Annaside,Idaho,Guernsey,2021-11-03
C009275,Richard,Townsend,Female,zcampbell@example.com,South William,Indiana,Qatar,2025-11-13
C009276,Katherine,Rosales,Male,melissa17@example.com,Michaelshire,Indiana,Portugal,2022-10-25
C009277,Vincent,Schmitt,,jerry74@example.org,Dawnberg,North Dakota,Botswana,2022-06-11
C009278,Robert,Murray,Female,hparker@example.com,Leeberg,Wisconsin,San Marino,2024-08-12
C009279,Kimberly,Thomas,Female,tracy49@example.org,South Tamara,Nevada,Congo,2021-11-25
C009280,Aaron,Moore,Female,jason54@example.org,Patriciastad,Minnesota,Nigeria,2022-04-29
C009281,Jeanne,Matthews,Male,robert46@example.net,East Kristen,New York,Saint Pierre and Miquelon,2022-02-13
C009282,Renee,Brown,Male,wrightangela@example.org,Jenkinsside,Colorado,Madagascar,2023-01-15
C009283,Rebecca,Vasquez,Female,williamszachary@example.com,Maryton,Vermont,Paraguay,2025-10-20
C009284,Steven,Lopez,,amanda79@example.org,New Tina,Kansas,Sierra Leone,2024-10-30
C009285,Joanna,Roberson,Female,chernandez@example.net,Lopezfurt,New York,Tajikistan,2026-03-30
C009286,Bethany,Jones,Male,littlerandy@example.com,New Elizabethside,Kansas,Poland,2022-01-10
C009287,Scott,Hill,Male,douglasdanielle@example.org,Port Audrey,Nebraska,Anguilla,2024-02-02
C009288,Harold,Butler,,eweaver@example.org,North Jenniferton,Oklahoma,Belgium,2026-05-03
C009289,Paul,Santos,Female,bjohnson@example.com,Port Kevin,Utah,Montserrat,2025-12-15
C009290,Angela,Ward,,harveyjared@example.org,West Meredithchester,Hawaii,Paraguay,2023-03-30
C009291,Brian,Wilson,Male,garybarron@example.net,Marcusborough,Florida,Solomon Islands,2023-12-06
C009292,Megan,Neal,Female,cbrown@example.org,Kristyhaven,Wyoming,Burkina Faso,2022-06-15
C009293,Jason,Williams,Female,greenebrian@example.net,Port Feliciaville,Utah,Algeria,2022-02-26
C009294,Victoria,Franklin,,christina98@example.com,Brownborough,New Jersey,Cayman Islands,2022-03-06
C009295,Dawn,Le,,stonedonald@example.net,Donnaport,Nebraska,American Samoa,2023-07-08
C009296,Melody,Sellers,,nicolemcintyre@example.com,Matthewland,Mississippi,Holy See (Vatican City State),2021-11-06
C009297,Denise,Jackson,Male,yrodriguez@example.net,Joneshaven,Louisiana,New Caledonia,2023-02-27
C009298,Jason,Nelson,Male,walkerryan@example.org,Carrilloside,North Carolina,United Arab Emirates,2022-07-26
C009299,Danielle,Gonzalez,Male,xwade@example.org,Josephfurt,California,Heard Island and McDonald Islands,2023-06-05
C009300,Courtney,Lewis,Female,jacksonvictor@example.org,Johnville,Minnesota,Cayman Islands,2024-03-22
C009301,Ashley,Coleman,Female,thomas46@example.org,South Marvin,Michigan,Antarctica (the territory South of 60 deg S),2025-07-03
C009302,James,Pineda,,nortonchelsea@example.com,East Jamesland,New York,Jamaica,2023-05-15
C009303,David,Robles,,lindseystephen@example.net,Martinberg,Colorado,Cambodia,2025-10-28
C009304,Taylor,Hill,Male,christian42@example.com,Robbinsshire,Alaska,Pitcairn Islands,2022-10-31
C009305,Daniel,Booker,,thompsonheather@example.com,South Justinfurt,Washington,New Zealand,2025-12-15
C009306,Haley,Alvarez,Male,ssmith@example.com,Willisfurt,Colorado,United States of America,2025-03-10
C009307,Kelly,Anderson,Male,hannah14@example.org,New Julia,New Jersey,Sri Lanka,2026-07-22
C009308,Oscar,Ramos,Female,olivercatherine@example.com,Contreraston,Colorado,Costa Rica,2022-07-20
C009309,Michael,Brown,Male,zgordon@example.com,East Kimberly,Minnesota,Nicaragua,2021-12-01
C009310,Jennifer,Sullivan,Female,fstrong@example.org,Davidfort,Iowa,Australia,2023-12-17
C009311,Luis,Nelson,Male,yharper@example.net,West Kevin,Texas,Cook Islands,2023-07-03
C009312,Christopher,Booth,,christopher81@example.org,West Jenniferville,Missouri,Tokelau,2022-09-30
C009313,Charles,Cook,Female,david34@example.org,Port Bailey,Vermont,Italy,2022-12-07
C009314,Amber,Jackson,Male,bcook@example.org,Adamview,Colorado,Saint Barthelemy,2023-05-17
C009315,Steven,Thompson,Male,robin28@example.com,Kaitlynberg,Oregon,Saint Pierre and Miquelon,2026-06-04
C009316,John,Smith,Female,susan20@example.com,North Johnview,Georgia,British Virgin Islands,2026-03-03
C009317,Patrick,Walker,,hallchris@example.net,Christineton,South Dakota,Dominican Republic,2025-05-20
C009318,Justin,Bell,Female,pittsjasmine@example.com,Lake Michael,Nevada,Kyrgyz Republic,2023-04-14
C009319,Brandon,Moses,Female,renee16@example.com,Angelaborough,Utah,Ethiopia,2025-04-09
C009320,Derek,Flynn,,jenniferwright@example.net,Port Sarah,Minnesota,American Samoa,2025-04-14
C009321,Heidi,Grimes,,robert67@example.org,Matthewfort,North Carolina,Norfolk Island,2024-06-16
C009322,Jeremy,Combs,,gbryant@example.com,West Kimberlychester,Virginia,Burkina Faso,2023-07-19
C009323,David,Jackson,Female,patricia39@example.net,Port Cameron,Minnesota,Algeria,2026-04-27
C009324,Taylor,Soto,,klewis@example.org,Ianburgh,North Dakota,Guernsey,2026-06-25
C009325,Stephen,West,Female,rhunt@example.com,Taylorland,Virginia,Colombia,2021-11-18
C009326,Deanna,Brown,Female,aaron16@example.org,Nicholeberg,New Jersey,Saudi Arabia,2022-01-25
C009327,Nathan,Gonzalez,Female,armstrongrobin@example.com,Jenkinston,Georgia,San Marino,2025-03-27
C009328,Jenna,Ruiz,,thomasdavid@example.net,Colemouth,New Mexico,Guinea-Bissau,2026-05-06
C009329,Paul,Brooks,,martinezchristopher@example.org,Lake Jacob,Ohio,Palestinian Territory,2022-09-15
C009330,Yolanda,Thompson,Female,matthewarnold@example.com,Port Kathleen,Ohio,Panama,2021-11-26
C009331,Brittney,Mendez,Female,andrew58@example.org,Cassandrafort,Kansas,Haiti,2025-09-11
C009332,Angelica,Monroe,,janetbowman@example.net,South Timothyberg,Pennsylvania,Norway,2025-12-30
C009333,Haley,Perez,Female,benjamin53@example.com,Whitemouth,New Hampshire,South Georgia and the South Sandwich Islands,2023-01-01
C009334,Drew,Myers,Male,leah80@example.com,Nicoleton,Tennessee,Pitcairn Islands,2026-03-13
C009335,Jonathan,Mckinney,Female,burnettkristin@example.net,Stewartmouth,Nebraska,American Samoa,2026-05-28
C009336,Charles,Smith,Male,edward81@example.net,Paulmouth,Rhode Island,Gambia,2021-08-05
C009337,Priscilla,Gross,Male,rwilkinson@example.net,Port Rachel,New Mexico,Sri Lanka,2021-09-06
C009338,Barbara,Garcia,Female,mitchellwatkins@example.com,Port Leon,Nevada,Croatia,2024-12-10
C009339,Troy,Wilson,Female,fvasquez@example.net,Aprilbury,Connecticut,Grenada,2023-11-13
C009340,William,Summers,Female,jessica26@example.org,Collinston,Arizona,Czech Republic,2025-07-08
C009341,Chloe,Williams,Male,jordan79@example.com,Maddenland,Maryland,Suriname,2024-01-10
C009342,Crystal,Fernandez,,hopkinsmelanie@example.net,East Johntown,Minnesota,Chad,2021-12-15
C009343,Anna,Bentley,Male,sarahhernandez@example.org,Fowlerfort,New Hampshire,Saint Martin,2022-12-31
C009344,Willie,Martinez,Male,nicholasharmon@example.org,Oneillside,Alaska,Palestinian Territory,2024-12-31
C009345,Shawn,Stanley,Male,cclark@example.net,Morganside,South Dakota,Aruba,2023-07-18
C009346,Tammy,Bass,,kristinking@example.net,New Robertside,Maryland,Saint Barthelemy,2022-05-01
C009347,Ruth,Allen,Male,weissgeorge@example.com,Lewiston,South Carolina,Latvia,2023-05-10
C009348,Susan,Harper,Male,zwatkins@example.org,Lake Richardland,New Hampshire,Denmark,2022-08-04
C009349,Sally,Davis,Female,jeffreymayer@example.com,East Ryan,Oklahoma,Mali,2025-07-03
C009350,Jamie,Thomas,,elizabethrhodes@example.net,Lake Donald,Louisiana,Eritrea,2025-12-10
C009351,Antonio,Wilkins,Male,melissatorres@example.com,Amandaside,South Carolina,Pakistan,2023-09-06
C009352,Jeremiah,Valencia,Male,ashleythomas@example.net,Martinezborough,West Virginia,Eritrea,2025-12-01
C009353,Angela,Cobb,Female,kimberly84@example.com,Port Jason,Utah,Chad,2026-07-21
C009354,Sara,Harmon,,robertwebb@example.org,South Ashley,Kentucky,Zambia,2025-02-27
C009355,Nicholas,Murphy,,terry51@example.com,Jonathanmouth,Texas,Egypt,2021-12-10
C009356,Sheena,Beard,Female,kelliporter@example.net,South Manuelbury,Idaho,Antarctica (the territory South of 60 deg S),2021-09-09
C009357,Shawn,English,Male,douglas09@example.net,Port Joshuashire,Wyoming,Australia,2024-05-05
C009358,Michael,Wolf,Female,laurietaylor@example.org,East Julie,New Jersey,Belgium,2023-10-07
C009359,Kevin,Hernandez,,davidquinn@example.com,South Ashley,Missouri,Argentina,2021-10-27
C009360,Renee,Lee,,coxmariah@example.com,Lake Brian,Illinois,Marshall Islands,2025-05-28
C009361,Rachel,Malone,Male,matthewsdennis@example.net,North Aaronmouth,Pennsylvania,United Arab Emirates,2025-10-14
C009362,Ryan,Douglas,Male,dnichols@example.com,West Morgan,Oregon,Benin,2024-02-07
C009363,Heidi,Clark,,loripham@example.org,Snyderton,Kansas,Cameroon,2024-06-07
C009364,Christopher,Chase,,cestrada@example.net,Bellstad,New York,Kyrgyz Republic,2021-07-28
C009365,Alicia,Allen,Female,codychen@example.org,Lake John,New Hampshire,Ecuador,2024-12-04
C009366,Carl,Barber,Female,jkline@example.com,South Nicolefurt,Wyoming,Comoros,2025-10-29
C009367,Darius,Brown,Male,qshaw@example.com,Mariaport,Texas,Singapore,2022-12-19
C009368,Suzanne,Alvarado,Female,robertagarrett@example.net,South Lynn,Nevada,Uganda,2023-02-04
C009369,Robin,Spencer,,castrotyler@example.org,Lindafurt,Mississippi,Spain,2026-06-23
C009370,Ronald,Perez,Female,jose09@example.org,North Nancy,Wyoming,Denmark,2026-01-03
C009371,Jane,Marquez,Female,masonbeverly@example.net,North Megan,Washington,Aruba,2023-10-20
C009372,Keith,Phillips,,ghull@example.com,Smithview,Massachusetts,Martinique,2026-04-07
C009373,Mitchell,Reid,Female,jonathanking@example.com,East Richardshire,Wisconsin,Tokelau,2026-05-21
C009374,Adrian,Rose,,christophermaynard@example.org,Thomasside,Maine,Uganda,2023-12-16
C009375,Savannah,Wolf,Female,ashley88@example.com,Jessicaview,Wyoming,Kyrgyz Republic,2022-11-23
C009376,Barbara,Graham,,prodriguez@example.org,New Barbaraside,Washington,Eritrea,2022-02-28
C009377,Victoria,Ward,,barberwillie@example.org,Garyland,California,Aruba,2025-06-28
C009378,Nathaniel,Schmidt,Male,michellelarsen@example.com,West Anna,Nebraska,Tuvalu,2024-11-26
C009379,Michael,Myers,Male,afreeman@example.net,Gabrielashire,Iowa,Mauritius,2021-08-21
C009380,Erica,White,Female,hsmith@example.net,West Sydney,Maryland,Bahamas,2024-08-22
C009381,Maria,Martin,Male,chad50@example.org,New Anthonystad,Maine,Cocos (Keeling) Islands,2022-11-01
C009382,Daniel,Ellis,Female,bakerdaniel@example.net,Huntershire,New Mexico,Central African Republic,2024-02-18
C009383,Austin,Brown,Female,afrost@example.org,South Jason,Nevada,Dominican Republic,2022-10-29
C009384,Joshua,Simmons,Female,ashleywilliams@example.org,Amberville,Texas,Belize,2022-05-10
C009385,Autumn,Allison,Female,adrian72@example.org,Danielmouth,Ohio,Heard Island and McDonald Islands,2022-09-17
C009386,Melissa,Johns,Female,justin19@example.com,Rickyside,Wisconsin,United States of America,2024-04-13
C009387,Christopher,Camacho,Female,smithlori@example.org,New Tanyaside,Rhode Island,Papua New Guinea,2024-05-23
C009388,Nicole,Ortiz,Male,njohnson@example.net,Caseyland,Nevada,Cape Verde,2022-04-10
C009389,Whitney,Ray,Male,zlindsey@example.org,New Sabrina,Texas,Niue,2024-04-25
C009390,Joseph,Smith,Male,andersonjenna@example.org,Teresaburgh,Mississippi,French Polynesia,2023-02-21
C009391,Rodney,Rice,,mwheeler@example.org,Martinhaven,Virginia,Anguilla,2022-06-16
C009392,Erin,Gibson,,johnnynorman@example.net,Richardsonberg,Wyoming,Cape Verde,2026-02-02
C009393,Matthew,Wells,Female,kevinmiller@example.org,Woodsport,Virginia,Malta,2024-11-15
C009394,Curtis,Blackburn,,bateslawrence@example.com,North Jessica,North Carolina,Norway,2026-04-12
C009395,Rebecca,Kelley,Male,laura05@example.com,New Peterhaven,Florida,Holy See (Vatican City State),2022-12-22
C009396,Randall,Bell,Female,arichardson@example.com,Paulfurt,South Carolina,Chile,2022-03-21
C009397,Rachel,Hood,Female,anthonycharles@example.org,East Ronniemouth,New Mexico,Paraguay,2024-08-18
C009398,Cheryl,Martin,Male,andersontyler@example.org,Jamesborough,Wyoming,Wallis and Futuna,2025-01-17
C009399,Douglas,Johnson,Female,onielsen@example.net,Joshuamouth,Georgia,Suriname,2024-05-11
C009400,Paul,Wilson,,zwells@example.com,South David,Oregon,Mongolia,2025-11-01
C009401,Justin,Arnold,Female,millerthomas@example.net,Ryanburgh,West Virginia,British Virgin Islands,2025-01-27
C009402,Chad,Coleman,Female,denise18@example.net,West Anthonyhaven,Illinois,Uzbekistan,2024-04-06
C009403,Yvonne,Hill,Male,collinhicks@example.net,Paulaville,New Mexico,Montenegro,2023-04-25
C009404,Nathan,Davis,,piercejeffrey@example.net,South Raymondshire,South Carolina,Congo,2024-11-24
C009405,Tasha,Mejia,,dylanreid@example.org,Michaelborough,Oregon,Suriname,2021-12-24
C009406,Sara,Montoya,Female,zhall@example.com,West Malikport,Nebraska,Uganda,2021-08-27
C009407,Elizabeth,Everett,,pbaker@example.net,East Jacquelinefort,Oregon,Svalbard & Jan Mayen Islands,2021-12-03
C009408,Cathy,Turner,,bjohnson@example.com,Robinview,Oklahoma,Somalia,2025-07-03
C009409,David,Nguyen,,gina97@example.net,Anneshire,Illinois,Holy See (Vatican City State),2022-07-22
C009410,Kyle,Oneill,,thompsondanielle@example.net,Markburgh,Idaho,Barbados,2025-01-18
C009411,Raymond,May,,lisaleblanc@example.com,North Rodneymouth,South Dakota,Tonga,2024-07-29
C009412,Amber,Hall,Female,robinsonbrian@example.org,Lake James,Georgia,Denmark,2024-12-09
C009413,Brittany,Blair,Female,gkeller@example.org,Clementsport,Missouri,French Guiana,2025-04-30
C009414,Jason,Buchanan,,alexhess@example.org,North Josephside,Montana,Gibraltar,2024-01-17
C009415,Harold,Reilly,Male,stephen77@example.com,Adamville,North Carolina,Belarus,2024-12-12
C009416,Gregory,Peterson,,danielskatherine@example.org,East Kelly,Pennsylvania,Lao People's Democratic Republic,2025-06-25
C009417,Travis,Bell,Male,mark70@example.com,New Christopherchester,California,Liberia,2021-10-09
C009418,Veronica,Patel,Female,susan60@example.net,Tammiestad,Montana,Libyan Arab Jamahiriya,2023-05-23
C009419,Andrew,Lucas,Female,patricia30@example.org,East Carly,Michigan,Turks and Caicos Islands,2024-06-06
C009420,Steven,Rogers,Female,jonesanita@example.org,West Danny,Virginia,Bulgaria,2025-05-12
C009421,Roberto,Smith,,kellysalazar@example.net,Lake Johnland,Rhode Island,Armenia,2025-03-04
C009422,Michael,Garcia,Female,thomassarah@example.org,South Janice,Nebraska,Lao People's Democratic Republic,2022-04-02
C009423,Ryan,Valdez,,lharrison@example.org,Wintersside,Kansas,Norfolk Island,2022-03-17
C009424,Rhonda,Robinson,,gstokes@example.com,South Jeffreyhaven,New Jersey,Wallis and Futuna,2025-01-08
C009425,Anne,Black,Female,williamowens@example.org,East Samuel,New Mexico,Saint Helena,2026-07-04
C009426,Leah,Cole,Female,brianjohnson@example.org,Braunville,New Mexico,United Arab Emirates,2024-05-19
C009427,April,Smith,Female,sean32@example.com,Henryhaven,Georgia,Sierra Leone,2021-08-13
C009428,Michael,Oliver,Male,llynn@example.net,West Williamshire,Oklahoma,Niue,2023-11-30
C009429,Cynthia,Schroeder,Male,ibarracarol@example.org,Karaside,Indiana,Taiwan,2026-06-04
C009430,Michael,Green,,joshua77@example.com,North Alexis,Idaho,South Africa,2022-01-30
C009431,Dakota,Costa,Male,kristinpayne@example.org,North Susan,South Carolina,Seychelles,2023-08-20
C009432,Laura,Fuentes,Male,bartonbrittany@example.org,Williamsshire,Delaware,Solomon Islands,2022-03-30
C009433,Angela,Kim,Female,john53@example.org,South Anthony,Oklahoma,Jersey,2025-09-11
C009434,William,Mcdonald,Female,jennifercooke@example.com,Jordanshire,Mississippi,United States Minor Outlying Islands,2022-03-11
C009435,Kevin,Good,,obenson@example.net,Port Christiemouth,Rhode Island,Turkmenistan,2024-01-11
C009436,Theresa,Miller,,randy89@example.com,South Michael,Arizona,Kuwait,2021-08-30
C009437,Adam,Padilla,Male,aprilchapman@example.com,Carolynberg,South Dakota,Comoros,2025-03-20
C009438,John,Cooper,,probinson@example.org,Port Kevin,New Hampshire,Panama,2025-07-29
C009439,Jennifer,Schmitt,Female,shelbytate@example.net,Lake Theresamouth,Rhode Island,Tokelau,2026-03-30
C009440,Keith,Lopez,Female,valdezkimberly@example.com,Wilkinsside,Utah,Svalbard & Jan Mayen Islands,2026-04-20
C009441,Stephanie,Keith,Male,hoffmandavid@example.net,New Lisatown,New Jersey,Mongolia,2021-10-01
C009442,Brandon,Ramos,Female,april10@example.org,Sheltonmouth,Connecticut,Jordan,2025-11-06
C009443,Patrick,Sandoval,Female,kellyanderson@example.com,East Michaelland,California,Austria,2022-01-09
C009444,Juan,Arellano,Female,gary38@example.net,New Shari,Nebraska,Greenland,2023-10-12
C009445,David,Morales,Female,chrissmith@example.com,West Zacharymouth,Maine,India,2024-07-17
C009446,Connor,Smith,Female,brittany12@example.org,Jenkinsfort,Florida,Luxembourg,2025-02-27
C009447,Mark,Buchanan,Male,sreed@example.org,West Josephside,Indiana,Kuwait,2025-08-05
C009448,Michelle,Ross,,colemankevin@example.com,Briantown,Wyoming,Northern Mariana Islands,2025-01-06
C009449,Joseph,Miles,Male,jacobfitzgerald@example.net,North Martin,Utah,Burundi,2023-08-12
C009450,Michele,Morales,Male,kyle16@example.org,North James,Missouri,Mauritania,2024-10-07
C009451,Jerry,Wyatt,Male,johnathan71@example.net,Rowlandton,Kentucky,Malta,2021-09-20
C009452,Taylor,Mccullough,,markmason@example.com,Josephville,Florida,Georgia,2023-08-05
C009453,Emily,Harrington,Female,iwilliams@example.org,Andersontown,North Dakota,Montenegro,2022-06-02
C009454,Anthony,Wilson,,lopezmichael@example.net,North Ginabury,Wyoming,Montenegro,2021-11-04
C009455,Martha,Andrews,Male,espinozageorge@example.net,Pamelaburgh,North Carolina,Japan,2025-05-17
C009456,Kevin,Fleming,,jonathan94@example.com,Guerrerochester,Tennessee,Benin,2026-01-11
C009457,Kenneth,Rivera,Male,todd34@example.com,New Seanland,Georgia,Equatorial Guinea,2021-12-07
C009458,Maureen,Conner,Female,gregory45@example.org,North John,Colorado,Tanzania,2024-09-08
C009459,Gavin,Mcknight,Male,zoe24@example.com,West Garyfurt,Kansas,Russian Federation,2023-07-01
C009460,Shelia,Warren,Female,jjohnson@example.net,West Michaelside,Illinois,Sudan,2026-06-21
C009461,Stephanie,Serrano,Male,loriford@example.net,Phyllisborough,Montana,Mauritius,2025-07-03
C009462,Edward,Martin,Male,ymills@example.org,Rollinsfort,Arizona,Cyprus,2025-06-29
C009463,Steven,Newman,,lewismichael@example.net,Christinefort,Nebraska,Guinea-Bissau,2024-07-20
C009464,Sarah,Kelly,Female,brownmichael@example.net,Dawnfort,Alabama,French Polynesia,2026-06-19
C009465,Thomas,Brown,Male,jennifersmith@example.org,Cesarville,Maine,Venezuela,2023-03-27
C009466,Amanda,Harvey,Female,ijohnson@example.org,Port Richardside,Arizona,Maldives,2026-05-29
C009467,Richard,Hayden,,kboyle@example.net,East Janiceville,Iowa,Armenia,2023-11-06
C009468,Julie,Larson,Female,chadsanders@example.org,Patrickside,New Mexico,Denmark,2023-03-24
C009469,Devin,Elliott,,knightblake@example.com,Bergport,North Carolina,Fiji,2021-12-25
C009470,Brenda,Mitchell,,bcook@example.org,New Samantha,New Hampshire,Namibia,2022-09-13
C009471,Jason,Perez,Female,ggilbert@example.net,South Danielfort,Georgia,Niue,2023-08-13
C009472,Nicholas,Raymond,Female,katelyndavis@example.org,North Brian,South Carolina,French Polynesia,2022-08-05
C009473,Chloe,Christian,Male,dtaylor@example.com,Nelsonhaven,New York,Maldives,2025-08-10
C009474,Stephen,Good,,zhall@example.net,Carneystad,Vermont,Micronesia,2026-03-19
C009475,Henry,Holt,Female,lorettajohnson@example.com,South Spencer,South Dakota,Taiwan,2024-02-10
C009476,Hunter,Gonzalez,,hernandezamanda@example.com,Taylorville,Washington,Belgium,2023-06-12
C009477,Natasha,Massey,Male,brian26@example.com,Moodyshire,Oregon,Solomon Islands,2021-11-28
C009478,Ashley,Harrington,Female,vanessa69@example.com,Dickersonland,Idaho,Gibraltar,2023-07-27
C009479,Shane,Lucas,Female,fanderson@example.com,West Megan,Nevada,Guam,2024-08-24
C009480,Ashley,Chambers,,ghernandez@example.org,Carrieberg,West Virginia,Estonia,2024-06-17
C009481,Noah,Garcia,Female,graveslori@example.com,Boydhaven,Florida,Czech Republic,2024-08-12
C009482,Regina,Gomez,Female,levans@example.org,New Gerald,Missouri,Kenya,2024-09-05
C009483,Katherine,Wright,,tyrone59@example.net,Austinbury,Oregon,Tanzania,2024-04-30
C009484,Rebecca,Patterson,Male,michael10@example.com,North Ryanside,Oregon,France,2025-09-07
C009485,Joseph,Hogan,Female,darren02@example.com,South Heather,Wyoming,Jamaica,2022-01-20
C009486,Dawn,Higgins,Male,franciscopatton@example.org,Lake Elizabeth,Nebraska,Romania,2022-05-16
C009487,Michelle,Lester,,anthonynguyen@example.net,Lake Jessicafurt,Maryland,Kyrgyz Republic,2023-07-05
C009488,Sara,Rubio,,morganhuynh@example.com,Kennethport,Montana,Jamaica,2022-07-11
C009489,Amber,Mason,Male,chamberschristopher@example.org,West Dustinborough,Kansas,Estonia,2025-07-29
C009490,Elizabeth,Sanchez,Female,xleon@example.org,Lake Vanessa,South Carolina,Afghanistan,2022-09-27
C009491,Joseph,Wright,Female,jerrybauer@example.org,Karenmouth,New Mexico,Liberia,2026-06-30
C009492,Jason,Herman,,timothyferguson@example.org,New Mary,Ohio,Guernsey,2026-04-08
C009493,Rachel,Campbell,,ucollier@example.org,North Clintonburgh,Alabama,Mexico,2022-02-02
C009494,Mario,Hernandez,Female,andrew19@example.net,Palmerchester,Ohio,Zambia,2023-12-15
C009495,Scott,Cook,Male,barnesnancy@example.org,Sarahborough,Virginia,North Macedonia,2023-11-21
C009496,Michael,Hodges,,adam14@example.org,Deborahberg,Michigan,Estonia,2022-09-03
C009497,Phillip,Diaz,Female,hobbscheryl@example.com,South Brittany,Kansas,Vietnam,2023-06-20
C009498,Melissa,Pope,Female,wfranco@example.com,North Kathryn,Iowa,Christmas Island,2024-01-13
C009499,Alice,King,Female,edwardbryant@example.net,Lake Scottton,Oklahoma,Sudan,2023-08-17
C009500,Kelly,Novak,Male,npowell@example.com,Garcialand,New York,Solomon Islands,2022-10-12
C009501,Richard,Robbins,Female,rebekah63@example.org,Leslieborough,Alaska,French Southern Territories,2021-12-14
C009502,Abigail,Davis,,olsenrhonda@example.net,Fordhaven,Arkansas,New Zealand,2024-10-16
C009503,Penny,Williams,Male,lauren83@example.com,North Erikashire,Arizona,Romania,2025-11-04
C009504,Joel,Baker,,edillon@example.com,New Jose,Michigan,Saint Pierre and Miquelon,2026-07-26
C009505,Tyler,Bailey,Male,robinsonnatalie@example.net,Port Emily,Maine,France,2023-01-26
C009506,Evan,Cooley,Female,linda54@example.com,Port Robert,Wisconsin,United States Virgin Islands,2026-01-31
C009507,Tamara,Harding,Female,astewart@example.org,Clayton,Rhode Island,Georgia,2022-12-28
C009508,Joe,Hernandez,Male,morristeresa@example.net,Ravenville,Maryland,Botswana,2021-08-14
C009509,Thomas,Simon,Female,tammy32@example.org,North Courtney,Wyoming,Andorra,2025-03-15
C009510,Philip,Murphy,,elijahdavis@example.org,North Justin,Hawaii,Gambia,2023-02-09
C009511,Chad,Berry,Female,lrodriguez@example.org,East Debra,Virginia,Czech Republic,2024-08-22
C009512,David,Conner,Male,miguelsherman@example.org,Doughertyshire,Wyoming,Chad,2025-10-11
C009513,Laura,Barnes,,danny07@example.com,New Claire,Washington,Panama,2025-09-18
C009514,Dawn,Strickland,,richardolsen@example.com,Lake Jeffreyburgh,Virginia,Congo,2022-07-29
C009515,Christopher,Shaw,Male,david16@example.org,South Cory,Maryland,Peru,2024-09-02
C009516,Maria,Russell,,daniel03@example.com,North Williefurt,Oregon,Lebanon,2023-02-04
C009517,Ryan,Watson,,james03@example.net,Tinaborough,Texas,Guam,2022-11-26
C009518,Annette,Nelson,Male,justindavis@example.net,North Maureenland,Washington,New Caledonia,2026-01-24
C009519,Isaiah,Johnson,,ngarcia@example.org,Lake Jamie,Ohio,Israel,2024-11-09
C009520,Stephanie,Lin,Female,erinshannon@example.net,North Robertmouth,West Virginia,United States Virgin Islands,2023-01-29
C009521,Kristen,Lindsey,Female,sonia06@example.org,Turnerville,North Carolina,Malawi,2024-06-26
C009522,Julie,Hill,Male,edwardsshawn@example.net,East Angela,Florida,Sao Tome and Principe,2021-12-23
C009523,Gregory,Jones,,nhowe@example.net,Tamaramouth,South Carolina,Ecuador,2025-03-29
C009524,Lindsey,Rocha,,wbanks@example.com,North Michael,Missouri,Sierra Leone,2022-04-09
C009525,Charles,Vaughn,Female,kochtimothy@example.com,South Tiffanyfort,Hawaii,Ireland,2025-03-07
C009526,John,Barrera,Female,amy72@example.org,West Alexandrafurt,Ohio,Congo,2021-10-23
C009527,David,Zimmerman,Male,bullockmaurice@example.com,North Michaelmouth,Wisconsin,Croatia,2024-02-12
C009528,Lawrence,Rodriguez,Female,kevinbennett@example.com,Contrerasfurt,Utah,Ecuador,2025-10-01
C009529,Joshua,Martinez,Male,danieljones@example.net,Haynesburgh,Alabama,American Samoa,2026-03-18
C009530,Lori,Mason,,ralphmartinez@example.net,Davidmouth,Virginia,Gambia,2022-08-22
C009531,Diane,Hurley,Female,pottercharles@example.com,West Nathanland,South Carolina,Cook Islands,2022-04-11
C009532,Stephen,Shaw,,charles61@example.org,Lake Martinchester,Pennsylvania,United Arab Emirates,2025-04-29
C009533,Daniel,Garrett,Female,craig19@example.com,Banksview,South Carolina,Iran,2023-12-17
C009534,Misty,Miller,Female,cjones@example.net,West Luisfurt,North Carolina,Somalia,2022-01-07
C009535,Scott,Evans,,deannagibson@example.net,West Derekborough,Tennessee,Canada,2023-09-12
C009536,Jennifer,Reynolds,,iansnow@example.com,North Brookeview,Connecticut,Lesotho,2023-08-01
C009537,Michael,Dawson,Female,ericdavis@example.org,New Brandonview,Michigan,Turks and Caicos Islands,2024-07-27
C009538,Tracy,Cox,Male,christinasanders@example.com,West Traceyfurt,Illinois,New Caledonia,2023-10-10
C009539,William,Parker,Female,kmitchell@example.com,East Hollyville,Texas,Kuwait,2022-08-31
C009540,Natalie,Barnett,Female,ucastro@example.com,West Virginia,Montana,Ecuador,2025-12-17
C009541,Alexander,Wagner,Female,smithkatie@example.com,Patricialand,Oklahoma,Argentina,2024-08-29
C009542,Cynthia,Brown,,angie95@example.net,Cranestad,Minnesota,Spain,2022-07-05
C009543,Shawn,White,,shawn00@example.net,New Megan,Nebraska,Yemen,2022-08-22
C009544,Alexander,Smith,Female,robertcontreras@example.com,Stevenchester,North Carolina,Chile,2021-12-13
C009545,Nicole,Burns,,uhenderson@example.net,North Danny,New Mexico,Armenia,2021-11-07
C009546,Felicia,Farmer,,josephhardy@example.com,Stewartbury,Wyoming,Vietnam,2022-05-11
C009547,Amber,Johnson,Male,ryan33@example.org,Lake Patrick,New Mexico,Jordan,2021-12-15
C009548,Joshua,Johnson,Male,amber15@example.net,Port Jeffreyberg,Illinois,Gabon,2021-12-15
C009549,Roger,Graham,,lnelson@example.com,Bethanyton,Massachusetts,Indonesia,2025-07-11
C009550,Kelly,Reynolds,,brian71@example.net,Jeffreyfort,Kentucky,Malaysia,2025-04-28
C009551,Gregory,Welch,,joshua53@example.net,North Omarport,Nebraska,Hong Kong,2023-08-06
C009552,Elizabeth,Turner,Male,laura71@example.net,Sullivanberg,South Dakota,Japan,2023-04-15
C009553,William,Villanueva,,henrygabriel@example.com,Lake Antonio,Illinois,Hungary,2023-09-16
C009554,Brittany,Frazier,Female,melanieli@example.com,Harperhaven,Ohio,China,2025-07-20
C009555,Jordan,Fitzgerald,Male,fowlernicole@example.com,North Thomas,Texas,Saint Martin,2025-06-17
C009556,Gerald,Allen,,kgreen@example.org,West James,Iowa,San Marino,2025-03-25
C009557,Erik,Shelton,,alexandriaferguson@example.com,Jeanetteside,New Mexico,Iraq,2026-06-03
C009558,Margaret,Taylor,Female,baxterwilliam@example.org,Port Hannah,Louisiana,Uganda,2022-04-28
C009559,Erica,Booker,Female,jack96@example.com,Jillhaven,Vermont,Botswana,2022-08-02
C009560,Joseph,Fitzpatrick,,kendramyers@example.com,Jonesfort,Indiana,Argentina,2024-10-03
C009561,George,Perez,,murrayamanda@example.com,Port Michelleside,Idaho,Indonesia,2021-08-29
C009562,Debra,Cooper,,jenningsleah@example.org,East Brandonhaven,Ohio,Tokelau,2026-01-11
C009563,Carly,Ortiz,Female,caroline76@example.com,North Patrickburgh,Alaska,Ecuador,2025-11-22
C009564,Justin,Franco,,johnsonrachel@example.net,Woodsbury,Utah,Guinea-Bissau,2023-08-07
C009565,Joseph,Scott,,dawn78@example.net,Warrenhaven,Nebraska,Azerbaijan,2022-09-28
C009566,Jade,Fuller,,grahamkerri@example.net,Deniseview,Montana,Indonesia,2026-01-06
C009567,Lauren,Reynolds,Male,sarah47@example.com,Tiffanystad,Nebraska,Israel,2025-03-15
C009568,Kaylee,Tanner,,lawrencetheresa@example.net,Stewartborough,New Jersey,Norway,2022-10-19
C009569,Brenda,Gomez,Male,wolfemelissa@example.com,Barrettside,Delaware,Anguilla,2023-12-22
C009570,Kimberly,Estrada,Female,umata@example.net,Johnsland,Alaska,Argentina,2023-04-12
C009571,Shawn,Graham,Female,amy44@example.org,Port Joshuabury,Kansas,Latvia,2023-10-03
C009572,Roger,Cunningham,Male,pattersonkristy@example.org,West James,New Mexico,Ireland,2022-05-17
C009573,Felicia,George,Male,samanthalam@example.org,West Stacyberg,Kansas,Mali,2026-04-30
C009574,Willie,Roberts,Male,xhayes@example.org,West Laura,Maine,Falkland Islands (Malvinas),2021-11-06
C009575,Cody,Martinez,,brandon96@example.net,West Seantown,Tennessee,France,2025-08-07
C009576,Donna,White,,nicholas78@example.net,West Tiffanybury,Indiana,Lebanon,2025-12-21
C009577,Jennifer,Orozco,Female,rodriguezjames@example.com,Matthewshire,Texas,Grenada,2022-11-29
C009578,Matthew,Hudson,Female,eddie59@example.net,Robertsshire,Vermont,Pitcairn Islands,2022-03-25
C009579,Joseph,Peters,Female,heatheranderson@example.net,South Joseph,Montana,Togo,2023-08-14
C009580,Andrea,Coffey,Female,sstewart@example.org,Lake Jack,Oregon,Georgia,2022-02-16
C009581,Jordan,Pham,Male,xbailey@example.net,Jennamouth,Rhode Island,India,2025-12-26
C009582,Daniel,Martinez,,sloansarah@example.com,North Lesliehaven,Mississippi,Seychelles,2022-07-04
C009583,Blake,Daniels,Male,econner@example.com,Hillville,Pennsylvania,Suriname,2022-06-12
C009584,Patrick,Gomez,Female,bryan18@example.org,East Janet,Hawaii,Burundi,2025-01-31
C009585,Bryan,Peterson,Female,brian27@example.org,Hammondchester,Tennessee,Switzerland,2021-08-18
C009586,Jason,Chavez,Female,sharonshaw@example.com,Millsfurt,Idaho,Seychelles,2024-05-22
C009587,Deborah,Mullins,,williamsmith@example.com,Josephberg,Kansas,Bulgaria,2025-03-16
C009588,Thomas,Morse,Male,esmith@example.net,Nelsonville,Iowa,Palestinian Territory,2026-05-20
C009589,Sara,Parsons,Female,ehogan@example.net,Michaelborough,Washington,Saint Vincent and the Grenadines,2025-12-05
C009590,Rebecca,Gonzales,,hhickman@example.com,Waltershire,Wisconsin,Colombia,2025-10-07
C009591,Michael,Keith,,ryanstevenson@example.com,Port Williamview,Delaware,Finland,2026-01-27
C009592,Michael,Fischer,Male,jeremiahrose@example.org,North Haley,Kentucky,Afghanistan,2025-04-10
C009593,David,Jones,Female,tammy79@example.com,Amyhaven,New Jersey,Botswana,2024-08-31
C009594,Curtis,Lara,Male,nixonanthony@example.net,Port Josephtown,Nevada,Belize,2023-07-28
C009595,Lindsay,Marquez,Male,riveratyler@example.net,New Robertchester,Connecticut,Faroe Islands,2026-03-24
C009596,Catherine,Lyons,Male,dustinhernandez@example.com,Diazview,Washington,Bosnia and Herzegovina,2025-08-27
C009597,Belinda,Allen,Male,alexandria22@example.com,Monicaville,Montana,El Salvador,2025-11-10
C009598,Casey,Cunningham,Male,christopherklein@example.org,Victorland,Missouri,Uzbekistan,2022-09-14
C009599,Charles,Walker,Male,williamskaren@example.org,Smithmouth,Wisconsin,Bosnia and Herzegovina,2026-06-20
C009600,Nathan,Washington,Female,jesse64@example.net,Port Carlos,Indiana,Philippines,2024-01-01
C009601,Carl,Luna,Female,paul99@example.com,West Sarahton,Oklahoma,Venezuela,2025-06-12
C009602,Arthur,Russell,Female,zlawson@example.org,Schmidtmouth,Maryland,Indonesia,2024-12-01
C009603,Larry,Sanchez,,robinsonrobert@example.net,Schneiderborough,Arkansas,Armenia,2026-02-06
C009604,Christie,Rogers,Female,nicholas06@example.net,North Matthewhaven,Hawaii,Korea,2026-04-13
C009605,Eric,Smith,Female,djennings@example.net,Frenchport,Ohio,Tonga,2024-05-22
C009606,Margaret,Schwartz,,hinesdiane@example.net,Kanechester,New Mexico,Guinea-Bissau,2022-06-21
C009607,Benjamin,Stewart,Male,michellerasmussen@example.org,Geraldshire,Wyoming,Isle of Man,2024-05-31
C009608,Allison,Cooper,Male,ambertrujillo@example.com,East Angelabury,South Carolina,Bouvet Island (Bouvetoya),2022-12-31
C009609,Michael,Nicholson,Male,ryan12@example.net,Christineview,Arkansas,British Virgin Islands,2025-05-14
C009610,Cathy,Rhodes,Female,burchjason@example.net,Port Brianna,Florida,Cote d'Ivoire,2023-08-20
C009611,David,Dunn,Male,shawn77@example.net,Cliffordport,Colorado,Liberia,2026-02-25
C009612,Tiffany,Byrd,Male,jeffery39@example.net,North Deborah,Arizona,Gabon,2025-02-07
C009613,Phyllis,Andrews,Female,juancox@example.net,Scottburgh,Kansas,South Africa,2024-10-01
C009614,David,Spencer,Female,jacksoncraig@example.com,Cookton,Florida,Cameroon,2021-08-22
C009615,Caitlin,Quinn,,jonathanlong@example.com,Whitechester,Indiana,Suriname,2022-05-07
C009616,John,Rangel,,nicholas28@example.com,New Wendy,Indiana,Brazil,2022-01-26
C009617,Glen,Williams,Male,bobbybean@example.net,Amytown,Utah,Paraguay,2023-10-14
C009618,Brooke,Daniels,,patrickbrewer@example.net,Port Mariachester,Delaware,Jamaica,2022-01-25
C009619,Marcus,Hughes,Male,tyler27@example.net,Elizabethside,Vermont,Belgium,2025-12-28
C009620,Catherine,Johnson,,murphykelly@example.com,Lake Stephanieborough,California,Australia,2024-05-05
C009621,Scott,Griffin,Female,hughesnorma@example.net,Murphyfurt,Indiana,French Southern Territories,2025-12-21
C009622,Andre,Noble,Male,justinberger@example.com,Kyleside,Pennsylvania,Pakistan,2025-05-12
C009623,Dana,Perez,Male,dblack@example.net,Jasonshire,Minnesota,Jersey,2025-07-23
C009624,Jack,West,Male,estradajeanette@example.com,Longshire,Mississippi,Cote d'Ivoire,2024-11-22
C009625,Jessica,Garcia,Female,lewiskaren@example.com,Jessicafurt,Maryland,Netherlands,2024-06-03
C009626,Barbara,Austin,,robert87@example.com,West Jesseberg,North Carolina,Saint Martin,2023-09-24
C009627,Robert,Brown,Female,jacquelinemolina@example.net,North Kristishire,Wisconsin,Germany,2024-01-10
C009628,Dylan,Lee,Male,james36@example.net,Lake Dianebury,Montana,Niue,2025-11-10
C009629,Pamela,Barr,Female,sierra04@example.org,Lake Dennisborough,Oklahoma,Guinea-Bissau,2026-03-19
C009630,Luis,Torres,Female,piercekristin@example.com,Gainesshire,Florida,Peru,2026-04-07
C009631,David,Gibbs,,velazquezkimberly@example.net,Lake Janiceton,West Virginia,Croatia,2023-11-23
C009632,John,Johnson,,rjones@example.org,West Denise,Wisconsin,Mauritania,2022-08-14
C009633,Emily,Ramirez,Male,candice23@example.com,Tonyahaven,Florida,Chad,2021-10-04
C009634,Jacob,Allen,Female,andrea02@example.com,New Benjamin,Texas,Cuba,2021-08-23
C009635,Katherine,Leblanc,,qstout@example.com,New Ashleyburgh,Florida,French Guiana,2025-03-14
C009636,Kimberly,Castro,Male,tommyjohnson@example.net,Ramirezberg,Texas,Wallis and Futuna,2026-01-28
C009637,Anthony,Hill,Male,joseph37@example.org,Port Samanthabury,Wyoming,Luxembourg,2024-05-31
C009638,Denise,Fuller,Male,qgreer@example.org,North Thomas,Indiana,Senegal,2023-05-17
C009639,Megan,Shields,,margaret81@example.org,Perrymouth,New Jersey,Niger,2026-03-25
C009640,Todd,Schmidt,,grayshelby@example.net,Christinamouth,Connecticut,Bulgaria,2025-02-22
C009641,Robert,Cochran,,jerrynelson@example.com,Lake Richardport,Massachusetts,Lebanon,2023-04-09
C009642,Shawn,Boyer,Male,deborah77@example.org,Port Nicholasshire,Indiana,Guatemala,2022-01-24
C009643,Jonathan,Garcia,,pmata@example.org,Port Donald,Utah,Nepal,2024-05-19
C009644,David,Jackson,,kendratate@example.org,Matthewmouth,Mississippi,Barbados,2025-05-16
C009645,Melissa,Carter,,wesleypena@example.org,Kathrynside,Louisiana,Cote d'Ivoire,2023-05-12
C009646,Elizabeth,Crawford,,kimberlyhaas@example.org,Reedview,Arizona,South Georgia and the South Sandwich Islands,2024-12-03
C009647,Nancy,Atkins,Female,zacharywilliamson@example.com,Lake Mackenzie,South Dakota,Equatorial Guinea,2025-10-25
C009648,Kimberly,Bailey,Female,uhayes@example.org,Harrisbury,Arkansas,Cambodia,2022-09-05
C009649,Matthew,Kemp,Male,trevorlee@example.com,Huangton,Idaho,Nepal,2024-02-07
C009650,Christopher,Barton,Male,mcgeerobert@example.org,East Tracy,Pennsylvania,New Zealand,2022-04-14
C009651,Daniel,Smith,,kathleen43@example.org,Jonathanmouth,Missouri,Paraguay,2026-01-22
C009652,Dennis,Cummings,Male,jamesnielsen@example.com,New Calebbury,Delaware,Solomon Islands,2026-07-14
C009653,Tonya,Rose,Female,yolanda02@example.com,Wendyburgh,Oregon,Togo,2024-10-29
C009654,Taylor,Carter,Female,brooksmonica@example.net,South Larry,Delaware,Bahamas,2022-09-20
C009655,David,Lucas,,stanleylonnie@example.net,Port Donald,South Dakota,Bahrain,2023-06-05
C009656,Maurice,Mccarthy,,wpope@example.net,Justintown,Iowa,Iraq,2022-06-30
C009657,Benjamin,Lynch,Female,jeromelopez@example.com,Lake Joshuabury,Connecticut,Antigua and Barbuda,2021-10-03
C009658,Derek,Buckley,,michael25@example.net,East Bethanyfort,Virginia,Zambia,2022-08-25
C009659,Joshua,Peterson,,carolyn31@example.net,Valerieland,Missouri,Saint Helena,2025-05-31
C009660,Shelly,Vang,Male,rjuarez@example.net,West Jorge,Iowa,Czech Republic,2024-05-12
C009661,Zachary,Rivera,Female,amy62@example.com,West Amyberg,Utah,Netherlands,2024-12-29
C009662,Danny,Cabrera,Male,andrew17@example.com,Lake Laurabury,Arkansas,Guernsey,2026-05-03
C009663,John,Bell,Male,alexis45@example.org,West Angela,South Dakota,French Southern Territories,2022-12-23
C009664,Jonathon,Thompson,Male,justinsmith@example.net,Aaronland,South Dakota,Cuba,2025-05-15
C009665,Kyle,Lynch,Male,imoore@example.com,Michellefurt,Oklahoma,San Marino,2024-01-08
C009666,Jessica,Hays,Male,sandovalgrace@example.com,Sylviaport,New Hampshire,Macao,2024-06-21
C009667,Courtney,Silva,Female,michellelynch@example.net,Marissabury,North Dakota,Lebanon,2025-12-15
C009668,Lisa,Gay,Female,tylersmith@example.net,Olsonburgh,New York,United States Virgin Islands,2024-06-29
C009669,Alexander,Hoffman,Female,smithdaniel@example.com,Andersonfurt,Tennessee,Dominican Republic,2025-03-05
C009670,Robin,Oliver,Female,williamsemma@example.net,New Kyleshire,Wyoming,Comoros,2025-05-26
C009671,Jessica,Gutierrez,,daniel49@example.net,South James,Rhode Island,Bulgaria,2024-09-18
C009672,Erica,Green,Male,qmarsh@example.net,Lake Brittany,Louisiana,Finland,2025-11-29
C009673,Jennifer,Morrison,Female,cgaines@example.com,Port Alejandroton,Minnesota,Syrian Arab Republic,2023-09-08
C009674,Kenneth,Hall,,christopher99@example.net,Ortizport,Mississippi,Haiti,2024-10-12
C009675,Jennifer,Barnes,Female,frodriguez@example.com,North Timton,Colorado,Malawi,2022-01-22
C009676,Isaac,Adams,,emily65@example.net,East Jamesside,New Mexico,Belize,2024-07-09
C009677,Jacob,Sanders,Male,wross@example.net,Monicaberg,Kansas,Bouvet Island (Bouvetoya),2026-05-20
C009678,Matthew,Rodriguez,Female,jefferyburch@example.com,Walkermouth,Arkansas,Uruguay,2024-12-06
C009679,Joseph,Green,,znelson@example.net,Port Belindatown,North Dakota,Barbados,2025-12-14
C009680,Susan,Reyes,Female,joel92@example.org,New Isaiahborough,Iowa,Bahamas,2024-08-26
C009681,Sharon,Lynch,Female,hughessherry@example.com,Masonton,Illinois,South Africa,2024-08-07
C009682,Thomas,Browning,,hblankenship@example.org,New Donna,Vermont,Niue,2024-06-12
C009683,Elizabeth,Wade,Male,ortizrobert@example.com,Kathrynland,New Hampshire,Fiji,2025-01-11
C009684,Michael,Roberts,Female,logancarmen@example.com,Walterchester,Hawaii,Guinea,2024-02-16
C009685,Robert,Gray,Male,kingbeverly@example.net,Sharpside,South Dakota,United States Virgin Islands,2025-08-12
C009686,Brian,Lindsey,Female,ochoajason@example.org,Browningshire,Arizona,Macao,2023-04-13
C009687,Holly,Ellis,Female,rachael48@example.org,New Jasonberg,Washington,Northern Mariana Islands,2022-12-02
C009688,Andrea,Mclean,,yfisher@example.org,East Frankshire,North Dakota,Micronesia,2022-08-16
C009689,Jeffery,Everett,Female,russelljulie@example.org,South Stacyland,Colorado,Saint Pierre and Miquelon,2025-12-06
C009690,Scott,Morgan,Female,shieldslisa@example.net,New Nicholeborough,Louisiana,Christmas Island,2024-11-20
C009691,Ashley,Carey,Male,russelllisa@example.com,East Christopherville,Colorado,Liechtenstein,2025-07-07
C009692,Carolyn,Walker,,johnsondaniel@example.net,North Garyfurt,New Mexico,Nepal,2024-05-28
C009693,Leroy,Ford,,barnettseth@example.net,North Sandra,Pennsylvania,Lebanon,2026-04-30
C009694,Charles,Mills,Male,maddenjoanna@example.org,South Lindaport,Hawaii,Netherlands,2021-10-07
C009695,Jenny,Price,,kingmarcus@example.org,Brendaberg,Minnesota,Ethiopia,2024-11-18
C009696,Rebecca,Johnson,,ehawkins@example.com,Victoriatown,Connecticut,El Salvador,2021-10-30
C009697,Angel,Vargas,Male,taylortiffany@example.org,South Martin,Michigan,Azerbaijan,2023-06-02
C009698,Bradley,Castro,,cookelizabeth@example.com,West Christinaborough,Kentucky,Liechtenstein,2026-02-06
C009699,Ariana,Meyers,,rbryant@example.com,South Timothy,Georgia,Burkina Faso,2024-01-13
C009700,Justin,Ayala,Male,pearsontaylor@example.com,North Tanya,Rhode Island,Dominica,2021-11-20
C009701,Rachel,Lee,Female,kingdennis@example.org,North Thomas,Indiana,Martinique,2024-09-27
C009702,Raymond,Phillips,,courtneybraun@example.com,Kristenmouth,Iowa,Palau,2025-03-01
C009703,Katelyn,Lee,Female,gcrawford@example.net,New Jamesborough,Washington,Cape Verde,2024-03-30
C009704,Natalie,Walker,Female,wanda38@example.org,Torresstad,Texas,Bahrain,2022-01-06
C009705,Courtney,Zhang,,hebertjoanna@example.net,Bernardfort,New Jersey,Swaziland,2025-10-08
C009706,Trevor,Marshall,,paul06@example.org,North Adamton,South Carolina,Nauru,2026-06-10
C009707,Amy,Wood,Female,zimmermanmark@example.net,East Janet,New Mexico,Hungary,2024-10-21
C009708,Denise,Clark,,shannon88@example.org,West Steveview,Mississippi,Lesotho,2021-12-03
C009709,Crystal,Snyder,Male,allisonwallace@example.org,North Margaretton,California,Guatemala,2026-06-20
C009710,Ryan,Page,,tuckercaroline@example.net,Gregorystad,Massachusetts,Cote d'Ivoire,2025-08-21
C009711,Hannah,Miller,Male,zstrickland@example.com,Knapphaven,Arizona,Georgia,2021-08-08
C009712,Thomas,Gilmore,Female,alexandra74@example.net,New Raymondview,Michigan,Congo,2023-12-04
C009713,Tony,Morrison,Female,derrick66@example.org,New Catherinestad,Ohio,Somalia,2022-09-01
C009714,John,Richardson,Male,briannadavis@example.net,South Nicole,New Mexico,Guinea,2024-09-06
C009715,Barbara,Woodward,Female,umora@example.org,Shannonshire,Illinois,French Guiana,2023-02-02
C009716,Jaclyn,Clark,Female,tsolis@example.net,Evanberg,Kansas,Hungary,2021-11-23
C009717,Emily,Nicholson,Female,ohorn@example.org,Christianview,Maine,Jordan,2025-06-30
C009718,Ryan,Parker,Male,tiffanybryant@example.net,Woodberg,Delaware,Martinique,2023-04-28
C009719,Autumn,Campos,Male,connermason@example.com,Lake Franciscobury,New York,Sudan,2023-07-24
C009720,Christian,Jacobs,Female,martinchristopher@example.net,Port Ericahaven,Kansas,Papua New Guinea,2024-09-29
C009721,Brian,Barnes,Male,owarner@example.com,Whiteton,Nebraska,Zambia,2022-05-26
C009722,Christian,Hansen,Male,pricelisa@example.org,North Calvin,Virginia,Ghana,2024-09-13
C009723,Marissa,Lowe,Female,paula49@example.net,East Hannah,Oregon,Philippines,2022-03-22
C009724,Joseph,Richardson,,savannah15@example.org,Lake Stephenfort,Alabama,Paraguay,2023-05-09
C009725,Vicki,Douglas,Female,palmermichael@example.com,Charlesstad,Alaska,France,2025-07-15
C009726,Michael,Medina,,tflores@example.org,North Donald,Idaho,Palestinian Territory,2024-06-06
C009727,Erika,Lindsey,Female,katrina16@example.org,Wardmouth,New Mexico,Barbados,2022-05-04
C009728,Megan,Greene,Male,castanedajessica@example.net,North Jacobhaven,Minnesota,Somalia,2023-04-02
C009729,Wayne,Colon,Female,jeremymorgan@example.org,Brownville,Oregon,Vanuatu,2021-08-03
C009730,Nicole,Taylor,Male,vdavis@example.com,Bowerschester,Missouri,Fiji,2025-09-30
C009731,Stephanie,Clark,Female,monicajohnson@example.net,Boydville,Pennsylvania,Samoa,2025-05-05
C009732,Jordan,Green,Female,william08@example.net,Hallfurt,California,Cocos (Keeling) Islands,2026-04-19
C009733,Robert,Garcia,,ksalinas@example.net,East Nathaniel,Kentucky,Sweden,2025-02-19
C009734,Jeffrey,Kennedy,Female,vpatterson@example.net,Thomasberg,Nevada,Canada,2023-08-11
C009735,Nicholas,Jones,Female,hawkinsedward@example.com,Lake Julialand,Pennsylvania,Seychelles,2024-09-26
C009736,Jennifer,Martin,,alyssacuevas@example.org,Brandonfort,Nebraska,Djibouti,2024-08-01
C009737,Linda,Schneider,Female,johnsonlisa@example.net,New Krystal,New York,New Caledonia,2026-03-20
C009738,Joshua,Martinez,Male,bgamble@example.net,Port Deborah,Wyoming,Portugal,2023-03-26
C009739,Chad,Mckay,Male,woodssharon@example.org,South Barbaraview,Texas,Israel,2025-10-20
C009740,George,Doyle,,qford@example.net,Port Ashleyland,Virginia,Macao,2025-03-14
C009741,Sarah,Mejia,Female,vanessa90@example.com,Pricemouth,Indiana,Dominica,2025-07-04
C009742,Jeffrey,Sanchez,,davisdenise@example.net,Wardburgh,Maryland,Timor-Leste,2025-04-28
C009743,Julie,Marshall,Male,gmoreno@example.com,Lake Corychester,Idaho,Palau,2023-08-27
C009744,Erica,Hill,Female,edwardsjasmine@example.org,East Gregoryland,New York,Guinea-Bissau,2025-05-05
C009745,Christina,Hill,Female,christophermooney@example.org,Oliviafort,Kentucky,Solomon Islands,2026-07-11
C009746,Tara,Murphy,,olivernicholas@example.net,New Andreaberg,Massachusetts,Sierra Leone,2026-07-02
C009747,Joshua,Johnson,,zellis@example.com,Port Markport,South Carolina,Iran,2021-09-22
C009748,Daniel,Edwards,,tylerdrake@example.com,Bakerbury,Iowa,United Arab Emirates,2022-07-14
C009749,Gwendolyn,Stewart,,autumn88@example.com,Reedstad,West Virginia,Somalia,2022-11-09
C009750,John,Shelton,Female,scardenas@example.net,Jeremymouth,Georgia,Niger,2022-04-23
C009751,Brian,Flores,Female,nealtara@example.org,Gregoryberg,New York,Uzbekistan,2026-01-21
C009752,Jason,Thompson,,thomasmegan@example.com,South Savannahchester,Minnesota,Saint Martin,2023-04-15
C009753,Amy,Johnson,Male,jackie72@example.net,North Alexisburgh,Indiana,Serbia,2025-08-13
C009754,Justin,Mitchell,Male,jameslewis@example.com,Crystalstad,Minnesota,Botswana,2026-01-14
C009755,Judy,Baldwin,,johnkline@example.org,Harperhaven,Louisiana,Hong Kong,2021-08-17
C009756,Jacqueline,Colon,,cadkins@example.com,Tiffanyfort,Nevada,Mozambique,2023-02-02
C009757,Meagan,Edwards,Male,qvillarreal@example.com,Danielland,South Dakota,Libyan Arab Jamahiriya,2021-12-12
C009758,Amy,Miller,,mjones@example.com,Margaretstad,Texas,Fiji,2024-03-23
C009759,Rachel,Taylor,Female,justin22@example.org,Lake Tammyhaven,New York,Korea,2024-11-30
C009760,Kelly,Ortega,,brandilarson@example.org,Shannonland,Michigan,Solomon Islands,2021-09-17
C009761,Joseph,Rodriguez,Male,charles00@example.net,Barberborough,Massachusetts,Christmas Island,2021-08-21
C009762,Austin,Lee,Male,johnkeller@example.net,Gateston,Arizona,Liechtenstein,2025-09-09
C009763,Karen,Miller,Female,susanwilliamson@example.net,Lisaton,Louisiana,Holy See (Vatican City State),2022-04-06
C009764,Andre,Reed,Male,dgarcia@example.net,Sarahland,Ohio,Guinea,2025-06-08
C009765,Christine,Gomez,,hparker@example.com,Wrightbury,New York,Thailand,2026-06-06
C009766,Anthony,Huerta,Female,qroman@example.net,North Larryhaven,Texas,Malta,2022-08-02
C009767,George,Rojas,Female,steve72@example.org,East Kyle,West Virginia,China,2024-03-01
C009768,Christina,Brown,,toddhanson@example.com,East Mary,Virginia,Israel,2026-02-03
C009769,Mary,Buchanan,Male,loricastro@example.com,Doughertytown,Oregon,Gabon,2023-06-05
C009770,Kelsey,Carson,Male,lisaroth@example.net,Troyside,Maine,Chad,2024-03-28
C009771,Jennifer,Arnold,Male,andrewjones@example.com,Johnport,New Jersey,Albania,2023-02-21
C009772,Kevin,King,Male,wendysilva@example.com,Ballardbury,Georgia,Bahrain,2021-11-21
C009773,Kiara,Shepard,,hartmanelizabeth@example.net,Lake Carrie,Indiana,Montenegro,2024-04-21
C009774,Jordan,Miranda,,tblack@example.com,Johnport,North Dakota,Cuba,2025-06-03
C009775,Kimberly,Wagner,,lisa99@example.net,Davisport,Washington,Zambia,2021-07-26
C009776,Zachary,Figueroa,Male,brianmurray@example.org,North Fernandohaven,Rhode Island,El Salvador,2025-07-25
C009777,Adrian,James,,nicole50@example.com,Pattersonmouth,Kansas,Seychelles,2022-11-27
C009778,James,Evans,,hking@example.net,East Sarahberg,Minnesota,Sri Lanka,2024-07-22
C009779,Nicholas,Martin,Female,edavis@example.com,Shortberg,Kentucky,Montserrat,2025-04-29
C009780,Amanda,Barnes,Female,nwebb@example.net,New James,Washington,American Samoa,2022-08-20
C009781,Emily,Liu,Female,ynelson@example.net,Lake Coryport,Georgia,Fiji,2024-12-07
C009782,Johnathan,Sims,Female,brownkristen@example.com,Garciaville,North Dakota,France,2023-06-17
C009783,Maria,Alexander,,dburton@example.net,Connerhaven,Mississippi,Solomon Islands,2026-06-27
C009784,Eric,Martinez,Male,opearson@example.org,Danielleton,Utah,Nigeria,2022-02-15
C009785,Jose,Martin,Female,amandablack@example.net,South Michaelton,Rhode Island,French Guiana,2022-09-29
C009786,Anthony,Ochoa,Male,hillrichard@example.org,Timothybury,Wyoming,Gambia,2023-11-13
C009787,Diane,Morales,,uho@example.org,Port Christinafort,Oklahoma,Greece,2026-05-29
C009788,Audrey,Garcia,,zperkins@example.org,Santiagoshire,Illinois,Oman,2022-07-04
C009789,Daniel,Lee,Female,mortonjack@example.com,Romeroview,Nebraska,Saint Kitts and Nevis,2021-12-28
C009790,Lauren,Ayers,Female,ktaylor@example.net,Victoriamouth,Pennsylvania,Guadeloupe,2026-04-26
C009791,Pamela,White,Male,alexandrathompson@example.com,Richardmouth,Maine,Dominica,2021-08-03
C009792,Allen,Fleming,Male,xrose@example.net,Michaelville,Idaho,Turkey,2024-12-05
C009793,Jennifer,Harrison,Female,kellywalker@example.org,Morganshire,New Mexico,Germany,2023-04-18
C009794,Courtney,Miller,Female,leejeanne@example.net,West Michelleton,Indiana,Korea,2022-06-06
C009795,Brianna,Lyons,Male,vowens@example.com,Williamstad,South Dakota,Sudan,2025-10-27
C009796,Juan,Carlson,Female,debbiefox@example.net,New David,Missouri,Madagascar,2022-09-17
C009797,Emily,Whitaker,Female,oliviasmith@example.com,Klinestad,Maine,Venezuela,2024-10-16
C009798,Christopher,Wells,,brobinson@example.net,Port Taylor,Kansas,Tunisia,2025-04-26
C009799,Melissa,Lester,Male,sanchezkurt@example.com,Rossberg,Maine,Denmark,2022-04-10
C009800,Jessica,Dunlap,Male,jennifer95@example.net,Burnettfort,New Hampshire,Saint Martin,2024-10-08
C009801,Daniel,Serrano,Male,fcalderon@example.com,East Lauraville,Texas,United Kingdom,2023-06-09
C009802,Gary,Garcia,,wthomas@example.com,Fordville,Wisconsin,American Samoa,2023-06-18
C009803,Ann,Forbes,,ayalastacey@example.org,South Xaviertown,New Hampshire,Armenia,2024-10-11
C009804,Rebekah,Vaughn,,cruzjohnny@example.net,Rachelport,New York,El Salvador,2023-09-03
C009805,Kristina,Smith,,alyssagarrett@example.org,North Devonburgh,Texas,Honduras,2025-03-04
C009806,Christina,Thomas,Male,anthony39@example.net,North Kayla,Alabama,Cocos (Keeling) Islands,2024-03-11
C009807,Kelly,Jones,Male,juliewilliams@example.com,East Karenburgh,Louisiana,Venezuela,2022-09-18
C009808,Jerry,Sanders,Female,bturner@example.net,South Andrew,Wisconsin,Iran,2021-10-25
C009809,Jordan,Taylor,Male,paul12@example.org,Rhondaland,New Jersey,Jamaica,2026-04-29
C009810,Scott,Kirk,Female,jeffreywalton@example.com,Matthewton,Hawaii,Turkey,2022-08-13
C009811,Eric,Lee,,ymoore@example.net,North Dominique,Alabama,Bolivia,2024-08-04
C009812,Jonathan,Hawkins,Male,lwilcox@example.com,New Daniel,Mississippi,Swaziland,2022-05-05
C009813,Leah,Black,Male,mariehill@example.net,Olsonborough,North Carolina,Austria,2022-03-07
C009814,Richard,Davenport,Female,julie65@example.net,Dannyfurt,South Carolina,Burkina Faso,2026-05-27
C009815,Stephen,Melendez,,christopher91@example.org,New Scottville,Utah,Czech Republic,2023-10-08
C009816,Erika,Sanders,Female,udaniel@example.org,Davidport,Pennsylvania,Hong Kong,2026-02-12
C009817,Melissa,Hunt,,ikeller@example.com,Ashleemouth,Virginia,Slovenia,2024-01-27
C009818,Harold,Scott,Female,hernandezkyle@example.org,Jasminemouth,Delaware,Faroe Islands,2024-03-29
C009819,Nancy,Hobbs,Male,susan04@example.com,Katherinechester,Montana,Venezuela,2024-01-04
C009820,Laura,Wright,Male,debra97@example.com,East Caseyfort,Georgia,Lebanon,2022-01-12
C009821,Mckenzie,Rivers,Female,corey78@example.com,Port Dylanstad,North Dakota,United States Minor Outlying Islands,2021-08-22
C009822,Austin,Bryant,Male,boyersherry@example.com,Wallacefurt,North Carolina,Falkland Islands (Malvinas),2025-05-01
C009823,Michael,Leach,,garciabetty@example.net,Tatemouth,Hawaii,Bolivia,2021-10-16
C009824,Curtis,Patterson,Male,flemingryan@example.org,Linville,Georgia,Paraguay,2025-09-12
C009825,Vincent,Ball,Male,christina40@example.com,Jamesstad,Alabama,Iceland,2024-02-21
C009826,Kelly,Gutierrez,,washingtonjared@example.net,Sanchezchester,Florida,Vanuatu,2026-07-02
C009827,Kevin,Walls,,mariathomas@example.org,North Kaitlinview,Minnesota,Niue,2022-08-06
C009828,Mary,Rogers,Female,andersonkathleen@example.com,South Heather,Maryland,Yemen,2025-09-30
C009829,Denise,Ramirez,Female,taylorshannon@example.com,North Sarah,Alabama,Morocco,2024-11-30
C009830,Peter,Torres,,fhughes@example.org,West Katherinechester,Wisconsin,Tonga,2025-09-19
C009831,Lisa,Conner,Female,jacksontimothy@example.com,Christineville,Kentucky,Solomon Islands,2024-05-30
C009832,Stephen,Thompson,Male,michellesaunders@example.org,Morriston,Alaska,Saint Pierre and Miquelon,2024-07-25
C009833,Jonathan,Jefferson,Male,gibsonpamela@example.com,Tuckerview,Georgia,Iceland,2022-12-07
C009834,Laura,Valencia,,roberto06@example.com,Courtneyton,Hawaii,Suriname,2025-07-03
C009835,Craig,Dennis,Male,lwang@example.org,Campbellstad,Mississippi,Iceland,2022-05-05
C009836,Michael,Hogan,Male,eugenebell@example.net,South Jeffreyport,Kentucky,Bermuda,2026-03-13
C009837,Mary,Owens,Female,aprilperkins@example.com,Jaystad,Tennessee,Burkina Faso,2024-09-13
C009838,Rick,Barber,Female,johnsonwendy@example.com,Lake Richardberg,North Carolina,Slovakia (Slovak Republic),2024-04-23
C009839,Jennifer,Wallace,,batesmary@example.com,Ericaton,Nebraska,Christmas Island,2026-06-25
C009840,William,Valdez,Female,jasontaylor@example.net,Watsontown,Florida,Nauru,2024-09-13
C009841,Daniel,Long,Female,abaker@example.com,Murrayborough,Colorado,Guam,2026-04-29
C009842,Robert,Finley,Male,kylelin@example.org,New Christopherville,Massachusetts,Benin,2023-05-25
C009843,Kayla,Hudson,Female,itorres@example.net,North Summerton,Nebraska,Egypt,2024-06-17
C009844,Sara,Blair,Male,brandonjackson@example.net,Mendozachester,Wisconsin,Bahamas,2022-04-19
C009845,Jose,Webster,,coopermatthew@example.net,Michaelland,Colorado,Vietnam,2022-09-15
C009846,Lori,Gray,Male,fletcherjennifer@example.org,Ruizville,Indiana,Bangladesh,2022-09-15
C009847,Johnny,Harris,Female,ilewis@example.com,Yangbury,New Hampshire,Saint Vincent and the Grenadines,2022-04-09
C009848,Kaitlyn,Rivera,,lorifoster@example.com,Pamelaborough,Colorado,Zimbabwe,2023-03-10
C009849,Alexander,Johnson,,woodwardtravis@example.com,North Laura,Alaska,Tanzania,2023-11-21
C009850,Donald,Thompson,Male,david03@example.org,Danielleberg,Maine,Kyrgyz Republic,2025-08-08
C009851,Christopher,White,Female,jacqueline36@example.com,Gregoryfurt,Pennsylvania,Western Sahara,2025-09-07
C009852,Brandi,King,Male,shannonsamantha@example.org,Wrightmouth,Nevada,Niger,2024-04-29
C009853,Valerie,Bailey,Female,lsmith@example.com,Bakerton,Connecticut,Angola,2021-11-04
C009854,Hunter,Smith,Male,rogersnathan@example.org,Cookview,Kentucky,Cote d'Ivoire,2023-03-23
C009855,Melissa,Moore,Male,nhoward@example.com,Haydenberg,Florida,Paraguay,2022-09-04
C009856,Joshua,Powers,Female,mgreen@example.net,Wilsonchester,Utah,Barbados,2022-02-02
C009857,Julie,Evans,Female,jennasanchez@example.org,Kristenborough,Maine,Turkey,2022-08-20
C009858,Lisa,Best,Male,courtneykelley@example.org,Edwardborough,Arizona,Bermuda,2023-05-13
C009859,Mary,Carpenter,,duarteashley@example.org,Danachester,Rhode Island,Andorra,2022-09-01
C009860,Tara,Stevens,Female,jessicamoody@example.com,Gordonside,Maryland,Bolivia,2022-03-30
C009861,James,Rodriguez,Male,wilsonjason@example.net,Armstrongside,Alaska,Sweden,2023-07-14
C009862,Charles,Lynch,Female,davismichael@example.com,West Robert,Rhode Island,Mayotte,2025-04-23
C009863,Thomas,Woods,,joseph21@example.org,South Bretthaven,Pennsylvania,Guinea,2022-09-02
C009864,Ryan,Turner,,vwest@example.org,North Nathan,Arkansas,Comoros,2021-11-11
C009865,Lisa,Rodriguez,,adkinschase@example.net,West Jamie,Minnesota,Mauritania,2022-01-23
C009866,Chelsey,Copeland,Female,craigmolina@example.com,East Christopher,South Dakota,Kuwait,2025-04-23
C009867,David,Roberts,Male,joannaschwartz@example.org,East Melanieport,Maine,Tanzania,2025-05-31
C009868,Amy,Williams,Male,jenniferberger@example.com,Lake Tina,Washington,Chad,2025-01-04
C009869,Jim,Reynolds,Female,cameron79@example.org,Samanthaville,Colorado,Liechtenstein,2021-10-25
C009870,Laura,Francis,Male,alexapadilla@example.net,Walshland,New York,Eritrea,2026-07-23
C009871,Travis,Ray,Female,bakervictoria@example.com,West Megan,Wyoming,Bahamas,2024-11-24
C009872,Patricia,Hudson,,jennifer35@example.net,New Lisaton,West Virginia,Spain,2022-02-25
C009873,Omar,Jimenez,Female,walterswendy@example.net,Jordanmouth,Oregon,Northern Mariana Islands,2025-07-23
C009874,Nicole,Carter,,xhurley@example.net,Pattystad,Hawaii,Bulgaria,2024-12-21
C009875,Isaiah,Gonzales,Male,michaelibarra@example.com,Lake Gregory,Kansas,United States Virgin Islands,2025-07-18
C009876,Brandon,Lawrence,,zrice@example.org,New Kimberlymouth,Arizona,Tajikistan,2024-09-06
C009877,Lindsay,Lambert,Female,piercerichard@example.net,North Evan,North Dakota,French Polynesia,2021-12-11
C009878,Lisa,Colon,,katherinemartinez@example.net,Taylorburgh,New Mexico,India,2024-12-30
C009879,Shawn,Foster,Female,brandon88@example.org,Carpenterfurt,Iowa,Czech Republic,2023-12-09
C009880,Daniel,Hill,,millersheri@example.net,Robertobury,Alaska,Qatar,2021-07-31
C009881,Gregory,Sloan,,johnroberts@example.com,New Pamela,Texas,Indonesia,2022-09-12
C009882,Jason,Deleon,Female,mcdowelljoseph@example.org,Fischerchester,Maine,Guinea-Bissau,2026-04-21
C009883,Kimberly,Gonzales,Male,madams@example.com,Alexandermouth,Louisiana,Liechtenstein,2022-03-08
C009884,Jessica,Burnett,Male,davidbeck@example.com,Rachelville,Colorado,Niger,2024-05-10
C009885,Noah,Pacheco,,wagnermichelle@example.org,Wilkinsonport,Nebraska,Spain,2025-01-27
C009886,Heather,Rogers,Male,cathyleonard@example.net,Susanshire,Tennessee,Taiwan,2026-07-16
C009887,Travis,Landry,Male,wisematthew@example.com,Lake Shaneland,Nevada,Tunisia,2025-03-21
C009888,Jessica,Ingram,Female,derrickcollins@example.net,South Carmenfort,Arkansas,Norfolk Island,2021-09-03
C009889,Joseph,Jackson,Male,mark89@example.com,Drakemouth,Alaska,Rwanda,2023-07-30
C009890,James,Rhodes,Female,hcopeland@example.com,East Holly,Indiana,Turkey,2026-04-10
C009891,Christopher,Carpenter,Female,rossshawna@example.net,Ryanfort,Montana,Mongolia,2024-02-20
C009892,Carolyn,Thomas,,pricemorgan@example.net,Garyberg,Arizona,Central African Republic,2024-03-14
C009893,John,Robinson,,gonzalezkimberly@example.net,West Elizabeth,Washington,Uzbekistan,2022-05-11
C009894,Kyle,Flynn,,wmyers@example.net,Holmesborough,Delaware,Taiwan,2026-06-05
C009895,Stephanie,Church,,jessicagreen@example.net,Ellisontown,Louisiana,Maldives,2024-03-10
C009896,Jodi,Bryant,,michelle88@example.com,West Darryl,Colorado,Suriname,2021-10-14
C009897,Cynthia,Arias,Male,carol89@example.com,Tateshire,Georgia,Cape Verde,2025-09-18
C009898,Holly,Richards,Male,rodgersterri@example.com,Smithton,Minnesota,Saint Barthelemy,2022-12-05
C009899,Aaron,Alvarez,Female,lsimmons@example.com,Delgadoville,Hawaii,Mayotte,2023-09-24
C009900,George,Thompson,,porterdustin@example.org,Toddside,Pennsylvania,Mauritius,2022-06-23
C009901,Erin,Li,,dbutler@example.com,South Tabithaport,Arizona,Slovenia,2023-09-09
C009902,Allison,Simpson,Female,ingrampatrick@example.net,Tammymouth,Florida,Swaziland,2026-05-16
C009903,Lawrence,Jackson,Female,daniel41@example.net,South Samuelton,Massachusetts,Nauru,2021-11-24
C009904,John,Oconnor,Female,meyersmario@example.net,Port Alexander,Ohio,Isle of Man,2022-01-23
C009905,Cody,Fields,,francispaul@example.com,Port Patrick,Florida,Israel,2023-05-05
C009906,Christine,Rodriguez,Female,leewhite@example.org,East Bryan,Hawaii,Cape Verde,2022-07-20
C009907,Kenneth,Williams,Male,adamsrichard@example.net,Lake Kevinmouth,North Dakota,Guinea-Bissau,2022-08-28
C009908,Alexander,Stewart,,rharvey@example.org,Port Tabithabury,Florida,Vietnam,2024-05-11
C009909,Joseph,Campbell,Male,carpenterrhonda@example.com,New Mariaport,North Dakota,Zambia,2022-06-23
C009910,Andre,Stein,,robert45@example.org,Ernestberg,Tennessee,Heard Island and McDonald Islands,2025-11-26
C009911,Tyler,Robbins,Male,joyceparker@example.com,Lake Amy,Georgia,Ukraine,2022-12-07
C009912,Nicholas,Gardner,Female,charlesmoss@example.org,North Elizabethfurt,Oregon,Saint Pierre and Miquelon,2022-09-26
C009913,Joshua,Becker,Male,mharrison@example.net,Bridgettown,Michigan,Tunisia,2026-04-27
C009914,John,Lopez,,henryarmstrong@example.net,Mccormickchester,Utah,Lao People's Democratic Republic,2024-07-04
C009915,Justin,Whitaker,Female,ramirezstacey@example.com,North Bradley,Georgia,Cocos (Keeling) Islands,2024-08-18
C009916,Amanda,Mack,Female,vjohnson@example.net,New Christopherbury,North Dakota,Cocos (Keeling) Islands,2025-08-31
C009917,Jessica,Sims,Female,carla24@example.com,West Dana,Colorado,Mongolia,2024-02-29
C009918,Samantha,Howe,Male,evelez@example.net,Robertchester,Tennessee,Belarus,2022-06-20
C009919,Lori,Wilcox,Male,roberthernandez@example.org,South Amberchester,Maine,Thailand,2024-09-26
C009920,Kevin,Harrison,Female,jhernandez@example.net,Yushire,Vermont,Suriname,2023-03-17
C009921,Dylan,Mann,,ywalker@example.org,Carpenterbury,Alabama,Saint Pierre and Miquelon,2022-03-09
C009922,Kristina,Graham,,angela22@example.org,Jeromeberg,Illinois,Indonesia,2025-08-28
C009923,Lynn,Barnes,Female,brewerjessica@example.org,East Courtneybury,Massachusetts,Taiwan,2025-09-22
C009924,Tonya,Sheppard,Male,michaeltaylor@example.net,Moniqueton,Idaho,Turks and Caicos Islands,2023-11-07
C009925,Courtney,Bates,Female,fbutler@example.org,Pottsport,Idaho,Antigua and Barbuda,2023-07-01
C009926,Joyce,Taylor,Male,zacharydavis@example.com,North Jamie,Washington,Bermuda,2023-07-05
C009927,Melissa,Oliver,Female,tiffanymiller@example.org,South Ginaland,Indiana,Palau,2024-02-16
C009928,Alyssa,Norris,Male,jacobsmith@example.net,Wendyfort,South Carolina,Tokelau,2022-12-30
C009929,Brian,Alexander,Male,aaron68@example.com,South Jeffrey,Michigan,Peru,2024-12-27
C009930,Aaron,Mclaughlin,Female,perryjonathan@example.org,Burnsshire,South Dakota,Vanuatu,2026-01-09
C009931,Timothy,Solis,Female,brian53@example.org,Benjaminfurt,New Jersey,Nauru,2026-01-18
C009932,Carrie,Sandoval,,brittany36@example.net,West Veronica,Kansas,France,2025-10-19
C009933,Wanda,Garcia,Female,thompsonjean@example.net,North Rebecca,Pennsylvania,Cameroon,2023-03-03
C009934,Samuel,Preston,Female,gmann@example.com,Jonathanside,Utah,Japan,2021-10-17
C009935,Nancy,Williams,Female,bergerryan@example.net,Bridgetville,North Carolina,Nigeria,2024-05-25
C009936,Paul,Rice,Female,jasonjimenez@example.org,South Amberton,Arkansas,Jordan,2023-07-28
C009937,Lisa,Compton,,jeffreyprice@example.com,East Kelly,Ohio,Tokelau,2022-08-07
C009938,William,Hawkins,Female,stephaniebrown@example.net,North Coreyfurt,Alabama,Niger,2022-02-10
C009939,Kelly,Lozano,,alexanderharvey@example.com,Josephville,Washington,Korea,2023-02-28
C009940,Jacqueline,Williams,Female,msnyder@example.net,Sharonton,Washington,Palau,2021-10-22
C009941,Tammy,Murray,Female,julie90@example.org,Turnerville,South Dakota,Cayman Islands,2022-09-14
C009942,Patrick,James,Male,melissa92@example.com,Madisonhaven,Idaho,Aruba,2026-05-16
C009943,Robert,Sanchez,Female,fmiller@example.org,Royshire,Kentucky,Hungary,2023-04-20
C009944,Barbara,Garza,,molly36@example.net,Hawkinsberg,Arkansas,Indonesia,2021-12-25
C009945,Megan,Strong,Female,amills@example.net,South Scott,Arizona,Korea,2022-04-25
C009946,David,Wong,Male,kevinscott@example.com,Port Terrance,Arkansas,Latvia,2023-12-04
C009947,Luke,Coleman,,geraldhanson@example.org,Richardsonburgh,New Hampshire,Lebanon,2024-08-20
C009948,Katherine,Mcguire,,alicia70@example.com,Kimberlyland,West Virginia,Rwanda,2022-09-23
C009949,Brian,Pacheco,,jessicaburns@example.net,Daniellehaven,New Hampshire,India,2025-05-14
C009950,Stephen,Smith,Female,okhan@example.net,New Amyland,Oregon,Macao,2022-08-01
C009951,Christina,Gibbs,Male,novakmatthew@example.net,Gateshaven,Washington,Maldives,2024-09-02
C009952,William,Hansen,Male,erinlang@example.com,Sethfurt,South Dakota,Belgium,2022-02-09
C009953,George,Miller,Male,wadechristina@example.com,West Lynnbury,North Carolina,Saint Lucia,2025-05-02
C009954,Gary,Wilcox,Male,jeffrey46@example.org,Garzaton,Arkansas,Guadeloupe,2022-10-27
C009955,Laurie,Thompson,Male,pamelamercer@example.com,Carpentermouth,Texas,France,2024-09-23
C009956,Lisa,Henson,Male,randykim@example.net,Larsenland,New Hampshire,Syrian Arab Republic,2024-04-19
C009957,Jonathan,Gaines,Male,carolyn94@example.com,Lauriemouth,New Mexico,Burundi,2022-11-08
C009958,James,Nelson,Female,susan23@example.net,Port Haileyside,New York,Montenegro,2024-02-04
C009959,Eric,Caldwell,Female,ryancarroll@example.org,Dennishaven,South Carolina,Spain,2025-11-28
C009960,Charles,Phillips,Male,robinsonsandra@example.org,Cherylside,Georgia,Palestinian Territory,2024-08-06
C009961,Marilyn,Robertson,,timothywood@example.org,Lorifurt,Georgia,Argentina,2026-02-15
C009962,Susan,Jacobs,Female,anna34@example.com,Carterside,Mississippi,Benin,2025-03-22
C009963,Jacob,Perez,Female,steventhompson@example.com,East Stevenfort,Illinois,Australia,2023-03-04
C009964,Ronnie,Lee,Male,hendersonbrittany@example.net,West Alishaville,Illinois,Zimbabwe,2022-10-05
C009965,Theresa,Aguilar,Female,badams@example.org,West Jeffreyhaven,Vermont,Switzerland,2025-11-22
C009966,Cathy,Brown,Male,nealkathleen@example.org,South Jessica,Oregon,United States of America,2023-11-16
C009967,Grant,Morales,Female,dawn71@example.com,Edwardsville,Indiana,United Arab Emirates,2024-06-17
C009968,Jason,Snyder,Female,xanderson@example.com,Murphymouth,Iowa,Jamaica,2022-08-29
C009969,Darren,Hooper,,stevensmanuel@example.com,Lake Amandaburgh,Kentucky,Benin,2023-08-17
C009970,Carol,Davis,,jerry33@example.net,Sarahport,New Mexico,Georgia,2026-01-01
C009971,John,Le,Female,christopher74@example.org,New Patriciaburgh,Utah,Mali,2025-07-29
C009972,Lorraine,Ruiz,Female,ambercampbell@example.com,Gatesborough,Hawaii,Antarctica (the territory South of 60 deg S),2024-08-23
C009973,Katie,Smith,Female,salazaramy@example.net,Timothyside,South Dakota,Slovakia (Slovak Republic),2023-05-25
C009974,Anthony,Ramos,Male,brittney25@example.org,Mooreborough,New Jersey,Austria,2023-06-28
C009975,Michael,Smith,,sherry45@example.com,South James,Indiana,Congo,2024-09-19
C009976,Donald,Serrano,Male,christopher29@example.net,Currystad,Washington,Norfolk Island,2022-10-14
C009977,Larry,Ramirez,Male,jacqueline08@example.org,Lake Destinyfort,Nebraska,Brunei Darussalam,2025-02-15
C009978,Wendy,Webb,Female,wardcasey@example.org,Port Jacobfort,New York,Bahrain,2021-09-07
C009979,Brian,Logan,Male,greese@example.com,Meltonhaven,Connecticut,Panama,2024-12-02
C009980,Nichole,Salinas,Male,kbyrd@example.com,New Juliaberg,Alabama,Mauritania,2026-06-12
C009981,Mark,Brown,Female,cynthiaortiz@example.com,New David,Nevada,Turkmenistan,2026-07-07
C009982,Michael,Williams,Male,dbrady@example.net,Jimenezhaven,Massachusetts,French Southern Territories,2023-04-09
C009983,Alan,Molina,Male,bryantkatie@example.com,Rebeccaborough,Maine,Papua New Guinea,2024-08-16
C009984,Michelle,Cruz,,traceywallace@example.com,Joseville,Wisconsin,Malawi,2022-08-31
C009985,Rachel,Shah,,nicholasgarcia@example.org,Frazierview,North Dakota,Vanuatu,2026-05-11
C009986,Judith,Carter,Female,heatherdiaz@example.com,West Ryan,Minnesota,Mauritania,2022-05-05
C009987,Jason,Ward,,kristineshannon@example.net,Maybury,Kansas,Switzerland,2023-10-22
C009988,Jeremiah,Mills,,ffrench@example.org,West Mitchellland,Michigan,Costa Rica,2023-01-27
C009989,Joseph,Beasley,,wsmith@example.org,Lake Tyler,Illinois,American Samoa,2023-03-10
C009990,Ernest,Morris,Male,kevinvang@example.org,Anthonymouth,Nebraska,Palestinian Territory,2025-03-30
C009991,Kathryn,Pitts,,mpearson@example.org,Port Brent,New Jersey,American Samoa,2023-07-19
C009992,Sara,Williams,Male,smithandrea@example.com,North Ellentown,West Virginia,New Caledonia,2024-10-26
C009993,Angela,Harrison,,sierramccarty@example.com,North David,Tennessee,Bhutan,2025-11-26
C009994,Catherine,Figueroa,,peter58@example.org,Gutierrezview,New Hampshire,Andorra,2022-09-03
C009995,Jesse,Clarke,Male,cynthiagolden@example.net,West Andrew,Wyoming,Turks and Caicos Islands,2024-02-10
C009996,Julie,Krause,Female,john64@example.net,East Laurenport,Louisiana,American Samoa,2023-01-28
C009997,Kathleen,Gonzalez,Male,moranrichard@example.net,Mayerfort,Nevada,Egypt,2023-01-09
C009998,Miguel,Hoffman,Male,scott41@example.net,West Shane,North Dakota,Lithuania,2021-11-27
C009999,Patricia,Lynch,Female,woodantonio@example.net,Reyesberg,South Carolina,Norfolk Island,2022-11-07
C010000,John,Hendrix,,khernandez@example.org,South Erin,Kentucky,Nicaragua,2026-04-03
